municipio_id,provincia_id,cmun,dc,nombre,provincia_nombre
01051,01,051,3,Agurain/Salvatierra,Álava
01001,01,001,4,Alegría-Dulantzi,Álava
01002,01,002,9,Amurrio,Álava
01049,01,049,3,Añana,Álava
01003,01,003,5,Aramaio,Álava
01006,01,006,6,Armiñón,Álava
01037,01,037,6,Arraia-Maeztu,Álava
01008,01,008,8,Arratzua-Ubarrundia,Álava
01004,01,004,0,Artziniega,Álava
01009,01,009,1,Asparrena,Álava
01010,01,010,5,Ayala/Aiara,Álava
01011,01,011,2,Baños de Ebro/Mañueta,Álava
01013,01,013,3,Barrundia,Álava
01014,01,014,8,Berantevilla,Álava
01016,01,016,4,Bernedo,Álava
01017,01,017,0,Campezo/Kanpezu,Álava
01021,01,021,0,Elburgo/Burgelu,Álava
01022,01,022,5,Elciego,Álava
01023,01,023,1,Elvillar/Bilar,Álava
01046,01,046,8,Erriberagoitia/Ribera Alta,Álava
01056,01,056,5,Harana/Valle de Arana,Álava
01901,01,901,5,Iruña Oka/Iruña de Oca,Álava
01027,01,027,8,Iruraiz-Gauna,Álava
01019,01,019,9,Kripan,Álava
01020,01,020,3,Kuartango,Álava
01028,01,028,4,Labastida/Bastida,Álava
01030,01,030,1,Lagrán,Álava
01031,01,031,8,Laguardia,Álava
01032,01,032,3,Lanciego/Lantziego,Álava
01902,01,902,0,Lantarón,Álava
01033,01,033,9,Lapuebla de Labarca,Álava
01036,01,036,0,Laudio/Llodio,Álava
01058,01,058,7,Legutio,Álava
01034,01,034,4,Leza,Álava
01039,01,039,5,Moreda de Álava/Moreda Araba,Álava
01041,01,041,6,Navaridas,Álava
01042,01,042,1,Okondo,Álava
01043,01,043,7,Oyón-Oion,Álava
01044,01,044,2,Peñacerrada-Urizaharra,Álava
01047,01,047,4,Ribera Baja/Erriberabeitia,Álava
01052,01,052,8,Samaniego,Álava
01053,01,053,4,San Millán/Donemiliaga,Álava
01054,01,054,9,Urkabustaiz,Álava
01055,01,055,2,Valdegovía/Gaubea,Álava
01057,01,057,1,Villabuena de Álava/Eskuernaga,Álava
01059,01,059,0,Vitoria-Gasteiz,Álava
01060,01,060,4,Yécora/Iekora,Álava
01061,01,061,1,Zalduondo,Álava
01062,01,062,6,Zambrana,Álava
01018,01,018,6,Zigoitia,Álava
01063,01,063,2,Zuia,Álava
02001,02,001,9,Abengibre,Albacete
02002,02,002,4,Alatoz,Albacete
02003,02,003,0,Albacete,Albacete
02004,02,004,5,Albatana,Albacete
02005,02,005,8,Alborea,Albacete
02006,02,006,1,Alcadozo,Albacete
02007,02,007,7,Alcalá del Júcar,Albacete
02008,02,008,3,Alcaraz,Albacete
02009,02,009,6,Almansa,Albacete
02010,02,010,0,Alpera,Albacete
02011,02,011,7,Ayna,Albacete
02012,02,012,2,Balazote,Albacete
02014,02,014,3,"Ballestero, El",Albacete
02013,02,013,8,Balsa de Ves,Albacete
02015,02,015,6,Barrax,Albacete
02016,02,016,9,Bienservida,Albacete
02017,02,017,5,Bogarra,Albacete
02018,02,018,1,Bonete,Albacete
02019,02,019,4,"Bonillo, El",Albacete
02020,02,020,8,Carcelén,Albacete
02021,02,021,5,Casas de Juan Núñez,Albacete
02022,02,022,0,Casas de Lázaro,Albacete
02023,02,023,6,Casas de Ves,Albacete
02024,02,024,1,Casas-Ibáñez,Albacete
02025,02,025,4,Caudete,Albacete
02026,02,026,7,Cenizate,Albacete
02029,02,029,2,Chinchilla de Monte-Aragón,Albacete
02027,02,027,3,Corral-Rubio,Albacete
02028,02,028,9,Cotillas,Albacete
02030,02,030,6,Elche de la Sierra,Albacete
02031,02,031,3,Férez,Albacete
02032,02,032,8,Fuensanta,Albacete
02033,02,033,4,Fuente-Álamo,Albacete
02034,02,034,9,Fuentealbilla,Albacete
02035,02,035,2,"Gineta, La",Albacete
02036,02,036,5,Golosalvo,Albacete
02037,02,037,1,Hellín,Albacete
02038,02,038,7,"Herrera, La",Albacete
02039,02,039,0,Higueruela,Albacete
02040,02,040,4,Hoya-Gonzalo,Albacete
02041,02,041,1,Jorquera,Albacete
02042,02,042,6,Letur,Albacete
02043,02,043,2,Lezuza,Albacete
02044,02,044,7,Liétor,Albacete
02045,02,045,0,Madrigueras,Albacete
02046,02,046,3,Mahora,Albacete
02047,02,047,9,Masegoso,Albacete
02048,02,048,5,Minaya,Albacete
02049,02,049,8,Molinicos,Albacete
02050,02,050,1,Montalvos,Albacete
02051,02,051,8,Montealegre del Castillo,Albacete
02052,02,052,3,Motilleja,Albacete
02053,02,053,9,Munera,Albacete
02054,02,054,4,Navas de Jorquera,Albacete
02055,02,055,7,Nerpio,Albacete
02056,02,056,0,Ontur,Albacete
02057,02,057,6,Ossa de Montiel,Albacete
02058,02,058,2,Paterna del Madera,Albacete
02060,02,060,9,Peñas de San Pedro,Albacete
02059,02,059,5,Peñascosa,Albacete
02061,02,061,6,Pétrola,Albacete
02062,02,062,1,Povedilla,Albacete
02901,02,901,0,Pozo Cañada,Albacete
02063,02,063,7,Pozohondo,Albacete
02064,02,064,2,Pozo-Lorente,Albacete
02065,02,065,5,Pozuelo,Albacete
02066,02,066,8,"Recueja, La",Albacete
02067,02,067,4,Riópar,Albacete
02068,02,068,0,Robledo,Albacete
02069,02,069,3,"Roda, La",Albacete
02070,02,070,7,Salobre,Albacete
02071,02,071,4,San Pedro,Albacete
02072,02,072,9,Socovos,Albacete
02073,02,073,5,Tarazona de la Mancha,Albacete
02074,02,074,0,Tobarra,Albacete
02075,02,075,3,Valdeganga,Albacete
02076,02,076,6,Vianos,Albacete
02077,02,077,2,Villa de Ves,Albacete
02078,02,078,8,Villalgordo del Júcar,Albacete
02079,02,079,1,Villamalea,Albacete
02080,02,080,5,Villapalacios,Albacete
02081,02,081,2,Villarrobledo,Albacete
02082,02,082,7,Villatoya,Albacete
02083,02,083,3,Villavaliente,Albacete
02084,02,084,8,Villaverde de Guadalimar,Albacete
02085,02,085,1,Viveros,Albacete
02086,02,086,4,Yeste,Albacete
03002,03,002,0,Agost,Alicante
03003,03,003,6,Agres,Alicante
03004,03,004,1,Aigües,Alicante
03014,03,014,9,Alacant/Alicante,Alicante
03005,03,005,4,Albatera,Alicante
03006,03,006,7,Alcalalí,Alicante
03009,03,009,2,Alcoi/Alcoy,Alicante
03008,03,008,9,Alcoleja,Alicante
03007,03,007,3,Alcosser,Alicante
03010,03,010,6,Alfafara,Alicante
03011,03,011,3,"Alfàs del Pi, l'",Alicante
03012,03,012,8,Algorfa,Alicante
03013,03,013,4,Algueña,Alicante
03015,03,015,2,Almoradí,Alicante
03016,03,016,5,Almudaina,Alicante
03017,03,017,1,"Alqueria d'Asnar, l'",Alicante
03018,03,018,7,Altea,Alicante
03019,03,019,0,Aspe,Alicante
03001,03,001,5,"Atzúbia, l'",Alicante
03020,03,020,4,Balones,Alicante
03021,03,021,1,Banyeres de Mariola,Alicante
03022,03,022,6,Benasau,Alicante
03023,03,023,2,Beneixama,Alicante
03024,03,024,7,Benejúzar,Alicante
03025,03,025,0,Benferri,Alicante
03026,03,026,3,Beniarbeig,Alicante
03027,03,027,9,Beniardà,Alicante
03028,03,028,5,Beniarrés,Alicante
03030,03,030,2,Benidoleig,Alicante
03031,03,031,9,Benidorm,Alicante
03032,03,032,4,Benifallim,Alicante
03033,03,033,0,Benifato,Alicante
03029,03,029,8,Benigembla,Alicante
03034,03,034,5,Benijófar,Alicante
03035,03,035,8,Benilloba,Alicante
03036,03,036,1,Benillup,Alicante
03037,03,037,7,Benimantell,Alicante
03038,03,038,3,Benimarfull,Alicante
03039,03,039,6,Benimassot,Alicante
03040,03,040,0,Benimeli,Alicante
03041,03,041,7,Benissa,Alicante
03043,03,043,8,Biar,Alicante
03044,03,044,3,Bigastro,Alicante
03045,03,045,6,Bolulla,Alicante
03046,03,046,9,Busot,Alicante
03049,03,049,4,Callosa de Segura,Alicante
03048,03,048,1,Callosa d'en Sarrià,Alicante
03047,03,047,5,Calp,Alicante
03051,03,051,4,"Camp de Mirra, el/Campo de Mirra",Alicante
03050,03,050,7,"Campello, el",Alicante
03052,03,052,9,Cañada,Alicante
03053,03,053,5,Castalla,Alicante
03054,03,054,0,Castell de Castells,Alicante
03075,03,075,9,"Castell de Guadalest, el",Alicante
03055,03,055,3,Catral,Alicante
03056,03,056,6,Cocentaina,Alicante
03057,03,057,2,Confrides,Alicante
03058,03,058,8,Cox,Alicante
03059,03,059,1,Crevillent,Alicante
03061,03,061,2,Daya Nueva,Alicante
03062,03,062,7,Daya Vieja,Alicante
03063,03,063,3,Dénia,Alicante
03064,03,064,8,Dolores,Alicante
03066,03,066,4,Elda,Alicante
03065,03,065,1,Elx/Elche,Alicante
03067,03,067,0,Fageca,Alicante
03068,03,068,6,Famorca,Alicante
03069,03,069,9,Finestrat,Alicante
03077,03,077,8,"Fondó de les Neus, el/Hondón de las Nieves",Alicante
03070,03,070,3,Formentera del Segura,Alicante
03072,03,072,5,Gaianes,Alicante
03071,03,071,0,Gata de Gorgos,Alicante
03073,03,073,1,Gorga,Alicante
03074,03,074,6,Granja de Rocamora,Alicante
03076,03,076,2,Guardamar del Segura,Alicante
03078,03,078,4,Hondón de los Frailes,Alicante
03079,03,079,7,Ibi,Alicante
03080,03,080,1,Jacarilla,Alicante
03085,03,085,7,Llíber,Alicante
03086,03,086,0,Millena,Alicante
03088,03,088,2,Monforte del Cid,Alicante
03089,03,089,5,Monòver/Monóvar,Alicante
03903,03,903,7,"Montesinos, Los",Alicante
03091,03,091,6,Murla,Alicante
03092,03,092,1,Muro de Alcoy,Alicante
03090,03,090,9,Mutxamel,Alicante
03093,03,093,7,Novelda,Alicante
03094,03,094,2,"Nucia, la",Alicante
03095,03,095,5,Ondara,Alicante
03096,03,096,8,Onil,Alicante
03097,03,097,4,Orba,Alicante
03099,03,099,3,Orihuela,Alicante
03084,03,084,4,"Orxa, l'/Lorcha",Alicante
03098,03,098,0,Orxeta,Alicante
03100,03,100,7,Parcent,Alicante
03101,03,101,4,Pedreguer,Alicante
03102,03,102,9,Pego,Alicante
03103,03,103,5,Penàguila,Alicante
03104,03,104,0,Petrer,Alicante
03902,03,902,1,Pilar de la Horadada,Alicante
03105,03,105,3,"Pinós, el/Pinoso",Alicante
03106,03,106,6,Planes,Alicante
03042,03,042,2,"Poble Nou de Benitatxell, el/Benitachell",Alicante
03901,03,901,6,"Poblets, els",Alicante
03107,03,107,2,Polop,Alicante
03060,03,060,5,Quatretondeta,Alicante
03109,03,109,1,Rafal,Alicante
03110,03,110,5,"Ràfol d'Almúnia, el",Alicante
03111,03,111,2,Redován,Alicante
03112,03,112,7,Relleu,Alicante
03113,03,113,3,Rojales,Alicante
03114,03,114,8,"Romana, la",Alicante
03115,03,115,1,Sagra,Alicante
03116,03,116,4,Salinas,Alicante
03118,03,118,6,San Fulgencio,Alicante
03904,03,904,2,San Isidro,Alicante
03120,03,120,3,San Miguel de Salinas,Alicante
03117,03,117,0,Sanet y Negrals,Alicante
03119,03,119,9,Sant Joan d'Alacant,Alicante
03122,03,122,5,Sant Vicent del Raspeig/San Vicente del Raspeig,Alicante
03121,03,121,0,Santa Pola,Alicante
03123,03,123,1,Sax,Alicante
03124,03,124,6,Sella,Alicante
03125,03,125,9,Senija,Alicante
03127,03,127,8,Tàrbena,Alicante
03128,03,128,4,Teulada,Alicante
03129,03,129,7,Tibi,Alicante
03130,03,130,1,Tollos,Alicante
03131,03,131,8,Tormos,Alicante
03132,03,132,3,"Torre de les Maçanes, la/Torremanzanas",Alicante
03133,03,133,9,Torrevieja,Alicante
03134,03,134,4,"Vall d'Alcalà, la",Alicante
03136,03,136,0,"Vall de Gallinera, la",Alicante
03137,03,137,6,"Vall de Laguar, la",Alicante
03135,03,135,7,"Vall d'Ebo, la",Alicante
03138,03,138,2,"Verger, el",Alicante
03139,03,139,5,"Vila Joiosa, la/Villajoyosa",Alicante
03140,03,140,9,Villena,Alicante
03082,03,082,3,Xàbia/Jávea,Alicante
03081,03,081,8,Xaló,Alicante
03083,03,083,9,Xixona/Jijona,Alicante
04001,04,001,0,Abla,Almería
04002,04,002,5,Abrucena,Almería
04003,04,003,1,Adra,Almería
04004,04,004,6,Albanchez,Almería
04005,04,005,9,Alboloduy,Almería
04006,04,006,2,Albox,Almería
04007,04,007,8,Alcolea,Almería
04008,04,008,4,Alcóntar,Almería
04009,04,009,7,Alcudia de Monteagud,Almería
04010,04,010,1,Alhabia,Almería
04011,04,011,8,Alhama de Almería,Almería
04012,04,012,3,Alicún,Almería
04013,04,013,9,Almería,Almería
04014,04,014,4,Almócita,Almería
04015,04,015,7,Alsodux,Almería
04016,04,016,0,Antas,Almería
04017,04,017,6,Arboleas,Almería
04018,04,018,2,Armuña de Almanzora,Almería
04019,04,019,5,Bacares,Almería
04904,04,904,7,Balanegra,Almería
04020,04,020,9,Bayárcal,Almería
04021,04,021,6,Bayarque,Almería
04022,04,022,1,Bédar,Almería
04023,04,023,7,Beires,Almería
04024,04,024,2,Benahadux,Almería
04026,04,026,8,Benitagla,Almería
04027,04,027,4,Benizalón,Almería
04028,04,028,0,Bentarique,Almería
04029,04,029,3,Berja,Almería
04030,04,030,7,Canjáyar,Almería
04031,04,031,4,Cantoria,Almería
04032,04,032,9,Carboneras,Almería
04033,04,033,5,Castro de Filabres,Almería
04036,04,036,6,Chercos,Almería
04037,04,037,2,Chirivel,Almería
04034,04,034,0,Cóbdar,Almería
04035,04,035,3,Cuevas del Almanzora,Almería
04038,04,038,8,Dalías,Almería
04902,04,902,6,"Ejido, El",Almería
04041,04,041,2,Enix,Almería
04043,04,043,3,Felix,Almería
04044,04,044,8,Fines,Almería
04045,04,045,1,Fiñana,Almería
04046,04,046,4,Fondón,Almería
04047,04,047,0,Gádor,Almería
04048,04,048,6,"Gallardos, Los",Almería
04049,04,049,9,Garrucha,Almería
04050,04,050,2,Gérgal,Almería
04051,04,051,9,Huécija,Almería
04052,04,052,4,Huércal de Almería,Almería
04053,04,053,0,Huércal-Overa,Almería
04054,04,054,5,Íllar,Almería
04055,04,055,8,Instinción,Almería
04056,04,056,1,Laroya,Almería
04057,04,057,7,Laujar de Andarax,Almería
04058,04,058,3,Líjar,Almería
04059,04,059,6,Lubrín,Almería
04060,04,060,0,Lucainena de las Torres,Almería
04061,04,061,7,Lúcar,Almería
04062,04,062,2,Macael,Almería
04063,04,063,8,María,Almería
04064,04,064,3,Mojácar,Almería
04903,04,903,2,"Mojonera, La",Almería
04065,04,065,6,Nacimiento,Almería
04066,04,066,9,Níjar,Almería
04067,04,067,5,Ohanes,Almería
04068,04,068,1,Olula de Castro,Almería
04069,04,069,4,Olula del Río,Almería
04070,04,070,8,Oria,Almería
04071,04,071,5,Padules,Almería
04072,04,072,0,Partaloa,Almería
04073,04,073,6,Paterna del Río,Almería
04074,04,074,1,Pechina,Almería
04075,04,075,4,Pulpí,Almería
04076,04,076,7,Purchena,Almería
04077,04,077,3,Rágol,Almería
04078,04,078,9,Rioja,Almería
04079,04,079,2,Roquetas de Mar,Almería
04080,04,080,6,Santa Cruz de Marchena,Almería
04081,04,081,3,Santa Fe de Mondújar,Almería
04082,04,082,8,Senés,Almería
04083,04,083,4,Serón,Almería
04084,04,084,9,Sierro,Almería
04085,04,085,2,Somontín,Almería
04086,04,086,5,Sorbas,Almería
04087,04,087,1,Suflí,Almería
04088,04,088,7,Tabernas,Almería
04089,04,089,0,Taberno,Almería
04090,04,090,4,Tahal,Almería
04091,04,091,1,Terque,Almería
04092,04,092,6,Tíjola,Almería
04901,04,901,1,"Tres Villas, Las",Almería
04093,04,093,2,Turre,Almería
04094,04,094,7,Turrillas,Almería
04095,04,095,0,Uleila del Campo,Almería
04096,04,096,3,Urrácal,Almería
04097,04,097,9,Velefique,Almería
04098,04,098,5,Vélez-Blanco,Almería
04099,04,099,8,Vélez-Rubio,Almería
04100,04,100,2,Vera,Almería
04101,04,101,9,Viator,Almería
04102,04,102,4,Vícar,Almería
04103,04,103,0,Zurgena,Almería
05001,05,001,3,Adanero,Ávila
05002,05,002,8,"Adrada, La",Ávila
05005,05,005,2,Albornos,Ávila
05007,05,007,1,Aldeanueva de Santa Cruz,Ávila
05008,05,008,7,Aldeaseca,Ávila
05010,05,010,4,"Aldehuela, La",Ávila
05012,05,012,6,Amavida,Ávila
05013,05,013,2,"Arenal, El",Ávila
05014,05,014,7,Arenas de San Pedro,Ávila
05015,05,015,0,Arevalillo,Ávila
05016,05,016,3,Arévalo,Ávila
05017,05,017,9,Aveinte,Ávila
05018,05,018,5,Avellaneda,Ávila
05019,05,019,8,Ávila,Ávila
05021,05,021,9,"Barco de Ávila, El",Ávila
05022,05,022,4,"Barraco, El",Ávila
05023,05,023,0,Barromán,Ávila
05024,05,024,5,Becedas,Ávila
05025,05,025,8,Becedillas,Ávila
05026,05,026,1,Bercial de Zapardiel,Ávila
05027,05,027,7,"Berlanas, Las",Ávila
05029,05,029,6,Bernuy-Zapardiel,Ávila
05030,05,030,0,Berrocalejo de Aragona,Ávila
05033,05,033,8,Blascomillán,Ávila
05034,05,034,3,Blasconuño de Matacabras,Ávila
05035,05,035,6,Blascosancho,Ávila
05036,05,036,9,"Bohodón, El",Ávila
05037,05,037,5,Bohoyo,Ávila
05038,05,038,1,Bonilla de la Sierra,Ávila
05039,05,039,4,Brabos,Ávila
05040,05,040,8,Bularros,Ávila
05041,05,041,5,Burgohondo,Ávila
05042,05,042,0,Cabezas de Alambre,Ávila
05043,05,043,6,Cabezas del Pozo,Ávila
05044,05,044,1,Cabezas del Villar,Ávila
05045,05,045,4,Cabizuela,Ávila
05046,05,046,7,Canales,Ávila
05047,05,047,3,Candeleda,Ávila
05048,05,048,9,Cantiveros,Ávila
05049,05,049,2,Cardeñosa,Ávila
05051,05,051,2,"Carrera, La",Ávila
05052,05,052,7,Casas del Puerto,Ávila
05053,05,053,3,Casasola,Ávila
05054,05,054,8,Casavieja,Ávila
05055,05,055,1,Casillas,Ávila
05056,05,056,4,Castellanos de Zapardiel,Ávila
05057,05,057,0,Cebreros,Ávila
05058,05,058,6,Cepeda la Mora,Ávila
05067,05,067,8,Chamartín,Ávila
05059,05,059,9,Cillán,Ávila
05060,05,060,3,Cisla,Ávila
05061,05,061,0,"Colilla, La",Ávila
05062,05,062,5,Collado de Contreras,Ávila
05063,05,063,1,Collado del Mirón,Ávila
05064,05,064,6,Constanzana,Ávila
05065,05,065,9,Crespos,Ávila
05066,05,066,2,Cuevas del Valle,Ávila
05903,05,903,5,Diego del Carpio,Ávila
05069,05,069,7,Donjimeno,Ávila
05070,05,070,1,Donvidas,Ávila
05072,05,072,3,Espinosa de los Caballeros,Ávila
05073,05,073,9,Flores de Ávila,Ávila
05074,05,074,4,Fontiveros,Ávila
05075,05,075,7,Fresnedilla,Ávila
05076,05,076,0,"Fresno, El",Ávila
05077,05,077,6,Fuente el Saúz,Ávila
05078,05,078,2,Fuentes de Año,Ávila
05079,05,079,5,Gallegos de Altamiros,Ávila
05080,05,080,9,Gallegos de Sobrinos,Ávila
05081,05,081,6,Garganta del Villar,Ávila
05082,05,082,1,Gavilanes,Ávila
05083,05,083,7,Gemuño,Ávila
05085,05,085,5,Gil García,Ávila
05084,05,084,2,Gilbuena,Ávila
05086,05,086,8,Gimialcón,Ávila
05087,05,087,4,Gotarrendura,Ávila
05088,05,088,0,Grandes y San Martín,Ávila
05089,05,089,3,Guisando,Ávila
05090,05,090,7,Gutierre-Muñoz,Ávila
05092,05,092,9,Hernansancho,Ávila
05093,05,093,5,Herradón de Pinares,Ávila
05094,05,094,0,Herreros de Suso,Ávila
05095,05,095,3,Higuera de las Dueñas,Ávila
05096,05,096,6,"Hija de Dios, La",Ávila
05097,05,097,2,"Horcajada, La",Ávila
05099,05,099,1,Horcajo de las Torres,Ávila
05100,05,100,5,"Hornillo, El",Ávila
05102,05,102,7,"Hoyo de Pinares, El",Ávila
05101,05,101,2,Hoyocasero,Ávila
05103,05,103,3,Hoyorredondo,Ávila
05106,05,106,4,Hoyos de Miguel Muñoz,Ávila
05104,05,104,8,Hoyos del Collado,Ávila
05105,05,105,1,Hoyos del Espino,Ávila
05107,05,107,0,Hurtumpascual,Ávila
05108,05,108,6,Junciana,Ávila
05109,05,109,9,Langa,Ávila
05110,05,110,3,Lanzahíta,Ávila
05113,05,113,1,"Llanos de Tormes, Los",Ávila
05112,05,112,5,"Losar del Barco, El",Ávila
05114,05,114,6,Madrigal de las Altas Torres,Ávila
05115,05,115,9,Maello,Ávila
05116,05,116,2,Malpartida de Corneja,Ávila
05117,05,117,8,Mamblas,Ávila
05118,05,118,4,Mancera de Arriba,Ávila
05119,05,119,7,Manjabálago y Ortigosa de Rioalmar,Ávila
05120,05,120,1,Marlín,Ávila
05121,05,121,8,Martiherrero,Ávila
05122,05,122,3,Martínez,Ávila
05123,05,123,9,Mediana de Voltoya,Ávila
05124,05,124,4,Medinilla,Ávila
05125,05,125,7,Mengamuñoz,Ávila
05126,05,126,0,Mesegar de Corneja,Ávila
05127,05,127,6,Mijares,Ávila
05128,05,128,2,Mingorría,Ávila
05129,05,129,5,"Mirón, El",Ávila
05130,05,130,9,Mironcillo,Ávila
05131,05,131,6,Mirueña de los Infanzones,Ávila
05132,05,132,1,Mombeltrán,Ávila
05133,05,133,7,Monsalupe,Ávila
05134,05,134,2,Moraleja de Matacabras,Ávila
05135,05,135,5,Muñana,Ávila
05136,05,136,8,Muñico,Ávila
05138,05,138,0,Muñogalindo,Ávila
05139,05,139,3,Muñogrande,Ávila
05140,05,140,7,Muñomer del Peco,Ávila
05141,05,141,4,Muñopepe,Ávila
05142,05,142,9,Muñosancho,Ávila
05143,05,143,5,Muñotello,Ávila
05144,05,144,0,Narrillos del Álamo,Ávila
05145,05,145,3,Narrillos del Rebollar,Ávila
05149,05,149,1,Narros de Saldueña,Ávila
05147,05,147,2,Narros del Castillo,Ávila
05148,05,148,8,Narros del Puerto,Ávila
05152,05,152,6,Nava de Arévalo,Ávila
05153,05,153,2,Nava del Barco,Ávila
05151,05,151,1,Navacepedilla de Corneja,Ávila
05154,05,154,7,Navadijos,Ávila
05155,05,155,0,Navaescurial,Ávila
05156,05,156,3,Navahondilla,Ávila
05157,05,157,9,Navalacruz,Ávila
05158,05,158,5,Navalmoral,Ávila
05159,05,159,8,Navalonguilla,Ávila
05160,05,160,2,Navalosa,Ávila
05161,05,161,9,Navalperal de Pinares,Ávila
05162,05,162,4,Navalperal de Tormes,Ávila
05163,05,163,0,Navaluenga,Ávila
05164,05,164,5,Navaquesera,Ávila
05165,05,165,8,Navarredonda de Gredos,Ávila
05166,05,166,1,Navarredondilla,Ávila
05167,05,167,7,Navarrevisca,Ávila
05168,05,168,3,"Navas del Marqués, Las",Ávila
05169,05,169,6,Navatalgordo,Ávila
05170,05,170,0,Navatejares,Ávila
05171,05,171,7,Neila de San Miguel,Ávila
05172,05,172,2,Niharra,Ávila
05173,05,173,8,Ojos-Albos,Ávila
05174,05,174,3,Orbita,Ávila
05175,05,175,6,"Oso, El",Ávila
05176,05,176,9,Padiernos,Ávila
05177,05,177,5,Pajares de Adaja,Ávila
05178,05,178,1,Palacios de Goda,Ávila
05179,05,179,4,Papatrigo,Ávila
05180,05,180,8,"Parral, El",Ávila
05181,05,181,5,Pascualcobo,Ávila
05182,05,182,0,Pedro Bernardo,Ávila
05183,05,183,6,Pedro-Rodríguez,Ávila
05184,05,184,1,Peguerinos,Ávila
05185,05,185,4,Peñalba de Ávila,Ávila
05186,05,186,7,Piedrahíta,Ávila
05187,05,187,3,Piedralaves,Ávila
05188,05,188,9,Poveda,Ávila
05189,05,189,2,Poyales del Hoyo,Ávila
05190,05,190,6,Pozanco,Ávila
05191,05,191,3,Pradosegar,Ávila
05192,05,192,8,Puerto Castilla,Ávila
05193,05,193,4,Rasueros,Ávila
05194,05,194,9,Riocabado,Ávila
05195,05,195,2,Riofrío,Ávila
05196,05,196,5,Rivilla de Barajas,Ávila
05197,05,197,1,Salobral,Ávila
05198,05,198,7,Salvadiós,Ávila
05199,05,199,0,San Bartolomé de Béjar,Ávila
05200,05,200,4,San Bartolomé de Corneja,Ávila
05201,05,201,1,San Bartolomé de Pinares,Ávila
05206,05,206,3,San Esteban de los Patos,Ávila
05208,05,208,5,San Esteban de Zapardiel,Ávila
05207,05,207,9,San Esteban del Valle,Ávila
05209,05,209,8,San García de Ingelmos,Ávila
05901,05,901,4,San Juan de Gredos,Ávila
05210,05,210,2,San Juan de la Encinilla,Ávila
05211,05,211,9,San Juan de la Nava,Ávila
05212,05,212,4,San Juan del Molinillo,Ávila
05213,05,213,0,San Juan del Olmo,Ávila
05214,05,214,5,San Lorenzo de Tormes,Ávila
05215,05,215,8,San Martín de la Vega del Alberche,Ávila
05216,05,216,1,San Martín del Pimpollar,Ávila
05217,05,217,7,San Miguel de Corneja,Ávila
05218,05,218,3,San Miguel de Serrezuela,Ávila
05219,05,219,6,San Pascual,Ávila
05220,05,220,0,San Pedro del Arroyo,Ávila
05231,05,231,5,San Vicente de Arévalo,Ávila
05204,05,204,7,Sanchidrián,Ávila
05205,05,205,0,Sanchorreja,Ávila
05222,05,222,2,Santa Cruz de Pinares,Ávila
05221,05,221,7,Santa Cruz del Valle,Ávila
05226,05,226,9,Santa María de los Caballeros,Ávila
05224,05,224,3,Santa María del Arroyo,Ávila
05225,05,225,6,Santa María del Berrocal,Ávila
05902,05,902,9,Santa María del Cubillo,Ávila
05227,05,227,5,Santa María del Tiétar,Ávila
05228,05,228,1,Santiago del Collado,Ávila
05904,05,904,0,Santiago del Tormes,Ávila
05229,05,229,4,Santo Domingo de las Posadas,Ávila
05230,05,230,8,Santo Tomé de Zabarcos,Ávila
05232,05,232,0,"Serrada, La",Ávila
05233,05,233,6,Serranillos,Ávila
05234,05,234,1,Sigeres,Ávila
05235,05,235,4,Sinlabajos,Ávila
05236,05,236,7,Solana de Ávila,Ávila
05237,05,237,3,Solana de Rioalmar,Ávila
05238,05,238,9,Solosancho,Ávila
05239,05,239,2,Sotalbo,Ávila
05240,05,240,6,Sotillo de la Adrada,Ávila
05241,05,241,3,"Tiemblo, El",Ávila
05242,05,242,8,Tiñosillos,Ávila
05243,05,243,4,Tolbaños,Ávila
05244,05,244,9,Tormellas,Ávila
05245,05,245,2,Tornadizos de Ávila,Ávila
05247,05,247,1,"Torre, La",Ávila
05246,05,246,5,Tórtoles,Ávila
05249,05,249,0,Umbrías,Ávila
05251,05,251,0,Vadillo de la Sierra,Ávila
05252,05,252,5,Valdecasa,Ávila
05253,05,253,1,Vega de Santa María,Ávila
05254,05,254,6,Velayos,Ávila
05256,05,256,2,Villaflor,Ávila
05257,05,257,8,Villafranca de la Sierra,Ávila
05905,05,905,3,Villanueva de Ávila,Ávila
05258,05,258,4,Villanueva de Gómez,Ávila
05259,05,259,7,Villanueva del Aceral,Ávila
05260,05,260,1,Villanueva del Campillo,Ávila
05261,05,261,8,Villar de Corneja,Ávila
05262,05,262,3,Villarejo del Valle,Ávila
05263,05,263,9,Villatoro,Ávila
05264,05,264,4,Viñegra de Moraña,Ávila
05265,05,265,7,Vita,Ávila
05266,05,266,0,Zapardiel de la Cañada,Ávila
05267,05,267,6,Zapardiel de la Ribera,Ávila
06001,06,001,6,Acedera,Badajoz
06002,06,002,1,Aceuchal,Badajoz
06003,06,003,7,Ahillones,Badajoz
06004,06,004,2,Alange,Badajoz
06005,06,005,5,"Albuera, La",Badajoz
06006,06,006,8,Alburquerque,Badajoz
06007,06,007,4,Alconchel,Badajoz
06008,06,008,0,Alconera,Badajoz
06009,06,009,3,Aljucén,Badajoz
06010,06,010,7,Almendral,Badajoz
06011,06,011,4,Almendralejo,Badajoz
06012,06,012,9,Arroyo de San Serván,Badajoz
06013,06,013,5,Atalaya,Badajoz
06014,06,014,0,Azuaga,Badajoz
06015,06,015,3,Badajoz,Badajoz
06016,06,016,6,Barcarrota,Badajoz
06017,06,017,2,Baterno,Badajoz
06018,06,018,8,Benquerencia de la Serena,Badajoz
06019,06,019,1,Berlanga,Badajoz
06020,06,020,5,Bienvenida,Badajoz
06021,06,021,2,Bodonal de la Sierra,Badajoz
06022,06,022,7,Burguillos del Cerro,Badajoz
06023,06,023,3,Cabeza del Buey,Badajoz
06024,06,024,8,Cabeza la Vaca,Badajoz
06025,06,025,1,Calamonte,Badajoz
06026,06,026,4,Calera de León,Badajoz
06027,06,027,0,Calzadilla de los Barros,Badajoz
06028,06,028,6,Campanario,Badajoz
06029,06,029,9,Campillo de Llerena,Badajoz
06030,06,030,3,Capilla,Badajoz
06031,06,031,0,Carmonita,Badajoz
06032,06,032,5,"Carrascalejo, El",Badajoz
06033,06,033,1,Casas de Don Pedro,Badajoz
06034,06,034,6,Casas de Reina,Badajoz
06035,06,035,9,Castilblanco,Badajoz
06036,06,036,2,Castuera,Badajoz
06042,06,042,3,Cheles,Badajoz
06037,06,037,8,"Codosera, La",Badajoz
06038,06,038,4,Cordobilla de Lácara,Badajoz
06039,06,039,7,"Coronada, La",Badajoz
06040,06,040,1,Corte de Peleas,Badajoz
06041,06,041,8,Cristina,Badajoz
06043,06,043,9,Don Álvaro,Badajoz
06044,06,044,4,Don Benito,Badajoz
06045,06,045,7,Entrín Bajo,Badajoz
06046,06,046,0,Esparragalejo,Badajoz
06047,06,047,6,Esparragosa de la Serena,Badajoz
06048,06,048,2,Esparragosa de Lares,Badajoz
06049,06,049,5,Feria,Badajoz
06050,06,050,8,Fregenal de la Sierra,Badajoz
06051,06,051,5,Fuenlabrada de los Montes,Badajoz
06052,06,052,0,Fuente de Cantos,Badajoz
06053,06,053,6,Fuente del Arco,Badajoz
06054,06,054,1,Fuente del Maestre,Badajoz
06055,06,055,4,Fuentes de León,Badajoz
06056,06,056,7,Garbayuela,Badajoz
06057,06,057,3,Garlitos,Badajoz
06058,06,058,9,"Garrovilla, La",Badajoz
06059,06,059,2,Granja de Torrehermosa,Badajoz
06903,06,903,8,Guadiana,Badajoz
06060,06,060,6,Guareña,Badajoz
06061,06,061,3,"Haba, La",Badajoz
06062,06,062,8,Helechosa de los Montes,Badajoz
06063,06,063,4,Herrera del Duque,Badajoz
06064,06,064,9,Higuera de la Serena,Badajoz
06065,06,065,2,Higuera de Llerena,Badajoz
06066,06,066,5,Higuera de Vargas,Badajoz
06067,06,067,1,Higuera la Real,Badajoz
06068,06,068,7,Hinojosa del Valle,Badajoz
06069,06,069,0,Hornachos,Badajoz
06070,06,070,4,Jerez de los Caballeros,Badajoz
06071,06,071,1,"Lapa, La",Badajoz
06073,06,073,2,Llera,Badajoz
06074,06,074,7,Llerena,Badajoz
06072,06,072,6,Lobón,Badajoz
06075,06,075,0,Magacela,Badajoz
06076,06,076,3,Maguilla,Badajoz
06077,06,077,9,Malcocinado,Badajoz
06078,06,078,5,Malpartida de la Serena,Badajoz
06079,06,079,8,Manchita,Badajoz
06080,06,080,2,Medellín,Badajoz
06081,06,081,9,Medina de las Torres,Badajoz
06082,06,082,4,Mengabril,Badajoz
06083,06,083,0,Mérida,Badajoz
06084,06,084,5,Mirandilla,Badajoz
06085,06,085,8,Monesterio,Badajoz
06086,06,086,1,Montemolín,Badajoz
06087,06,087,7,Monterrubio de la Serena,Badajoz
06088,06,088,3,Montijo,Badajoz
06089,06,089,6,"Morera, La",Badajoz
06090,06,090,0,"Nava de Santiago, La",Badajoz
06091,06,091,7,Navalvillar de Pela,Badajoz
06092,06,092,2,Nogales,Badajoz
06093,06,093,8,Oliva de la Frontera,Badajoz
06094,06,094,3,Oliva de Mérida,Badajoz
06095,06,095,6,Olivenza,Badajoz
06096,06,096,9,Orellana de la Sierra,Badajoz
06097,06,097,5,Orellana la Vieja,Badajoz
06098,06,098,1,Palomas,Badajoz
06099,06,099,4,"Parra, La",Badajoz
06100,06,100,8,Peñalsordo,Badajoz
06101,06,101,5,Peraleda del Zaucejo,Badajoz
06102,06,102,0,Puebla de Alcocer,Badajoz
06103,06,103,6,Puebla de la Calzada,Badajoz
06104,06,104,1,Puebla de la Reina,Badajoz
06107,06,107,3,Puebla de Obando,Badajoz
06108,06,108,9,Puebla de Sancho Pérez,Badajoz
06105,06,105,4,Puebla del Maestre,Badajoz
06106,06,106,7,Puebla del Prior,Badajoz
06902,06,902,2,Pueblonuevo del Guadiana,Badajoz
06109,06,109,2,Quintana de la Serena,Badajoz
06110,06,110,6,Reina,Badajoz
06111,06,111,3,Rena,Badajoz
06112,06,112,8,Retamal de Llerena,Badajoz
06113,06,113,4,Ribera del Fresno,Badajoz
06114,06,114,9,Risco,Badajoz
06115,06,115,2,"Roca de la Sierra, La",Badajoz
06116,06,116,5,Salvaleón,Badajoz
06117,06,117,1,Salvatierra de los Barros,Badajoz
06119,06,119,0,San Pedro de Mérida,Badajoz
06123,06,123,2,San Vicente de Alcántara,Badajoz
06118,06,118,7,Sancti-Spíritus,Badajoz
06120,06,120,4,Santa Amalia,Badajoz
06121,06,121,1,Santa Marta,Badajoz
06122,06,122,6,"Santos de Maimona, Los",Badajoz
06124,06,124,7,Segura de León,Badajoz
06125,06,125,0,Siruela,Badajoz
06126,06,126,3,Solana de los Barros,Badajoz
06127,06,127,9,Talarrubias,Badajoz
06128,06,128,5,Talavera la Real,Badajoz
06129,06,129,8,Táliga,Badajoz
06130,06,130,2,Tamurejo,Badajoz
06131,06,131,9,Torre de Miguel Sesmero,Badajoz
06132,06,132,4,Torremayor,Badajoz
06133,06,133,0,Torremejía,Badajoz
06134,06,134,5,Trasierra,Badajoz
06135,06,135,8,Trujillanos,Badajoz
06136,06,136,1,Usagre,Badajoz
06137,06,137,7,Valdecaballeros,Badajoz
06901,06,901,7,Valdelacalzada,Badajoz
06138,06,138,3,Valdetorres,Badajoz
06139,06,139,6,Valencia de las Torres,Badajoz
06140,06,140,0,Valencia del Mombuey,Badajoz
06141,06,141,7,Valencia del Ventoso,Badajoz
06146,06,146,9,Valle de la Serena,Badajoz
06147,06,147,5,Valle de Matamoros,Badajoz
06148,06,148,1,Valle de Santa Ana,Badajoz
06142,06,142,2,Valverde de Burguillos,Badajoz
06143,06,143,8,Valverde de Leganés,Badajoz
06144,06,144,3,Valverde de Llerena,Badajoz
06145,06,145,6,Valverde de Mérida,Badajoz
06149,06,149,4,Villafranca de los Barros,Badajoz
06150,06,150,7,Villagarcía de la Torre,Badajoz
06151,06,151,4,Villagonzalo,Badajoz
06152,06,152,9,Villalba de los Barros,Badajoz
06153,06,153,5,Villanueva de la Serena,Badajoz
06154,06,154,0,Villanueva del Fresno,Badajoz
06156,06,156,6,Villar de Rena,Badajoz
06155,06,155,3,Villar del Rey,Badajoz
06157,06,157,2,Villarta de los Montes,Badajoz
06158,06,158,8,Zafra,Badajoz
06159,06,159,1,Zahínos,Badajoz
06160,06,160,5,Zalamea de la Serena,Badajoz
06162,06,162,7,"Zarza, La",Badajoz
06161,06,161,2,Zarza-Capilla,Badajoz
07002,07,002,7,Alaior,Islas Baleares
07001,07,001,2,Alaró,Islas Baleares
07003,07,003,3,Alcúdia,Islas Baleares
07004,07,004,8,Algaida,Islas Baleares
07005,07,005,1,Andratx,Islas Baleares
07901,07,901,3,Ariany,Islas Baleares
07006,07,006,4,Artà,Islas Baleares
07007,07,007,0,Banyalbufar,Islas Baleares
07008,07,008,6,Binissalem,Islas Baleares
07009,07,009,9,Búger,Islas Baleares
07010,07,010,3,Bunyola,Islas Baleares
07011,07,011,0,Calvià,Islas Baleares
07012,07,012,5,Campanet,Islas Baleares
07013,07,013,1,Campos,Islas Baleares
07014,07,014,6,Capdepera,Islas Baleares
07064,07,064,5,"Castell, Es",Islas Baleares
07015,07,015,9,Ciutadella de Menorca,Islas Baleares
07016,07,016,2,Consell,Islas Baleares
07017,07,017,8,Costitx,Islas Baleares
07018,07,018,4,Deià,Islas Baleares
07026,07,026,0,Eivissa,Islas Baleares
07019,07,019,7,Escorca,Islas Baleares
07020,07,020,1,Esporles,Islas Baleares
07021,07,021,8,Estellencs,Islas Baleares
07022,07,022,3,Felanitx,Islas Baleares
07023,07,023,9,Ferreries,Islas Baleares
07024,07,024,4,Formentera,Islas Baleares
07025,07,025,7,Fornalutx,Islas Baleares
07027,07,027,6,Inca,Islas Baleares
07028,07,028,2,Lloret de Vistalegre,Islas Baleares
07029,07,029,5,Lloseta,Islas Baleares
07030,07,030,9,Llubí,Islas Baleares
07031,07,031,6,Llucmajor,Islas Baleares
07033,07,033,7,Manacor,Islas Baleares
07034,07,034,2,Mancor de la Vall,Islas Baleares
07032,07,032,1,Maó,Islas Baleares
07035,07,035,5,Maria de la Salut,Islas Baleares
07036,07,036,8,Marratxí,Islas Baleares
07037,07,037,4,"Mercadal, Es",Islas Baleares
07902,07,902,8,"Migjorn Gran, Es",Islas Baleares
07038,07,038,0,Montuïri,Islas Baleares
07039,07,039,3,Muro,Islas Baleares
07040,07,040,7,Palma,Islas Baleares
07041,07,041,4,Petra,Islas Baleares
07044,07,044,0,"Pobla, Sa",Islas Baleares
07042,07,042,9,Pollença,Islas Baleares
07043,07,043,5,Porreres,Islas Baleares
07045,07,045,3,Puigpunyent,Islas Baleares
07059,07,059,8,"Salines, Ses",Islas Baleares
07046,07,046,6,Sant Antoni de Portmany,Islas Baleares
07049,07,049,1,Sant Joan,Islas Baleares
07050,07,050,4,Sant Joan de Labritja,Islas Baleares
07048,07,048,8,Sant Josep de sa Talaia,Islas Baleares
07051,07,051,1,Sant Llorenç des Cardassar,Islas Baleares
07052,07,052,6,Sant Lluís,Islas Baleares
07053,07,053,2,Santa Eugènia,Islas Baleares
07054,07,054,7,Santa Eulària des Riu,Islas Baleares
07055,07,055,0,Santa Margalida,Islas Baleares
07056,07,056,3,Santa María del Camí,Islas Baleares
07057,07,057,9,Santanyí,Islas Baleares
07058,07,058,5,Selva,Islas Baleares
07047,07,047,2,Sencelles,Islas Baleares
07060,07,060,2,Sineu,Islas Baleares
07061,07,061,9,Sóller,Islas Baleares
07062,07,062,4,Son Servera,Islas Baleares
07063,07,063,0,Valldemossa,Islas Baleares
07065,07,065,8,Vilafranca de Bonany,Islas Baleares
08001,08,001,8,Abrera,Barcelona
08002,08,002,3,Aguilar de Segarra,Barcelona
08014,08,014,2,Aiguafreda,Barcelona
08003,08,003,9,Alella,Barcelona
08004,08,004,4,Alpens,Barcelona
08005,08,005,7,"Ametlla del Vallès, L'",Barcelona
08006,08,006,0,Arenys de Mar,Barcelona
08007,08,007,6,Arenys de Munt,Barcelona
08008,08,008,2,Argençola,Barcelona
08009,08,009,5,Argentona,Barcelona
08010,08,010,9,Artés,Barcelona
08011,08,011,6,Avià,Barcelona
08012,08,012,1,Avinyó,Barcelona
08013,08,013,7,Avinyonet del Penedès,Barcelona
08015,08,015,5,Badalona,Barcelona
08904,08,904,5,Badia del Vallès,Barcelona
08016,08,016,8,Bagà,Barcelona
08017,08,017,4,Balenyà,Barcelona
08018,08,018,0,Balsareny,Barcelona
08252,08,252,0,Barberà del Vallès,Barcelona
08019,08,019,3,Barcelona,Barcelona
08020,08,020,7,Begues,Barcelona
08021,08,021,4,Bellprat,Barcelona
08022,08,022,9,Berga,Barcelona
08023,08,023,5,Bigues i Riells del Fai,Barcelona
08024,08,024,0,Borredà,Barcelona
08025,08,025,3,"Bruc, El",Barcelona
08026,08,026,6,"Brull, El",Barcelona
08027,08,027,2,"Cabanyes, Les",Barcelona
08028,08,028,8,Cabrera d'Anoia,Barcelona
08029,08,029,1,Cabrera de Mar,Barcelona
08030,08,030,5,Cabrils,Barcelona
08031,08,031,2,Calaf,Barcelona
08034,08,034,8,Calders,Barcelona
08033,08,033,3,Caldes de Montbui,Barcelona
08032,08,032,7,Caldes d'Estrac,Barcelona
08035,08,035,1,Calella,Barcelona
08037,08,037,0,Calldetenes,Barcelona
08038,08,038,6,Callús,Barcelona
08036,08,036,4,Calonge de Segarra,Barcelona
08039,08,039,9,Campins,Barcelona
08040,08,040,3,Canet de Mar,Barcelona
08041,08,041,0,Canovelles,Barcelona
08042,08,042,5,Cànoves i Samalús,Barcelona
08043,08,043,1,Canyelles,Barcelona
08044,08,044,6,Capellades,Barcelona
08045,08,045,9,Capolat,Barcelona
08046,08,046,2,Cardedeu,Barcelona
08047,08,047,8,Cardona,Barcelona
08048,08,048,4,Carme,Barcelona
08049,08,049,7,Casserres,Barcelona
08057,08,057,5,Castell de l'Areny,Barcelona
08052,08,052,2,Castellar de n'Hug,Barcelona
08050,08,050,0,Castellar del Riu,Barcelona
08051,08,051,7,Castellar del Vallès,Barcelona
08053,08,053,8,Castellbell i el Vilar,Barcelona
08054,08,054,3,Castellbisbal,Barcelona
08055,08,055,6,Castellcir,Barcelona
08056,08,056,9,Castelldefels,Barcelona
08058,08,058,1,Castellet i la Gornal,Barcelona
08060,08,060,8,Castellfollit de Riubregós,Barcelona
08059,08,059,4,Castellfollit del Boix,Barcelona
08061,08,061,5,Castellgalí,Barcelona
08062,08,062,0,Castellnou de Bages,Barcelona
08063,08,063,6,Castellolí,Barcelona
08064,08,064,1,Castellterçol,Barcelona
08065,08,065,4,Castellví de la Marca,Barcelona
08066,08,066,7,Castellví de Rosanes,Barcelona
08067,08,067,3,Centelles,Barcelona
08268,08,268,7,Cercs,Barcelona
08266,08,266,5,Cerdanyola del Vallès,Barcelona
08068,08,068,9,Cervelló,Barcelona
08069,08,069,2,Collbató,Barcelona
08070,08,070,6,Collsuspina,Barcelona
08071,08,071,3,Copons,Barcelona
08072,08,072,8,Corbera de Llobregat,Barcelona
08073,08,073,4,Cornellà de Llobregat,Barcelona
08074,08,074,9,Cubelles,Barcelona
08075,08,075,2,Dosrius,Barcelona
08076,08,076,5,Esparreguera,Barcelona
08077,08,077,1,Esplugues de Llobregat,Barcelona
08078,08,078,7,"Espunyola, L'",Barcelona
08254,08,254,1,"Esquirol, L'",Barcelona
08079,08,079,0,"Estany, L'",Barcelona
08134,08,134,7,Figaró-Montmany,Barcelona
08080,08,080,4,Fígols,Barcelona
08082,08,082,6,Fogars de la Selva,Barcelona
08081,08,081,1,Fogars de Montclús,Barcelona
08083,08,083,2,Folgueroles,Barcelona
08084,08,084,7,Fonollosa,Barcelona
08085,08,085,0,Font-rubí,Barcelona
08086,08,086,3,"Franqueses del Vallès, Les",Barcelona
08090,08,090,2,Gaià,Barcelona
08087,08,087,9,Gallifa,Barcelona
08088,08,088,5,"Garriga, La",Barcelona
08089,08,089,8,Gavà,Barcelona
08091,08,091,9,Gelida,Barcelona
08092,08,092,4,Gironella,Barcelona
08093,08,093,0,Gisclareny,Barcelona
08094,08,094,5,"Granada, La",Barcelona
08095,08,095,8,Granera,Barcelona
08096,08,096,1,Granollers,Barcelona
08097,08,097,7,Gualba,Barcelona
08099,08,099,6,Guardiola de Berguedà,Barcelona
08100,08,100,0,Gurb,Barcelona
08101,08,101,7,"Hospitalet de Llobregat, L'",Barcelona
08162,08,162,9,"Hostalets de Pierola, Els",Barcelona
08102,08,102,2,Igualada,Barcelona
08103,08,103,8,Jorba,Barcelona
08104,08,104,3,"Llacuna, La",Barcelona
08105,08,105,6,"Llagosta, La",Barcelona
08107,08,107,5,Lliçà d'Amunt,Barcelona
08108,08,108,1,Lliçà de Vall,Barcelona
08106,08,106,9,Llinars del Vallès,Barcelona
08109,08,109,4,Lluçà,Barcelona
08110,08,110,8,Malgrat de Mar,Barcelona
08111,08,111,5,Malla,Barcelona
08112,08,112,0,Manlleu,Barcelona
08113,08,113,6,Manresa,Barcelona
08242,08,242,3,Marganell,Barcelona
08114,08,114,1,Martorell,Barcelona
08115,08,115,4,Martorelles,Barcelona
08116,08,116,7,"Masies de Roda, Les",Barcelona
08117,08,117,3,"Masies de Voltregà, Les",Barcelona
08118,08,118,9,"Masnou, El",Barcelona
08119,08,119,2,Masquefa,Barcelona
08120,08,120,6,Matadepera,Barcelona
08121,08,121,3,Mataró,Barcelona
08122,08,122,8,Mediona,Barcelona
08138,08,138,5,Moià,Barcelona
08123,08,123,4,Molins de Rei,Barcelona
08124,08,124,9,Mollet del Vallès,Barcelona
08128,08,128,7,Monistrol de Calders,Barcelona
08127,08,127,1,Monistrol de Montserrat,Barcelona
08125,08,125,2,Montcada i Reixac,Barcelona
08130,08,130,4,Montclar,Barcelona
08131,08,131,1,Montesquiu,Barcelona
08126,08,126,5,Montgat,Barcelona
08132,08,132,6,Montmajor,Barcelona
08133,08,133,2,Montmaneu,Barcelona
08135,08,135,0,Montmeló,Barcelona
08136,08,136,3,Montornès del Vallès,Barcelona
08137,08,137,9,Montseny,Barcelona
08129,08,129,0,Muntanyola,Barcelona
08139,08,139,8,Mura,Barcelona
08140,08,140,2,Navarcles,Barcelona
08141,08,141,9,Navàs,Barcelona
08142,08,142,4,"Nou de Berguedà, La",Barcelona
08143,08,143,0,Òdena,Barcelona
08145,08,145,8,Olèrdola,Barcelona
08146,08,146,1,Olesa de Bonesvalls,Barcelona
08147,08,147,7,Olesa de Montserrat,Barcelona
08148,08,148,3,Olivella,Barcelona
08149,08,149,6,Olost,Barcelona
08144,08,144,5,Olvan,Barcelona
08150,08,150,9,Orís,Barcelona
08151,08,151,6,Oristà,Barcelona
08152,08,152,1,Orpí,Barcelona
08153,08,153,7,Òrrius,Barcelona
08154,08,154,2,Pacs del Penedès,Barcelona
08155,08,155,5,Palafolls,Barcelona
08156,08,156,8,Palau-solità i Plegamans,Barcelona
08157,08,157,4,Pallejà,Barcelona
08905,08,905,8,"Palma de Cervelló, La",Barcelona
08158,08,158,0,"Papiol, El",Barcelona
08159,08,159,3,Parets del Vallès,Barcelona
08160,08,160,7,Perafita,Barcelona
08161,08,161,4,Piera,Barcelona
08163,08,163,5,Pineda de Mar,Barcelona
08164,08,164,0,"Pla del Penedès, El",Barcelona
08165,08,165,3,"Pobla de Claramunt, La",Barcelona
08166,08,166,6,"Pobla de Lillet, La",Barcelona
08167,08,167,2,Polinyà,Barcelona
08182,08,182,5,"Pont de Vilomara i Rocafort, El",Barcelona
08168,08,168,8,Pontons,Barcelona
08169,08,169,1,"Prat de Llobregat, El",Barcelona
08171,08,171,2,Prats de Lluçanès,Barcelona
08170,08,170,5,"Prats de Rei, Els",Barcelona
08230,08,230,3,Premià de Dalt,Barcelona
08172,08,172,7,Premià de Mar,Barcelona
08174,08,174,8,Puigdàlber,Barcelona
08175,08,175,1,Puig-reig,Barcelona
08176,08,176,4,Pujalt,Barcelona
08177,08,177,0,"Quar, La",Barcelona
08178,08,178,6,Rajadell,Barcelona
08179,08,179,9,Rellinars,Barcelona
08180,08,180,3,Ripollet,Barcelona
08181,08,181,0,"Roca del Vallès, La",Barcelona
08183,08,183,1,Roda de Ter,Barcelona
08184,08,184,6,Rubí,Barcelona
08185,08,185,9,Rubió,Barcelona
08901,08,901,9,Rupit i Pruit,Barcelona
08187,08,187,8,Sabadell,Barcelona
08188,08,188,4,Sagàs,Barcelona
08190,08,190,1,Saldes,Barcelona
08191,08,191,8,Sallent,Barcelona
08194,08,194,4,Sant Adrià de Besòs,Barcelona
08195,08,195,7,Sant Agustí de Lluçanès,Barcelona
08196,08,196,0,Sant Andreu de la Barca,Barcelona
08197,08,197,6,Sant Andreu de Llavaneres,Barcelona
08198,08,198,2,Sant Antoni de Vilamajor,Barcelona
08199,08,199,5,Sant Bartomeu del Grau,Barcelona
08200,08,200,9,Sant Boi de Llobregat,Barcelona
08201,08,201,6,Sant Boi de Lluçanès,Barcelona
08203,08,203,7,Sant Cebrià de Vallalta,Barcelona
08202,08,202,1,Sant Celoni,Barcelona
08204,08,204,2,Sant Climent de Llobregat,Barcelona
08205,08,205,5,Sant Cugat del Vallès,Barcelona
08206,08,206,8,Sant Cugat Sesgarrigues,Barcelona
08207,08,207,4,Sant Esteve de Palautordera,Barcelona
08208,08,208,0,Sant Esteve Sesrovires,Barcelona
08210,08,210,7,Sant Feliu de Codines,Barcelona
08211,08,211,4,Sant Feliu de Llobregat,Barcelona
08212,08,212,9,Sant Feliu Sasserra,Barcelona
08209,08,209,3,Sant Fost de Campsentelles,Barcelona
08213,08,213,5,Sant Fruitós de Bages,Barcelona
08215,08,215,3,Sant Hipòlit de Voltregà,Barcelona
08193,08,193,9,Sant Iscle de Vallalta,Barcelona
08216,08,216,6,Sant Jaume de Frontanyà,Barcelona
08218,08,218,8,Sant Joan de Vilatorrada,Barcelona
08217,08,217,2,Sant Joan Despí,Barcelona
08903,08,903,0,Sant Julià de Cerdanyola,Barcelona
08220,08,220,5,Sant Julià de Vilatorta,Barcelona
08221,08,221,2,Sant Just Desvern,Barcelona
08222,08,222,7,Sant Llorenç d'Hortons,Barcelona
08223,08,223,3,Sant Llorenç Savall,Barcelona
08225,08,225,1,Sant Martí d'Albars,Barcelona
08224,08,224,8,Sant Martí de Centelles,Barcelona
08226,08,226,4,Sant Martí de Tous,Barcelona
08227,08,227,0,Sant Martí Sarroca,Barcelona
08228,08,228,6,Sant Martí Sesgueioles,Barcelona
08229,08,229,9,Sant Mateu de Bages,Barcelona
08231,08,231,0,Sant Pere de Ribes,Barcelona
08232,08,232,5,Sant Pere de Riudebitlles,Barcelona
08233,08,233,1,Sant Pere de Torelló,Barcelona
08234,08,234,6,Sant Pere de Vilamajor,Barcelona
08189,08,189,7,Sant Pere Sallavinera,Barcelona
08235,08,235,9,Sant Pol de Mar,Barcelona
08236,08,236,2,Sant Quintí de Mediona,Barcelona
08237,08,237,8,Sant Quirze de Besora,Barcelona
08238,08,238,4,Sant Quirze del Vallès,Barcelona
08239,08,239,7,Sant Quirze Safaja,Barcelona
08240,08,240,1,Sant Sadurní d'Anoia,Barcelona
08241,08,241,8,Sant Sadurní d'Osormort,Barcelona
08098,08,098,3,Sant Salvador de Guardiola,Barcelona
08262,08,262,8,Sant Vicenç de Castellet,Barcelona
08264,08,264,9,Sant Vicenç de Montalt,Barcelona
08265,08,265,2,Sant Vicenç de Torelló,Barcelona
08263,08,263,4,Sant Vicenç dels Horts,Barcelona
08243,08,243,9,Santa Cecília de Voltregà,Barcelona
08244,08,244,4,Santa Coloma de Cervelló,Barcelona
08245,08,245,7,Santa Coloma de Gramenet,Barcelona
08246,08,246,0,Santa Eugènia de Berga,Barcelona
08247,08,247,6,Santa Eulàlia de Riuprimer,Barcelona
08248,08,248,2,Santa Eulàlia de Ronçana,Barcelona
08249,08,249,5,Santa Fe del Penedès,Barcelona
08250,08,250,8,Santa Margarida de Montbui,Barcelona
08251,08,251,5,Santa Margarida i els Monjos,Barcelona
08253,08,253,6,Santa Maria de Besora,Barcelona
08256,08,256,7,Santa Maria de Martorelles,Barcelona
08255,08,255,4,Santa Maria de Merlès,Barcelona
08257,08,257,3,Santa Maria de Miralles,Barcelona
08259,08,259,2,Santa Maria de Palautordera,Barcelona
08258,08,258,9,Santa Maria d'Oló,Barcelona
08260,08,260,6,Santa Perpètua de Mogoda,Barcelona
08261,08,261,3,Santa Susanna,Barcelona
08192,08,192,3,Santpedor,Barcelona
08267,08,267,1,Sentmenat,Barcelona
08269,08,269,0,Seva,Barcelona
08270,08,270,4,Sitges,Barcelona
08271,08,271,1,Sobremunt,Barcelona
08272,08,272,6,Sora,Barcelona
08273,08,273,2,Subirats,Barcelona
08274,08,274,7,Súria,Barcelona
08276,08,276,3,Tagamanent,Barcelona
08277,08,277,9,Talamanca,Barcelona
08278,08,278,5,Taradell,Barcelona
08275,08,275,0,Tavèrnoles,Barcelona
08280,08,280,2,Tavertet,Barcelona
08281,08,281,9,Teià,Barcelona
08279,08,279,8,Terrassa,Barcelona
08282,08,282,4,Tiana,Barcelona
08283,08,283,0,Tona,Barcelona
08284,08,284,5,Tordera,Barcelona
08285,08,285,8,Torelló,Barcelona
08286,08,286,1,"Torre de Claramunt, La",Barcelona
08287,08,287,7,Torrelavit,Barcelona
08288,08,288,3,Torrelles de Foix,Barcelona
08289,08,289,6,Torrelles de Llobregat,Barcelona
08290,08,290,0,Ullastrell,Barcelona
08291,08,291,7,Vacarisses,Barcelona
08292,08,292,2,Vallbona d'Anoia,Barcelona
08293,08,293,8,Vallcebre,Barcelona
08294,08,294,3,Vallgorguina,Barcelona
08295,08,295,6,Vallirana,Barcelona
08296,08,296,9,Vallromanes,Barcelona
08297,08,297,5,Veciana,Barcelona
08298,08,298,1,Vic,Barcelona
08299,08,299,4,Vilada,Barcelona
08301,08,301,5,Viladecans,Barcelona
08300,08,300,8,Viladecavalls,Barcelona
08305,08,305,4,Vilafranca del Penedès,Barcelona
08306,08,306,7,Vilalba Sasserra,Barcelona
08303,08,303,6,Vilanova de Sau,Barcelona
08302,08,302,0,Vilanova del Camí,Barcelona
08902,08,902,4,Vilanova del Vallès,Barcelona
08307,08,307,3,Vilanova i la Geltrú,Barcelona
08214,08,214,0,Vilassar de Dalt,Barcelona
08219,08,219,1,Vilassar de Mar,Barcelona
08304,08,304,1,Vilobí del Penedès,Barcelona
08308,08,308,9,Viver i Serrateix,Barcelona
09001,09,001,1,Abajas,Burgos
09003,09,003,2,Adrada de Haza,Burgos
09006,09,006,3,Aguas Cándidas,Burgos
09007,09,007,9,Aguilar de Bureba,Burgos
09009,09,009,8,Albillos,Burgos
09010,09,010,2,Alcocero de Mola,Burgos
09011,09,011,9,Alfoz de Bricia,Burgos
09907,09,907,0,Alfoz de Quintanadueñas,Burgos
09012,09,012,4,Alfoz de Santa Gadea,Burgos
09013,09,013,0,Altable,Burgos
09014,09,014,5,"Altos, Los",Burgos
09016,09,016,1,Ameyugo,Burgos
09017,09,017,7,Anguix,Burgos
09018,09,018,3,Aranda de Duero,Burgos
09019,09,019,6,Arandilla,Burgos
09020,09,020,0,Arauzo de Miel,Burgos
09021,09,021,7,Arauzo de Salce,Burgos
09022,09,022,2,Arauzo de Torre,Burgos
09023,09,023,8,Arcos,Burgos
09024,09,024,3,Arenillas de Riopisuerga,Burgos
09025,09,025,6,Arija,Burgos
09026,09,026,9,Arlanzón,Burgos
09027,09,027,5,Arraya de Oca,Burgos
09029,09,029,4,Atapuerca,Burgos
09030,09,030,8,"Ausines, Los",Burgos
09032,09,032,0,Avellanosa de Muñó,Burgos
09033,09,033,6,Bahabón de Esgueva,Burgos
09034,09,034,1,"Balbases, Los",Burgos
09035,09,035,4,Baños de Valdearados,Burgos
09036,09,036,7,Bañuelos de Bureba,Burgos
09037,09,037,3,Barbadillo de Herreros,Burgos
09038,09,038,9,Barbadillo del Mercado,Burgos
09039,09,039,2,Barbadillo del Pez,Burgos
09041,09,041,3,Barrio de Muñó,Burgos
09043,09,043,4,"Barrios de Bureba, Los",Burgos
09044,09,044,9,Barrios de Colina,Burgos
09045,09,045,2,Basconcillos del Tozo,Burgos
09046,09,046,5,Bascuñana,Burgos
09047,09,047,1,Belbimbre,Burgos
09048,09,048,7,Belorado,Burgos
09050,09,050,3,Berberana,Burgos
09051,09,051,0,Berlangas de Roa,Burgos
09052,09,052,5,Berzosa de Bureba,Burgos
09054,09,054,6,Bozoó,Burgos
09055,09,055,9,Brazacorta,Burgos
09056,09,056,2,Briviesca,Burgos
09057,09,057,8,Bugedo,Burgos
09058,09,058,4,Buniel,Burgos
09059,09,059,7,Burgos,Burgos
09060,09,060,1,Busto de Bureba,Burgos
09061,09,061,8,Cabañes de Esgueva,Burgos
09062,09,062,3,Cabezón de la Sierra,Burgos
09064,09,064,4,Caleruega,Burgos
09065,09,065,7,Campillo de Aranda,Burgos
09066,09,066,0,Campolara,Burgos
09067,09,067,6,Canicosa de la Sierra,Burgos
09068,09,068,2,Cantabrana,Burgos
09070,09,070,9,Carazo,Burgos
09071,09,071,6,Carcedo de Bureba,Burgos
09072,09,072,1,Carcedo de Burgos,Burgos
09073,09,073,7,Cardeñadijo,Burgos
09074,09,074,2,Cardeñajimeno,Burgos
09075,09,075,5,Cardeñuela Riopico,Burgos
09076,09,076,8,Carrias,Burgos
09077,09,077,4,Cascajares de Bureba,Burgos
09078,09,078,0,Cascajares de la Sierra,Burgos
09079,09,079,3,Castellanos de Castro,Burgos
09083,09,083,5,Castil de Peones,Burgos
09082,09,082,9,Castildelgado,Burgos
09084,09,084,0,Castrillo de la Reina,Burgos
09085,09,085,3,Castrillo de la Vega,Burgos
09088,09,088,8,Castrillo de Riopisuerga,Burgos
09086,09,086,6,Castrillo del Val,Burgos
09090,09,090,5,Castrillo Mota de Judíos,Burgos
09091,09,091,2,Castrojeriz,Burgos
09063,09,063,9,Cavia,Burgos
09093,09,093,3,Cayuela,Burgos
09094,09,094,8,Cebrecos,Burgos
09095,09,095,1,Celada del Camino,Burgos
09098,09,098,6,Cerezo de Río Tirón,Burgos
09100,09,100,3,Cerratón de Juarros,Burgos
09101,09,101,0,Ciadoncha,Burgos
09102,09,102,5,Cillaperlata,Burgos
09103,09,103,1,Cilleruelo de Abajo,Burgos
09104,09,104,6,Cilleruelo de Arriba,Burgos
09105,09,105,9,Ciruelos de Cervera,Burgos
09108,09,108,4,Cogollos,Burgos
09109,09,109,7,Condado de Treviño,Burgos
09110,09,110,1,Contreras,Burgos
09112,09,112,3,Coruña del Conde,Burgos
09113,09,113,9,Covarrubias,Burgos
09114,09,114,4,Cubillo del Campo,Burgos
09115,09,115,7,Cubo de Bureba,Burgos
09117,09,117,6,"Cueva de Roa, La",Burgos
09119,09,119,5,Cuevas de San Clemente,Burgos
09120,09,120,9,Encío,Burgos
09122,09,122,1,Espinosa de Cervera,Burgos
09124,09,124,2,Espinosa de los Monteros,Burgos
09123,09,123,7,Espinosa del Camino,Burgos
09125,09,125,5,Estépar,Burgos
09127,09,127,4,Fontioso,Burgos
09128,09,128,0,Frandovínez,Burgos
09129,09,129,3,Fresneda de la Sierra Tirón,Burgos
09130,09,130,7,Fresneña,Burgos
09131,09,131,4,Fresnillo de las Dueñas,Burgos
09132,09,132,9,Fresno de Río Tirón,Burgos
09133,09,133,5,Fresno de Rodilla,Burgos
09134,09,134,0,Frías,Burgos
09135,09,135,3,Fuentebureba,Burgos
09136,09,136,6,Fuentecén,Burgos
09137,09,137,2,Fuentelcésped,Burgos
09138,09,138,8,Fuentelisendo,Burgos
09139,09,139,1,Fuentemolinos,Burgos
09140,09,140,5,Fuentenebro,Burgos
09141,09,141,2,Fuentespina,Burgos
09143,09,143,3,Galbarros,Burgos
09144,09,144,8,"Gallega, La",Burgos
09148,09,148,6,Grijalba,Burgos
09149,09,149,9,Grisaleña,Burgos
09151,09,151,9,Gumiel de Izán,Burgos
09152,09,152,4,Gumiel de Mercado,Burgos
09154,09,154,5,Hacinas,Burgos
09155,09,155,8,Haza,Burgos
09159,09,159,6,Hontanas,Burgos
09160,09,160,0,Hontangas,Burgos
09162,09,162,2,Hontoria de la Cantera,Burgos
09164,09,164,3,Hontoria de Valdearados,Burgos
09163,09,163,8,Hontoria del Pinar,Burgos
09166,09,166,9,"Hormazas, Las",Burgos
09167,09,167,5,Hornillos del Camino,Burgos
09168,09,168,1,"Horra, La",Burgos
09169,09,169,4,Hortigüela,Burgos
09170,09,170,8,Hoyales de Roa,Burgos
09172,09,172,0,Huérmeces,Burgos
09173,09,173,6,Huerta de Arriba,Burgos
09174,09,174,1,Huerta de Rey,Burgos
09175,09,175,4,Humada,Burgos
09176,09,176,7,Hurones,Burgos
09177,09,177,3,Ibeas de Juarros,Burgos
09178,09,178,9,Ibrillos,Burgos
09179,09,179,2,Iglesiarrubia,Burgos
09180,09,180,6,Iglesias,Burgos
09181,09,181,3,Isar,Burgos
09182,09,182,8,Itero del Castillo,Burgos
09183,09,183,4,Jaramillo de la Fuente,Burgos
09184,09,184,9,Jaramillo Quemado,Burgos
09189,09,189,0,Junta de Traslaloma,Burgos
09190,09,190,4,Junta de Villalba de Losa,Burgos
09191,09,191,1,Jurisdicción de Lara,Burgos
09192,09,192,6,Jurisdicción de San Zadornil,Burgos
09194,09,194,7,Lerma,Burgos
09195,09,195,0,Llano de Bureba,Burgos
09196,09,196,3,Madrigal del Monte,Burgos
09197,09,197,9,Madrigalejo del Monte,Burgos
09198,09,198,5,Mahamud,Burgos
09199,09,199,8,Mambrilla de Castrejón,Burgos
09200,09,200,2,Mambrillas de Lara,Burgos
09201,09,201,9,Mamolar,Burgos
09202,09,202,4,Manciles,Burgos
09206,09,206,1,Mazuela,Burgos
09208,09,208,3,Mecerreyes,Burgos
09209,09,209,6,Medina de Pomar,Burgos
09211,09,211,7,Melgar de Fernamental,Burgos
09213,09,213,8,Merindad de Cuesta-Urria,Burgos
09214,09,214,3,Merindad de Montija,Burgos
09906,09,906,4,Merindad de Río Ubierna,Burgos
09215,09,215,6,Merindad de Sotoscueva,Burgos
09216,09,216,9,Merindad de Valdeporres,Burgos
09217,09,217,5,Merindad de Valdivielso,Burgos
09218,09,218,1,Milagros,Burgos
09219,09,219,4,Miranda de Ebro,Burgos
09220,09,220,8,Miraveche,Burgos
09221,09,221,5,Modúbar de la Emparedada,Burgos
09223,09,223,6,Monasterio de la Sierra,Burgos
09224,09,224,1,Monasterio de Rodilla,Burgos
09225,09,225,4,Moncalvillo,Burgos
09226,09,226,7,Monterrubio de la Demanda,Burgos
09227,09,227,3,Montorio,Burgos
09228,09,228,9,Moradillo de Roa,Burgos
09229,09,229,2,Nava de Roa,Burgos
09230,09,230,6,Navas de Bureba,Burgos
09231,09,231,3,Nebreda,Burgos
09232,09,232,8,Neila,Burgos
09235,09,235,2,Olmedillo de Roa,Burgos
09236,09,236,5,Olmillos de Muñó,Burgos
09238,09,238,7,Oña,Burgos
09239,09,239,0,Oquillas,Burgos
09241,09,241,1,Orbaneja Riopico,Burgos
09242,09,242,6,Padilla de Abajo,Burgos
09243,09,243,2,Padilla de Arriba,Burgos
09244,09,244,7,Padrones de Bureba,Burgos
09246,09,246,3,Palacios de la Sierra,Burgos
09247,09,247,9,Palacios de Riopisuerga,Burgos
09248,09,248,5,Palazuelos de la Sierra,Burgos
09249,09,249,8,Palazuelos de Muñó,Burgos
09250,09,250,1,Pampliega,Burgos
09251,09,251,8,Pancorbo,Burgos
09253,09,253,9,Pardilla,Burgos
09255,09,255,7,Partido de la Sierra en Tobalina,Burgos
09256,09,256,0,Pedrosa de Duero,Burgos
09259,09,259,5,Pedrosa de Río Úrbel,Burgos
09257,09,257,6,Pedrosa del Páramo,Burgos
09258,09,258,2,Pedrosa del Príncipe,Burgos
09261,09,261,6,Peñaranda de Duero,Burgos
09262,09,262,1,Peral de Arlanza,Burgos
09265,09,265,5,Piérnigas,Burgos
09266,09,266,8,Pineda de la Sierra,Burgos
09267,09,267,4,Pineda Trasmonte,Burgos
09268,09,268,0,Pinilla de los Barruecos,Burgos
09269,09,269,3,Pinilla de los Moros,Burgos
09270,09,270,7,Pinilla Trasmonte,Burgos
09272,09,272,9,Poza de la Sal,Burgos
09273,09,273,5,Prádanos de Bureba,Burgos
09274,09,274,0,Pradoluengo,Burgos
09275,09,275,3,Presencio,Burgos
09276,09,276,6,"Puebla de Arganzón, La",Burgos
09277,09,277,2,Puentedura,Burgos
09279,09,279,1,Quemada,Burgos
09281,09,281,2,Quintana del Pidio,Burgos
09280,09,280,5,Quintanabureba,Burgos
09283,09,283,3,Quintanaélez,Burgos
09287,09,287,0,Quintanaortuño,Burgos
09288,09,288,6,Quintanapalla,Burgos
09289,09,289,9,Quintanar de la Sierra,Burgos
09292,09,292,5,Quintanavides,Burgos
09294,09,294,6,Quintanilla de la Mata,Burgos
09901,09,901,2,Quintanilla del Agua y Tordueles,Burgos
09295,09,295,9,Quintanilla del Coco,Burgos
09298,09,298,4,Quintanilla San García,Burgos
09301,09,301,8,Quintanilla Vivar,Burgos
09297,09,297,8,"Quintanillas, Las",Burgos
09302,09,302,3,Rabanera del Pinar,Burgos
09303,09,303,9,Rábanos,Burgos
09304,09,304,4,Rabé de las Calzadas,Burgos
09306,09,306,0,Rebolledo de la Torre,Burgos
09307,09,307,6,Redecilla del Camino,Burgos
09308,09,308,2,Redecilla del Campo,Burgos
09309,09,309,5,Regumiel de la Sierra,Burgos
09310,09,310,9,Reinoso,Burgos
09311,09,311,6,Retuerta,Burgos
09314,09,314,2,Revilla del Campo,Burgos
09316,09,316,8,Revilla Vallejera,Burgos
09312,09,312,1,"Revilla y Ahedo, La",Burgos
09315,09,315,5,Revillarruz,Burgos
09317,09,317,4,Rezmondo,Burgos
09318,09,318,0,Riocavado de la Sierra,Burgos
09321,09,321,4,Roa,Burgos
09323,09,323,5,Rojas,Burgos
09325,09,325,3,Royuela de Río Franco,Burgos
09326,09,326,6,Rubena,Burgos
09327,09,327,2,Rublacedo de Abajo,Burgos
09328,09,328,8,Rucandio,Burgos
09329,09,329,1,Salas de Bureba,Burgos
09330,09,330,5,Salas de los Infantes,Burgos
09332,09,332,7,Saldaña de Burgos,Burgos
09334,09,334,8,Salinillas de Bureba,Burgos
09335,09,335,1,San Adrián de Juarros,Burgos
09337,09,337,0,San Juan del Monte,Burgos
09338,09,338,6,San Mamés de Burgos,Burgos
09339,09,339,9,San Martín de Rubiales,Burgos
09340,09,340,3,San Millán de Lara,Burgos
09360,09,360,8,San Vicente del Valle,Burgos
09343,09,343,1,Santa Cecilia,Burgos
09345,09,345,9,Santa Cruz de la Salceda,Burgos
09346,09,346,2,Santa Cruz del Valle Urbión,Burgos
09347,09,347,8,Santa Gadea del Cid,Burgos
09348,09,348,4,Santa Inés,Burgos
09350,09,350,0,Santa María del Campo,Burgos
09351,09,351,7,Santa María del Invierno,Burgos
09352,09,352,2,Santa María del Mercadillo,Burgos
09353,09,353,8,Santa María Ribarredonda,Burgos
09354,09,354,3,Santa Olalla de Bureba,Burgos
09355,09,355,6,Santibáñez de Esgueva,Burgos
09356,09,356,9,Santibáñez del Val,Burgos
09358,09,358,1,Santo Domingo de Silos,Burgos
09361,09,361,5,Sargentes de la Lora,Burgos
09362,09,362,0,Sarracín,Burgos
09363,09,363,6,Sasamón,Burgos
09365,09,365,4,"Sequera de Haza, La",Burgos
09366,09,366,7,Solarana,Burgos
09368,09,368,9,Sordillos,Burgos
09369,09,369,2,Sotillo de la Ribera,Burgos
09372,09,372,8,Sotragero,Burgos
09373,09,373,4,Sotresgudo,Burgos
09374,09,374,9,Susinos del Páramo,Burgos
09375,09,375,2,Tamarón,Burgos
09377,09,377,1,Tardajos,Burgos
09378,09,378,7,Tejada,Burgos
09380,09,380,4,Terradillos de Esgueva,Burgos
09381,09,381,1,Tinieblas de la Sierra,Burgos
09382,09,382,6,Tobar,Burgos
09384,09,384,7,Tordómar,Burgos
09386,09,386,3,Torrecilla del Monte,Burgos
09387,09,387,9,Torregalindo,Burgos
09388,09,388,5,Torrelara,Burgos
09389,09,389,8,Torrepadre,Burgos
09390,09,390,2,Torresandino,Burgos
09391,09,391,9,Tórtoles de Esgueva,Burgos
09392,09,392,4,Tosantos,Burgos
09394,09,394,5,Trespaderne,Burgos
09395,09,395,8,Tubilla del Agua,Burgos
09396,09,396,1,Tubilla del Lago,Burgos
09398,09,398,3,Úrbel del Castillo,Burgos
09400,09,400,0,Vadocondes,Burgos
09403,09,403,8,Valdeande,Burgos
09405,09,405,6,Valdezate,Burgos
09406,09,406,9,Valdorros,Burgos
09408,09,408,1,Vallarta de Bureba,Burgos
09904,09,904,8,Valle de las Navas,Burgos
09908,09,908,6,Valle de Losa,Burgos
09409,09,409,4,Valle de Manzanedo,Burgos
09410,09,410,8,Valle de Mena,Burgos
09411,09,411,5,Valle de Oca,Burgos
09902,09,902,7,Valle de Santibáñez,Burgos
09905,09,905,1,Valle de Sedano,Burgos
09412,09,412,0,Valle de Tobalina,Burgos
09413,09,413,6,Valle de Valdebezana,Burgos
09414,09,414,1,Valle de Valdelaguna,Burgos
09415,09,415,4,Valle de Valdelucio,Burgos
09416,09,416,7,Valle de Zamanzas,Burgos
09417,09,417,3,Vallejera,Burgos
09418,09,418,9,Valles de Palenzuela,Burgos
09419,09,419,2,Valluércanes,Burgos
09407,09,407,5,Valmala,Burgos
09422,09,422,8,"Vid de Bureba, La",Burgos
09421,09,421,3,"Vid y Barrios, La",Burgos
09423,09,423,4,Vileña,Burgos
09427,09,427,1,Villadiego,Burgos
09428,09,428,7,Villaescusa de Roa,Burgos
09429,09,429,0,Villaescusa la Sombría,Burgos
09430,09,430,4,Villaespasa,Burgos
09431,09,431,1,Villafranca Montes de Oca,Burgos
09432,09,432,6,Villafruela,Burgos
09433,09,433,2,Villagalijo,Burgos
09434,09,434,7,Villagonzalo Pedernales,Burgos
09437,09,437,9,Villahoz,Burgos
09438,09,438,5,Villalba de Duero,Burgos
09439,09,439,8,Villalbilla de Burgos,Burgos
09440,09,440,2,Villalbilla de Gumiel,Burgos
09441,09,441,9,Villaldemiro,Burgos
09442,09,442,4,Villalmanzo,Burgos
09443,09,443,0,Villamayor de los Montes,Burgos
09444,09,444,5,Villamayor de Treviño,Burgos
09445,09,445,8,Villambistia,Burgos
09446,09,446,1,Villamedianilla,Burgos
09447,09,447,7,Villamiel de la Sierra,Burgos
09448,09,448,3,Villangómez,Burgos
09449,09,449,6,Villanueva de Argaño,Burgos
09450,09,450,9,Villanueva de Carazo,Burgos
09451,09,451,6,Villanueva de Gumiel,Burgos
09454,09,454,2,Villanueva de Teba,Burgos
09455,09,455,5,Villaquirán de la Puebla,Burgos
09456,09,456,8,Villaquirán de los Infantes,Burgos
09903,09,903,3,Villarcayo de Merindad de Castilla la Vieja,Burgos
09458,09,458,0,Villariezo,Burgos
09460,09,460,7,Villasandino,Burgos
09463,09,463,5,Villasur de Herreros,Burgos
09464,09,464,0,Villatuelda,Burgos
09466,09,466,6,Villaverde del Monte,Burgos
09467,09,467,2,Villaverde-Mogina,Burgos
09471,09,471,2,Villayerno Morquillas,Burgos
09472,09,472,7,Villazopeque,Burgos
09473,09,473,3,Villegas,Burgos
09476,09,476,4,Villoruebo,Burgos
09424,09,424,9,Viloria de Rioja,Burgos
09425,09,425,2,Vilviestre del Pinar,Burgos
09478,09,478,6,Vizcaínos,Burgos
09480,09,480,3,Zael,Burgos
09482,09,482,5,Zarzosa de Río Pisuerga,Burgos
09483,09,483,1,Zazuar,Burgos
09485,09,485,9,Zuñeda,Burgos
10001,10,001,5,Abadía,Cáceres
10002,10,002,0,Abertura,Cáceres
10003,10,003,6,Acebo,Cáceres
10004,10,004,1,Acehúche,Cáceres
10005,10,005,4,Aceituna,Cáceres
10006,10,006,7,Ahigal,Cáceres
10903,10,903,7,Alagón del Río,Cáceres
10007,10,007,3,Albalá,Cáceres
10008,10,008,9,Alcántara,Cáceres
10009,10,009,2,Alcollarín,Cáceres
10010,10,010,6,Alcuéscar,Cáceres
10012,10,012,8,Aldea del Cano,Cáceres
10013,10,013,4,"Aldea del Obispo, La",Cáceres
10011,10,011,3,Aldeacentenera,Cáceres
10014,10,014,9,Aldeanueva de la Vera,Cáceres
10015,10,015,2,Aldeanueva del Camino,Cáceres
10016,10,016,5,Aldehuela del Jerte,Cáceres
10017,10,017,1,Alía,Cáceres
10018,10,018,7,Aliseda,Cáceres
10019,10,019,0,Almaraz,Cáceres
10020,10,020,4,Almoharín,Cáceres
10021,10,021,1,Arroyo de la Luz,Cáceres
10023,10,023,2,Arroyomolinos,Cáceres
10022,10,022,6,Arroyomolinos de la Vera,Cáceres
10024,10,024,7,Baños de Montemayor,Cáceres
10025,10,025,0,Barrado,Cáceres
10026,10,026,3,Belvís de Monroy,Cáceres
10027,10,027,9,Benquerencia,Cáceres
10028,10,028,5,Berrocalejo,Cáceres
10029,10,029,8,Berzocana,Cáceres
10030,10,030,2,Bohonal de Ibor,Cáceres
10031,10,031,9,Botija,Cáceres
10032,10,032,4,Brozas,Cáceres
10033,10,033,0,Cabañas del Castillo,Cáceres
10034,10,034,5,Cabezabellosa,Cáceres
10035,10,035,8,Cabezuela del Valle,Cáceres
10036,10,036,1,Cabrero,Cáceres
10037,10,037,7,Cáceres,Cáceres
10038,10,038,3,Cachorrilla,Cáceres
10039,10,039,6,Cadalso,Cáceres
10040,10,040,0,Calzadilla,Cáceres
10041,10,041,7,Caminomorisco,Cáceres
10042,10,042,2,Campillo de Deleitosa,Cáceres
10043,10,043,8,Campo Lugar,Cáceres
10044,10,044,3,Cañamero,Cáceres
10045,10,045,6,Cañaveral,Cáceres
10046,10,046,9,Carbajo,Cáceres
10047,10,047,5,Carcaboso,Cáceres
10048,10,048,1,Carrascalejo,Cáceres
10049,10,049,4,Casar de Cáceres,Cáceres
10050,10,050,7,Casar de Palomero,Cáceres
10051,10,051,4,Casares de las Hurdes,Cáceres
10052,10,052,9,Casas de Don Antonio,Cáceres
10053,10,053,5,Casas de Don Gómez,Cáceres
10056,10,056,6,Casas de Millán,Cáceres
10057,10,057,2,Casas de Miravete,Cáceres
10054,10,054,0,Casas del Castañar,Cáceres
10055,10,055,3,Casas del Monte,Cáceres
10058,10,058,8,Casatejada,Cáceres
10059,10,059,1,Casillas de Coria,Cáceres
10060,10,060,5,Castañar de Ibor,Cáceres
10061,10,061,2,Ceclavín,Cáceres
10062,10,062,7,Cedillo,Cáceres
10063,10,063,3,Cerezo,Cáceres
10064,10,064,8,Cilleros,Cáceres
10065,10,065,1,Collado de la Vera,Cáceres
10066,10,066,4,Conquista de la Sierra,Cáceres
10067,10,067,0,Coria,Cáceres
10068,10,068,6,Cuacos de Yuste,Cáceres
10069,10,069,9,"Cumbre, La",Cáceres
10070,10,070,3,Deleitosa,Cáceres
10071,10,071,0,Descargamaría,Cáceres
10072,10,072,5,Eljas,Cáceres
10073,10,073,1,Escurial,Cáceres
10075,10,075,9,Fresnedoso de Ibor,Cáceres
10076,10,076,2,Galisteo,Cáceres
10077,10,077,8,Garciaz,Cáceres
10079,10,079,7,Garganta la Olla,Cáceres
10078,10,078,4,"Garganta, La",Cáceres
10080,10,080,1,Gargantilla,Cáceres
10081,10,081,8,Gargüera,Cáceres
10082,10,082,3,Garrovillas de Alconétar,Cáceres
10083,10,083,9,Garvín,Cáceres
10084,10,084,4,Gata,Cáceres
10085,10,085,7,"Gordo, El",Cáceres
10086,10,086,0,"Granja, La",Cáceres
10087,10,087,6,Guadalupe,Cáceres
10088,10,088,2,Guijo de Coria,Cáceres
10089,10,089,5,Guijo de Galisteo,Cáceres
10090,10,090,9,Guijo de Granadilla,Cáceres
10091,10,091,6,Guijo de Santa Bárbara,Cáceres
10092,10,092,1,Herguijuela,Cáceres
10093,10,093,7,Hernán-Pérez,Cáceres
10094,10,094,2,Herrera de Alcántara,Cáceres
10095,10,095,5,Herreruela,Cáceres
10096,10,096,8,Hervás,Cáceres
10097,10,097,4,Higuera de Albalat,Cáceres
10098,10,098,0,Hinojal,Cáceres
10099,10,099,3,Holguera,Cáceres
10100,10,100,7,Hoyos,Cáceres
10101,10,101,4,Huélaga,Cáceres
10102,10,102,9,Ibahernando,Cáceres
10103,10,103,5,Jaraicejo,Cáceres
10104,10,104,0,Jaraíz de la Vera,Cáceres
10105,10,105,3,Jarandilla de la Vera,Cáceres
10106,10,106,6,Jarilla,Cáceres
10107,10,107,2,Jerte,Cáceres
10108,10,108,8,Ladrillar,Cáceres
10109,10,109,1,Logrosán,Cáceres
10110,10,110,5,Losar de la Vera,Cáceres
10111,10,111,2,Madrigal de la Vera,Cáceres
10112,10,112,7,Madrigalejo,Cáceres
10113,10,113,3,Madroñera,Cáceres
10114,10,114,8,Majadas,Cáceres
10115,10,115,1,Malpartida de Cáceres,Cáceres
10116,10,116,4,Malpartida de Plasencia,Cáceres
10117,10,117,0,Marchagaz,Cáceres
10118,10,118,6,Mata de Alcántara,Cáceres
10119,10,119,9,Membrío,Cáceres
10120,10,120,3,Mesas de Ibor,Cáceres
10121,10,121,0,Miajadas,Cáceres
10122,10,122,5,Millanes,Cáceres
10123,10,123,1,Mirabel,Cáceres
10124,10,124,6,Mohedas de Granadilla,Cáceres
10125,10,125,9,Monroy,Cáceres
10126,10,126,2,Montánchez,Cáceres
10127,10,127,8,Montehermoso,Cáceres
10128,10,128,4,Moraleja,Cáceres
10129,10,129,7,Morcillo,Cáceres
10130,10,130,1,Navaconcejo,Cáceres
10131,10,131,8,Navalmoral de la Mata,Cáceres
10132,10,132,3,Navalvillar de Ibor,Cáceres
10133,10,133,9,Navas del Madroño,Cáceres
10134,10,134,4,Navezuelas,Cáceres
10135,10,135,7,Nuñomoral,Cáceres
10136,10,136,0,Oliva de Plasencia,Cáceres
10137,10,137,6,Palomero,Cáceres
10138,10,138,2,Pasarón de la Vera,Cáceres
10139,10,139,5,Pedroso de Acim,Cáceres
10140,10,140,9,Peraleda de la Mata,Cáceres
10141,10,141,6,Peraleda de San Román,Cáceres
10142,10,142,1,Perales del Puerto,Cáceres
10143,10,143,7,Pescueza,Cáceres
10144,10,144,2,"Pesga, La",Cáceres
10145,10,145,5,Piedras Albas,Cáceres
10146,10,146,8,Pinofranqueado,Cáceres
10147,10,147,4,Piornal,Cáceres
10148,10,148,0,Plasencia,Cáceres
10149,10,149,3,Plasenzuela,Cáceres
10150,10,150,6,Portaje,Cáceres
10151,10,151,3,Portezuelo,Cáceres
10152,10,152,8,Pozuelo de Zarzón,Cáceres
10905,10,905,5,Pueblonuevo de Miramontes,Cáceres
10153,10,153,4,Puerto de Santa Cruz,Cáceres
10154,10,154,9,Rebollar,Cáceres
10155,10,155,2,Riolobos,Cáceres
10156,10,156,5,Robledillo de Gata,Cáceres
10157,10,157,1,Robledillo de la Vera,Cáceres
10158,10,158,7,Robledillo de Trujillo,Cáceres
10159,10,159,0,Robledollano,Cáceres
10160,10,160,4,Romangordo,Cáceres
10901,10,901,6,Rosalejo,Cáceres
10161,10,161,1,Ruanes,Cáceres
10162,10,162,6,Salorino,Cáceres
10163,10,163,2,Salvatierra de Santiago,Cáceres
10164,10,164,7,San Martín de Trevejo,Cáceres
10165,10,165,0,Santa Ana,Cáceres
10166,10,166,3,Santa Cruz de la Sierra,Cáceres
10167,10,167,9,Santa Cruz de Paniagua,Cáceres
10168,10,168,5,Santa Marta de Magasca,Cáceres
10169,10,169,8,Santiago de Alcántara,Cáceres
10170,10,170,2,Santiago del Campo,Cáceres
10171,10,171,9,Santibáñez el Alto,Cáceres
10172,10,172,4,Santibáñez el Bajo,Cáceres
10173,10,173,0,Saucedilla,Cáceres
10174,10,174,5,Segura de Toro,Cáceres
10175,10,175,8,Serradilla,Cáceres
10176,10,176,1,Serrejón,Cáceres
10177,10,177,7,Sierra de Fuentes,Cáceres
10178,10,178,3,Talaván,Cáceres
10179,10,179,6,Talaveruela de la Vera,Cáceres
10180,10,180,0,Talayuela,Cáceres
10181,10,181,7,Tejeda de Tiétar,Cáceres
10904,10,904,2,Tiétar,Cáceres
10182,10,182,2,Toril,Cáceres
10183,10,183,8,Tornavacas,Cáceres
10184,10,184,3,"Torno, El",Cáceres
10187,10,187,5,Torre de Don Miguel,Cáceres
10188,10,188,1,Torre de Santa María,Cáceres
10185,10,185,6,Torrecilla de los Ángeles,Cáceres
10186,10,186,9,Torrecillas de la Tiesa,Cáceres
10190,10,190,8,Torrejón el Rubio,Cáceres
10189,10,189,4,Torrejoncillo,Cáceres
10191,10,191,5,Torremenga,Cáceres
10192,10,192,0,Torremocha,Cáceres
10193,10,193,6,Torreorgaz,Cáceres
10194,10,194,1,Torrequemada,Cáceres
10195,10,195,4,Trujillo,Cáceres
10196,10,196,7,Valdastillas,Cáceres
10197,10,197,3,Valdecañas de Tajo,Cáceres
10198,10,198,9,Valdefuentes,Cáceres
10199,10,199,2,Valdehúncar,Cáceres
10200,10,200,6,Valdelacasa de Tajo,Cáceres
10201,10,201,3,Valdemorales,Cáceres
10202,10,202,8,Valdeobispo,Cáceres
10203,10,203,4,Valencia de Alcántara,Cáceres
10204,10,204,9,Valverde de la Vera,Cáceres
10205,10,205,2,Valverde del Fresno,Cáceres
10902,10,902,1,Vegaviana,Cáceres
10206,10,206,5,Viandar de la Vera,Cáceres
10207,10,207,1,Villa del Campo,Cáceres
10208,10,208,7,Villa del Rey,Cáceres
10209,10,209,0,Villamesías,Cáceres
10210,10,210,4,Villamiel,Cáceres
10211,10,211,1,Villanueva de la Sierra,Cáceres
10212,10,212,6,Villanueva de la Vera,Cáceres
10214,10,214,7,Villar de Plasencia,Cáceres
10213,10,213,2,Villar del Pedroso,Cáceres
10215,10,215,0,Villasbuenas de Gata,Cáceres
10216,10,216,3,Zarza de Granadilla,Cáceres
10217,10,217,9,Zarza de Montánchez,Cáceres
10218,10,218,5,Zarza la Mayor,Cáceres
10219,10,219,8,Zorita,Cáceres
11001,11,001,2,Alcalá de los Gazules,Cádiz
11002,11,002,7,Alcalá del Valle,Cádiz
11003,11,003,3,Algar,Cádiz
11004,11,004,8,Algeciras,Cádiz
11005,11,005,1,Algodonales,Cádiz
11006,11,006,4,Arcos de la Frontera,Cádiz
11007,11,007,0,Barbate,Cádiz
11008,11,008,6,"Barrios, Los",Cádiz
11901,11,901,3,Benalup-Casas Viejas,Cádiz
11009,11,009,9,Benaocaz,Cádiz
11010,11,010,3,Bornos,Cádiz
11011,11,011,0,"Bosque, El",Cádiz
11012,11,012,5,Cádiz,Cádiz
11013,11,013,1,Castellar de la Frontera,Cádiz
11015,11,015,9,Chiclana de la Frontera,Cádiz
11016,11,016,2,Chipiona,Cádiz
11014,11,014,6,Conil de la Frontera,Cádiz
11017,11,017,8,Espera,Cádiz
11018,11,018,4,"Gastor, El",Cádiz
11019,11,019,7,Grazalema,Cádiz
11020,11,020,1,Jerez de la Frontera,Cádiz
11021,11,021,8,Jimena de la Frontera,Cádiz
11022,11,022,3,"Línea de la Concepción, La",Cádiz
11023,11,023,9,Medina Sidonia,Cádiz
11024,11,024,4,Olvera,Cádiz
11025,11,025,7,Paterna de Rivera,Cádiz
11026,11,026,0,Prado del Rey,Cádiz
11027,11,027,6,"Puerto de Santa María, El",Cádiz
11028,11,028,2,Puerto Real,Cádiz
11029,11,029,5,Puerto Serrano,Cádiz
11030,11,030,9,Rota,Cádiz
11031,11,031,6,San Fernando,Cádiz
11902,11,902,8,San José del Valle,Cádiz
11903,11,903,4,San Martín del Tesorillo,Cádiz
11033,11,033,7,San Roque,Cádiz
11032,11,032,1,Sanlúcar de Barrameda,Cádiz
11034,11,034,2,Setenil de las Bodegas,Cádiz
11035,11,035,5,Tarifa,Cádiz
11036,11,036,8,Torre Alháquime,Cádiz
11037,11,037,4,Trebujena,Cádiz
11038,11,038,0,Ubrique,Cádiz
11039,11,039,3,Vejer de la Frontera,Cádiz
11040,11,040,7,Villaluenga del Rosario,Cádiz
11041,11,041,4,Villamartín,Cádiz
11042,11,042,9,Zahara,Cádiz
12002,12,002,2,Aín,Castellón
12003,12,003,8,Albocàsser,Castellón
12004,12,004,3,Alcalà de Xivert,Castellón
12005,12,005,6,"Alcora, l'",Castellón
12006,12,006,9,Alcudia de Veo,Castellón
12007,12,007,5,Alfondeguilla,Castellón
12008,12,008,1,Algimia de Almonacid,Castellón
12009,12,009,4,Almassora,Castellón
12010,12,010,8,Almedíjar,Castellón
12011,12,011,5,Almenara,Castellón
12901,12,901,8,"Alqueries, les/Alquerías del Niño Perdido",Castellón
12012,12,012,0,Altura,Castellón
12013,12,013,6,Arañuel,Castellón
12014,12,014,1,Ares del Maestrat,Castellón
12015,12,015,4,Argelita,Castellón
12016,12,016,7,Artana,Castellón
12001,12,001,7,Atzeneta del Maestrat,Castellón
12017,12,017,3,Ayódar,Castellón
12018,12,018,9,Azuébar,Castellón
12020,12,020,6,Barracas,Castellón
12022,12,022,8,Bejís,Castellón
12024,12,024,9,Benafer,Castellón
12025,12,025,2,Benafigos,Castellón
12026,12,026,5,Benassal,Castellón
12027,12,027,1,Benicarló,Castellón
12028,12,028,7,Benicàssim/Benicasim,Castellón
12029,12,029,0,Benlloc,Castellón
12021,12,021,3,Betxí,Castellón
12032,12,032,6,Borriana/Burriana,Castellón
12031,12,031,1,Borriol,Castellón
12033,12,033,2,Cabanes,Castellón
12034,12,034,7,Càlig,Castellón
12036,12,036,3,Canet lo Roig,Castellón
12037,12,037,9,Castell de Cabres,Castellón
12038,12,038,5,Castellfort,Castellón
12039,12,039,8,Castellnovo,Castellón
12040,12,040,2,Castelló de la Plana/Castellón de la Plana,Castellón
12041,12,041,9,Castillo de Villamalefa,Castellón
12042,12,042,4,Catí,Castellón
12043,12,043,0,Caudiel,Castellón
12044,12,044,5,Cervera del Maestre,Castellón
12053,12,053,7,Chilches/Xilxes,Castellón
12056,12,056,8,Chóvar,Castellón
12045,12,045,8,Cinctorres,Castellón
12046,12,046,1,Cirat,Castellón
12048,12,048,3,Cortes de Arenoso,Castellón
12049,12,049,6,Costur,Castellón
12050,12,050,9,"Coves de Vinromà, les",Castellón
12051,12,051,6,Culla,Castellón
12057,12,057,4,Eslida,Castellón
12058,12,058,0,Espadilla,Castellón
12059,12,059,3,Fanzara,Castellón
12060,12,060,7,Figueroles,Castellón
12061,12,061,4,Forcall,Castellón
12063,12,063,5,Fuente la Reina,Castellón
12064,12,064,0,Fuentes de Ayódar,Castellón
12065,12,065,3,Gaibiel,Castellón
12067,12,067,2,Geldo,Castellón
12068,12,068,8,Herbers,Castellón
12069,12,069,1,Higueras,Castellón
12070,12,070,5,"Jana, la",Castellón
12071,12,071,2,Jérica,Castellón
12074,12,074,8,"Llosa, la",Castellón
12072,12,072,7,Llucena/Lucena del Cid,Castellón
12073,12,073,3,Ludiente,Castellón
12075,12,075,1,"Mata de Morella, la",Castellón
12076,12,076,4,Matet,Castellón
12077,12,077,0,Moncofa,Castellón
12078,12,078,6,Montán,Castellón
12079,12,079,9,Montanejos,Castellón
12080,12,080,3,Morella,Castellón
12081,12,081,0,Navajas,Castellón
12082,12,082,5,Nules,Castellón
12083,12,083,1,Olocau del Rey,Castellón
12084,12,084,6,Onda,Castellón
12085,12,085,9,Orpesa/Oropesa del Mar,Castellón
12087,12,087,8,Palanques,Castellón
12088,12,088,4,Pavías,Castellón
12089,12,089,7,Peníscola/Peñíscola,Castellón
12090,12,090,1,Pina de Montalgrao,Castellón
12093,12,093,9,"Pobla de Benifassà, la",Castellón
12094,12,094,4,"Pobla Tornesa, la",Castellón
12091,12,091,8,Portell de Morella,Castellón
12092,12,092,3,Puebla de Arenoso,Castellón
12095,12,095,7,Ribesalbes,Castellón
12096,12,096,0,Rossell,Castellón
12097,12,097,6,Sacañet,Castellón
12098,12,098,2,"Salzadella, la",Castellón
12101,12,101,6,San Rafael del Río,Castellón
12902,12,902,3,Sant Joan de Moró,Castellón
12099,12,099,5,Sant Jordi/San Jorge,Castellón
12100,12,100,9,Sant Mateu,Castellón
12102,12,102,1,Santa Magdalena de Pulpis,Castellón
12104,12,104,2,Segorbe,Castellón
12103,12,103,7,"Serratella, la",Castellón
12105,12,105,5,Sierra Engarcerán,Castellón
12106,12,106,8,Soneja,Castellón
12107,12,107,4,Sot de Ferrer,Castellón
12108,12,108,0,Suera/Sueras,Castellón
12109,12,109,3,Tales,Castellón
12110,12,110,7,Teresa,Castellón
12111,12,111,4,Tírig,Castellón
12112,12,112,9,Todolella,Castellón
12113,12,113,5,Toga,Castellón
12114,12,114,0,Torás,Castellón
12115,12,115,3,"Toro, El",Castellón
12116,12,116,6,Torralba del Pinar,Castellón
12119,12,119,1,"Torre d'en Besora, la",Castellón
12120,12,120,5,"Torre d'en Doménec, la",Castellón
12117,12,117,2,Torreblanca,Castellón
12118,12,118,8,Torrechiva,Castellón
12121,12,121,2,Traiguera,Castellón
12122,12,122,7,"Useres, les/Useras",Castellón
12124,12,124,8,Vall d'Alba,Castellón
12125,12,125,1,Vall de Almonacid,Castellón
12126,12,126,4,"Vall d'Uixó, la",Castellón
12123,12,123,3,Vallat,Castellón
12127,12,127,0,Vallibona,Castellón
12128,12,128,6,Vilafamés,Castellón
12129,12,129,9,Vilafranca/Villafranca del Cid,Castellón
12132,12,132,5,Vilanova d'Alcolea,Castellón
12134,12,134,6,Vilar de Canes,Castellón
12135,12,135,9,Vila-real,Castellón
12136,12,136,2,"Vilavella, la",Castellón
12130,12,130,3,Villahermosa del Río,Castellón
12131,12,131,0,Villamalur,Castellón
12133,12,133,1,Villanueva de Viver,Castellón
12137,12,137,8,Villores,Castellón
12138,12,138,4,Vinaròs,Castellón
12139,12,139,7,Vistabella del Maestrat,Castellón
12140,12,140,1,Viver,Castellón
12052,12,052,1,Xert,Castellón
12055,12,055,5,Xodos/Chodos,Castellón
12141,12,141,8,Zorita del Maestrazgo,Castellón
12142,12,142,3,Zucaina,Castellón
13001,13,001,3,Abenójar,Ciudad Real
13002,13,002,8,Agudo,Ciudad Real
13003,13,003,4,Alamillo,Ciudad Real
13004,13,004,9,Albaladejo,Ciudad Real
13005,13,005,2,Alcázar de San Juan,Ciudad Real
13006,13,006,5,Alcoba,Ciudad Real
13007,13,007,1,Alcolea de Calatrava,Ciudad Real
13008,13,008,7,Alcubillas,Ciudad Real
13009,13,009,0,Aldea del Rey,Ciudad Real
13010,13,010,4,Alhambra,Ciudad Real
13011,13,011,1,Almadén,Ciudad Real
13012,13,012,6,Almadenejos,Ciudad Real
13013,13,013,2,Almagro,Ciudad Real
13014,13,014,7,Almedina,Ciudad Real
13015,13,015,0,Almodóvar del Campo,Ciudad Real
13016,13,016,3,Almuradiel,Ciudad Real
13017,13,017,9,Anchuras,Ciudad Real
13903,13,903,5,Arenales de San Gregorio,Ciudad Real
13018,13,018,5,Arenas de San Juan,Ciudad Real
13019,13,019,8,Argamasilla de Alba,Ciudad Real
13020,13,020,2,Argamasilla de Calatrava,Ciudad Real
13021,13,021,9,Arroba de los Montes,Ciudad Real
13022,13,022,4,Ballesteros de Calatrava,Ciudad Real
13023,13,023,0,Bolaños de Calatrava,Ciudad Real
13024,13,024,5,Brazatortas,Ciudad Real
13025,13,025,8,Cabezarados,Ciudad Real
13026,13,026,1,Cabezarrubias del Puerto,Ciudad Real
13027,13,027,7,Calzada de Calatrava,Ciudad Real
13028,13,028,3,Campo de Criptana,Ciudad Real
13029,13,029,6,Cañada de Calatrava,Ciudad Real
13030,13,030,0,Caracuel de Calatrava,Ciudad Real
13031,13,031,7,Carrión de Calatrava,Ciudad Real
13032,13,032,2,Carrizosa,Ciudad Real
13033,13,033,8,Castellar de Santiago,Ciudad Real
13038,13,038,1,Chillón,Ciudad Real
13034,13,034,3,Ciudad Real,Ciudad Real
13035,13,035,6,Corral de Calatrava,Ciudad Real
13036,13,036,9,"Cortijos, Los",Ciudad Real
13037,13,037,5,Cózar,Ciudad Real
13039,13,039,4,Daimiel,Ciudad Real
13040,13,040,8,Fernán Caballero,Ciudad Real
13041,13,041,5,Fontanarejo,Ciudad Real
13042,13,042,0,Fuencaliente,Ciudad Real
13043,13,043,6,Fuenllana,Ciudad Real
13044,13,044,1,Fuente el Fresno,Ciudad Real
13045,13,045,4,Granátula de Calatrava,Ciudad Real
13046,13,046,7,Guadalmez,Ciudad Real
13047,13,047,3,Herencia,Ciudad Real
13048,13,048,9,Hinojosas de Calatrava,Ciudad Real
13049,13,049,2,Horcajo de los Montes,Ciudad Real
13050,13,050,5,"Labores, Las",Ciudad Real
13904,13,904,0,Llanos del Caudillo,Ciudad Real
13051,13,051,2,Luciana,Ciudad Real
13052,13,052,7,Malagón,Ciudad Real
13053,13,053,3,Manzanares,Ciudad Real
13054,13,054,8,Membrilla,Ciudad Real
13055,13,055,1,Mestanza,Ciudad Real
13056,13,056,4,Miguelturra,Ciudad Real
13057,13,057,0,Montiel,Ciudad Real
13058,13,058,6,Moral de Calatrava,Ciudad Real
13059,13,059,9,Navalpino,Ciudad Real
13060,13,060,3,Navas de Estena,Ciudad Real
13061,13,061,0,Pedro Muñoz,Ciudad Real
13062,13,062,5,Picón,Ciudad Real
13063,13,063,1,Piedrabuena,Ciudad Real
13064,13,064,6,Poblete,Ciudad Real
13065,13,065,9,Porzuna,Ciudad Real
13066,13,066,2,Pozuelo de Calatrava,Ciudad Real
13067,13,067,8,"Pozuelos de Calatrava, Los",Ciudad Real
13068,13,068,4,Puebla de Don Rodrigo,Ciudad Real
13069,13,069,7,Puebla del Príncipe,Ciudad Real
13070,13,070,1,Puerto Lápice,Ciudad Real
13071,13,071,8,Puertollano,Ciudad Real
13072,13,072,3,Retuerta del Bullaque,Ciudad Real
13901,13,901,4,"Robledo, El",Ciudad Real
13902,13,902,9,Ruidera,Ciudad Real
13073,13,073,9,Saceruela,Ciudad Real
13074,13,074,4,San Carlos del Valle,Ciudad Real
13075,13,075,7,San Lorenzo de Calatrava,Ciudad Real
13076,13,076,0,Santa Cruz de los Cáñamos,Ciudad Real
13077,13,077,6,Santa Cruz de Mudela,Ciudad Real
13078,13,078,2,Socuéllamos,Ciudad Real
13080,13,080,9,Solana del Pino,Ciudad Real
13079,13,079,5,"Solana, La",Ciudad Real
13081,13,081,6,Terrinches,Ciudad Real
13082,13,082,1,Tomelloso,Ciudad Real
13083,13,083,7,Torralba de Calatrava,Ciudad Real
13084,13,084,2,Torre de Juan Abad,Ciudad Real
13085,13,085,5,Torrenueva,Ciudad Real
13086,13,086,8,Valdemanco del Esteras,Ciudad Real
13087,13,087,4,Valdepeñas,Ciudad Real
13088,13,088,0,Valenzuela de Calatrava,Ciudad Real
13089,13,089,3,Villahermosa,Ciudad Real
13090,13,090,7,Villamanrique,Ciudad Real
13091,13,091,4,Villamayor de Calatrava,Ciudad Real
13092,13,092,9,Villanueva de la Fuente,Ciudad Real
13093,13,093,5,Villanueva de los Infantes,Ciudad Real
13094,13,094,0,Villanueva de San Carlos,Ciudad Real
13095,13,095,3,Villar del Pozo,Ciudad Real
13096,13,096,6,Villarrubia de los Ojos,Ciudad Real
13097,13,097,2,Villarta de San Juan,Ciudad Real
13098,13,098,8,Viso del Marqués,Ciudad Real
14001,14,001,8,Adamuz,Córdoba
14002,14,002,3,Aguilar de la Frontera,Córdoba
14003,14,003,9,Alcaracejos,Córdoba
14004,14,004,4,Almedinilla,Córdoba
14005,14,005,7,Almodóvar del Río,Córdoba
14006,14,006,0,Añora,Córdoba
14007,14,007,6,Baena,Córdoba
14008,14,008,2,Belalcázar,Córdoba
14009,14,009,5,Belmez,Córdoba
14010,14,010,9,Benamejí,Córdoba
14011,14,011,6,"Blázquez, Los",Córdoba
14012,14,012,1,Bujalance,Córdoba
14013,14,013,7,Cabra,Córdoba
14014,14,014,2,Cañete de las Torres,Córdoba
14015,14,015,5,Carcabuey,Córdoba
14016,14,016,8,Cardeña,Córdoba
14017,14,017,4,"Carlota, La",Córdoba
14018,14,018,0,"Carpio, El",Córdoba
14019,14,019,3,Castro del Río,Córdoba
14020,14,020,7,Conquista,Córdoba
14021,14,021,4,Córdoba,Córdoba
14022,14,022,9,Doña Mencía,Córdoba
14023,14,023,5,Dos Torres,Córdoba
14024,14,024,0,Encinas Reales,Córdoba
14025,14,025,3,Espejo,Córdoba
14026,14,026,6,Espiel,Córdoba
14027,14,027,2,Fernán-Núñez,Córdoba
14901,14,901,9,Fuente Carreteros,Córdoba
14028,14,028,8,Fuente la Lancha,Córdoba
14029,14,029,1,Fuente Obejuna,Córdoba
14030,14,030,5,Fuente Palmera,Córdoba
14031,14,031,2,Fuente-Tójar,Córdoba
14032,14,032,7,"Granjuela, La",Córdoba
14033,14,033,3,Guadalcázar,Córdoba
14902,14,902,4,"Guijarrosa, La",Córdoba
14034,14,034,8,"Guijo, El",Córdoba
14035,14,035,1,Hinojosa del Duque,Córdoba
14036,14,036,4,Hornachuelos,Córdoba
14037,14,037,0,Iznájar,Córdoba
14038,14,038,6,Lucena,Córdoba
14039,14,039,9,Luque,Córdoba
14040,14,040,3,Montalbán de Córdoba,Córdoba
14041,14,041,0,Montemayor,Córdoba
14042,14,042,5,Montilla,Córdoba
14043,14,043,1,Montoro,Córdoba
14044,14,044,6,Monturque,Córdoba
14045,14,045,9,Moriles,Córdoba
14046,14,046,2,Nueva Carteya,Córdoba
14047,14,047,8,Obejo,Córdoba
14048,14,048,4,Palenciana,Córdoba
14049,14,049,7,Palma del Río,Córdoba
14050,14,050,0,Pedro Abad,Córdoba
14051,14,051,7,Pedroche,Córdoba
14052,14,052,2,Peñarroya-Pueblonuevo,Córdoba
14053,14,053,8,Posadas,Córdoba
14054,14,054,3,Pozoblanco,Córdoba
14055,14,055,6,Priego de Córdoba,Córdoba
14056,14,056,9,Puente Genil,Córdoba
14057,14,057,5,"Rambla, La",Córdoba
14058,14,058,1,Rute,Córdoba
14059,14,059,4,San Sebastián de los Ballesteros,Córdoba
14061,14,061,5,Santa Eufemia,Córdoba
14060,14,060,8,Santaella,Córdoba
14062,14,062,0,Torrecampo,Córdoba
14063,14,063,6,Valenzuela,Córdoba
14064,14,064,1,Valsequillo,Córdoba
14065,14,065,4,"Victoria, La",Córdoba
14066,14,066,7,Villa del Río,Córdoba
14067,14,067,3,Villafranca de Córdoba,Córdoba
14068,14,068,9,Villaharta,Córdoba
14069,14,069,2,Villanueva de Córdoba,Córdoba
14070,14,070,6,Villanueva del Duque,Córdoba
14071,14,071,3,Villanueva del Rey,Córdoba
14072,14,072,8,Villaralto,Córdoba
14073,14,073,4,Villaviciosa de Córdoba,Córdoba
14074,14,074,9,"Viso, El",Córdoba
14075,14,075,2,Zuheros,Córdoba
15001,15,001,1,Abegondo,A Coruña
15002,15,002,6,Ames,A Coruña
15003,15,003,2,Aranga,A Coruña
15004,15,004,7,Ares,A Coruña
15005,15,005,0,Arteixo,A Coruña
15006,15,006,3,Arzúa,A Coruña
15007,15,007,9,"Baña, A",A Coruña
15008,15,008,5,Bergondo,A Coruña
15009,15,009,8,Betanzos,A Coruña
15010,15,010,2,Boimorto,A Coruña
15011,15,011,9,Boiro,A Coruña
15012,15,012,4,Boqueixón,A Coruña
15013,15,013,0,Brión,A Coruña
15014,15,014,5,Cabana de Bergantiños,A Coruña
15015,15,015,8,Cabanas,A Coruña
15016,15,016,1,Camariñas,A Coruña
15017,15,017,7,Cambre,A Coruña
15018,15,018,3,"Capela, A",A Coruña
15019,15,019,6,Carballo,A Coruña
15901,15,901,2,Cariño,A Coruña
15020,15,020,0,Carnota,A Coruña
15021,15,021,7,Carral,A Coruña
15022,15,022,2,Cedeira,A Coruña
15023,15,023,8,Cee,A Coruña
15024,15,024,3,Cerceda,A Coruña
15025,15,025,6,Cerdido,A Coruña
15027,15,027,5,Coirós,A Coruña
15028,15,028,1,Corcubión,A Coruña
15029,15,029,4,Coristanco,A Coruña
15030,15,030,8,"Coruña, A",A Coruña
15031,15,031,5,Culleredo,A Coruña
15032,15,032,0,Curtis,A Coruña
15033,15,033,6,Dodro,A Coruña
15034,15,034,1,Dumbría,A Coruña
15035,15,035,4,Fene,A Coruña
15036,15,036,7,Ferrol,A Coruña
15037,15,037,3,Fisterra,A Coruña
15038,15,038,9,Frades,A Coruña
15039,15,039,2,Irixoa,A Coruña
15041,15,041,3,"Laracha, A",A Coruña
15040,15,040,6,Laxe,A Coruña
15042,15,042,8,Lousame,A Coruña
15043,15,043,4,Malpica de Bergantiños,A Coruña
15044,15,044,9,Mañón,A Coruña
15045,15,045,2,Mazaricos,A Coruña
15046,15,046,5,Melide,A Coruña
15047,15,047,1,Mesía,A Coruña
15048,15,048,7,Miño,A Coruña
15049,15,049,0,Moeche,A Coruña
15050,15,050,3,Monfero,A Coruña
15051,15,051,0,Mugardos,A Coruña
15053,15,053,1,Muros,A Coruña
15052,15,052,5,Muxía,A Coruña
15054,15,054,6,Narón,A Coruña
15055,15,055,9,Neda,A Coruña
15056,15,056,2,Negreira,A Coruña
15057,15,057,8,Noia,A Coruña
15058,15,058,4,Oleiros,A Coruña
15059,15,059,7,Ordes,A Coruña
15060,15,060,1,Oroso,A Coruña
15061,15,061,8,Ortigueira,A Coruña
15062,15,062,3,Outes,A Coruña
15902,15,902,7,Oza-Cesuras,A Coruña
15064,15,064,4,Paderne,A Coruña
15065,15,065,7,Padrón,A Coruña
15066,15,066,0,"Pino, O",A Coruña
15067,15,067,6,"Pobra do Caramiñal, A",A Coruña
15068,15,068,2,Ponteceso,A Coruña
15069,15,069,5,Pontedeume,A Coruña
15070,15,070,9,"Pontes de García Rodríguez, As",A Coruña
15071,15,071,6,Porto do Son,A Coruña
15072,15,072,1,Rianxo,A Coruña
15073,15,073,7,Ribeira,A Coruña
15074,15,074,2,Rois,A Coruña
15075,15,075,5,Sada,A Coruña
15076,15,076,8,San Sadurniño,A Coruña
15077,15,077,4,Santa Comba,A Coruña
15078,15,078,0,Santiago de Compostela,A Coruña
15079,15,079,3,Santiso,A Coruña
15080,15,080,7,Sobrado,A Coruña
15081,15,081,4,"Somozas, As",A Coruña
15082,15,082,9,Teo,A Coruña
15083,15,083,5,Toques,A Coruña
15084,15,084,0,Tordoia,A Coruña
15085,15,085,3,Touro,A Coruña
15086,15,086,6,Trazo,A Coruña
15088,15,088,8,Val do Dubra,A Coruña
15087,15,087,2,Valdoviño,A Coruña
15089,15,089,1,Vedra,A Coruña
15091,15,091,2,Vilarmaior,A Coruña
15090,15,090,5,Vilasantar,A Coruña
15092,15,092,7,Vimianzo,A Coruña
15093,15,093,3,Zas,A Coruña
16001,16,001,4,Abia de la Obispalía,Cuenca
16002,16,002,9,"Acebrón, El",Cuenca
16003,16,003,5,Alarcón,Cuenca
16004,16,004,0,Albaladejo del Cuende,Cuenca
16005,16,005,3,Albalate de las Nogueras,Cuenca
16006,16,006,6,Albendea,Cuenca
16007,16,007,2,"Alberca de Záncara, La",Cuenca
16008,16,008,8,Alcalá de la Vega,Cuenca
16009,16,009,1,Alcantud,Cuenca
16010,16,010,5,Alcázar del Rey,Cuenca
16011,16,011,2,Alcohujate,Cuenca
16012,16,012,7,Alconchel de la Estrella,Cuenca
16013,16,013,3,Algarra,Cuenca
16014,16,014,8,Aliaguilla,Cuenca
16015,16,015,1,"Almarcha, La",Cuenca
16016,16,016,4,Almendros,Cuenca
16017,16,017,0,Almodóvar del Pinar,Cuenca
16018,16,018,6,Almonacid del Marquesado,Cuenca
16019,16,019,9,Altarejos,Cuenca
16020,16,020,3,Arandilla del Arroyo,Cuenca
16905,16,905,4,Arcas,Cuenca
16022,16,022,5,Arcos de la Sierra,Cuenca
16024,16,024,6,Arguisuelas,Cuenca
16025,16,025,9,Arrancacepas,Cuenca
16026,16,026,2,Atalaya del Cañavate,Cuenca
16027,16,027,8,Barajas de Melo,Cuenca
16029,16,029,7,Barchín del Hoyo,Cuenca
16030,16,030,1,Bascuñana de San Pedro,Cuenca
16031,16,031,8,Beamud,Cuenca
16032,16,032,3,Belinchón,Cuenca
16033,16,033,9,Belmonte,Cuenca
16034,16,034,4,Belmontejo,Cuenca
16035,16,035,7,Beteta,Cuenca
16036,16,036,0,Boniches,Cuenca
16038,16,038,2,Buciegas,Cuenca
16039,16,039,5,Buenache de Alarcón,Cuenca
16040,16,040,9,Buenache de la Sierra,Cuenca
16041,16,041,6,Buendía,Cuenca
16042,16,042,1,Campillo de Altobuey,Cuenca
16043,16,043,7,Campillos-Paravientos,Cuenca
16044,16,044,2,Campillos-Sierra,Cuenca
16901,16,901,5,Campos del Paraíso,Cuenca
16045,16,045,5,Canalejas del Arroyo,Cuenca
16046,16,046,8,Cañada del Hoyo,Cuenca
16047,16,047,4,Cañada Juncosa,Cuenca
16048,16,048,0,Cañamares,Cuenca
16049,16,049,3,"Cañavate, El",Cuenca
16050,16,050,6,Cañaveras,Cuenca
16051,16,051,3,Cañaveruelas,Cuenca
16052,16,052,8,Cañete,Cuenca
16053,16,053,4,Cañizares,Cuenca
16055,16,055,2,Carboneras de Guadazaón,Cuenca
16056,16,056,5,Cardenete,Cuenca
16057,16,057,1,Carrascosa,Cuenca
16058,16,058,7,Carrascosa de Haro,Cuenca
16060,16,060,4,Casas de Benítez,Cuenca
16061,16,061,1,Casas de Fernando Alonso,Cuenca
16062,16,062,6,Casas de Garcimolina,Cuenca
16063,16,063,2,Casas de Guijarro,Cuenca
16064,16,064,7,Casas de Haro,Cuenca
16065,16,065,0,Casas de los Pinos,Cuenca
16066,16,066,3,Casasimarro,Cuenca
16067,16,067,9,Castejón,Cuenca
16068,16,068,5,Castillejo de Iniesta,Cuenca
16070,16,070,2,Castillejo-Sierra,Cuenca
16072,16,072,4,Castillo de Garcimuñoz,Cuenca
16071,16,071,9,Castillo-Albaráñez,Cuenca
16073,16,073,0,Cervera del Llano,Cuenca
16023,16,023,1,Chillarón de Cuenca,Cuenca
16081,16,081,7,Chumillas,Cuenca
16074,16,074,5,"Cierva, La",Cuenca
16078,16,078,3,Cuenca,Cuenca
16079,16,079,6,Cueva del Hierro,Cuenca
16082,16,082,2,Enguídanos,Cuenca
16083,16,083,8,Fresneda de Altarejos,Cuenca
16084,16,084,3,Fresneda de la Sierra,Cuenca
16085,16,085,6,"Frontera, La",Cuenca
16086,16,086,9,Fuente de Pedro Naharro,Cuenca
16087,16,087,5,Fuentelespino de Haro,Cuenca
16088,16,088,1,Fuentelespino de Moya,Cuenca
16904,16,904,1,Fuentenava de Jábaga,Cuenca
16089,16,089,4,Fuentes,Cuenca
16091,16,091,5,Fuertescusa,Cuenca
16092,16,092,0,Gabaldón,Cuenca
16093,16,093,6,Garaballa,Cuenca
16094,16,094,1,Gascueña,Cuenca
16095,16,095,4,Graja de Campalbo,Cuenca
16096,16,096,7,Graja de Iniesta,Cuenca
16097,16,097,3,Henarejos,Cuenca
16098,16,098,9,"Herrumblar, El",Cuenca
16099,16,099,2,"Hinojosa, La",Cuenca
16100,16,100,6,"Hinojosos, Los",Cuenca
16101,16,101,3,"Hito, El",Cuenca
16102,16,102,8,Honrubia,Cuenca
16103,16,103,4,Hontanaya,Cuenca
16104,16,104,9,Hontecillas,Cuenca
16106,16,106,5,Horcajo de Santiago,Cuenca
16107,16,107,1,Huélamo,Cuenca
16108,16,108,7,Huelves,Cuenca
16109,16,109,0,Huérguina,Cuenca
16110,16,110,4,Huerta de la Obispalía,Cuenca
16111,16,111,1,Huerta del Marquesado,Cuenca
16112,16,112,6,Huete,Cuenca
16113,16,113,2,Iniesta,Cuenca
16115,16,115,0,Laguna del Marquesado,Cuenca
16116,16,116,3,Lagunaseca,Cuenca
16117,16,117,9,Landete,Cuenca
16118,16,118,5,Ledaña,Cuenca
16119,16,119,8,Leganiel,Cuenca
16121,16,121,9,"Majadas, Las",Cuenca
16122,16,122,4,Mariana,Cuenca
16123,16,123,0,Masegosa,Cuenca
16124,16,124,5,"Mesas, Las",Cuenca
16125,16,125,8,Minglanilla,Cuenca
16126,16,126,1,Mira,Cuenca
16128,16,128,3,Monreal del Llano,Cuenca
16129,16,129,6,Montalbanejo,Cuenca
16130,16,130,0,Montalbo,Cuenca
16131,16,131,7,Monteagudo de las Salinas,Cuenca
16132,16,132,2,Mota de Altarejos,Cuenca
16133,16,133,8,Mota del Cuervo,Cuenca
16134,16,134,3,Motilla del Palancar,Cuenca
16135,16,135,6,Moya,Cuenca
16137,16,137,5,Narboneta,Cuenca
16139,16,139,4,Olivares de Júcar,Cuenca
16140,16,140,8,Olmeda de la Cuesta,Cuenca
16141,16,141,5,Olmeda del Rey,Cuenca
16142,16,142,0,Olmedilla de Alarcón,Cuenca
16143,16,143,6,Olmedilla de Eliz,Cuenca
16145,16,145,4,Osa de la Vega,Cuenca
16146,16,146,7,Pajarón,Cuenca
16147,16,147,3,Pajaroncillo,Cuenca
16148,16,148,9,Palomares del Campo,Cuenca
16149,16,149,2,Palomera,Cuenca
16150,16,150,5,Paracuellos,Cuenca
16151,16,151,2,Paredes,Cuenca
16152,16,152,7,"Parra de las Vegas, La",Cuenca
16153,16,153,3,"Pedernoso, El",Cuenca
16154,16,154,8,"Pedroñeras, Las",Cuenca
16155,16,155,1,"Peral, El",Cuenca
16156,16,156,4,"Peraleja, La",Cuenca
16157,16,157,0,"Pesquera, La",Cuenca
16158,16,158,6,"Picazo, El",Cuenca
16159,16,159,9,Pinarejo,Cuenca
16160,16,160,3,Pineda de Gigüela,Cuenca
16161,16,161,0,Piqueras del Castillo,Cuenca
16162,16,162,5,Portalrubio de Guadamejud,Cuenca
16163,16,163,1,Portilla,Cuenca
16165,16,165,9,Poyatos,Cuenca
16166,16,166,2,Pozoamargo,Cuenca
16908,16,908,9,Pozorrubielos de la Mancha,Cuenca
16167,16,167,8,Pozorrubio de Santiago,Cuenca
16169,16,169,7,"Pozuelo, El",Cuenca
16170,16,170,1,Priego,Cuenca
16171,16,171,8,"Provencio, El",Cuenca
16172,16,172,3,Puebla de Almenara,Cuenca
16174,16,174,4,Puebla del Salvador,Cuenca
16175,16,175,7,Quintanar del Rey,Cuenca
16176,16,176,0,Rada de Haro,Cuenca
16177,16,177,6,Reíllo,Cuenca
16181,16,181,6,Rozalén del Monte,Cuenca
16185,16,185,5,Saceda-Trasierra,Cuenca
16186,16,186,8,Saelices,Cuenca
16187,16,187,4,Salinas del Manzano,Cuenca
16188,16,188,0,Salmeroncillos,Cuenca
16189,16,189,3,Salvacañete,Cuenca
16190,16,190,7,San Clemente,Cuenca
16191,16,191,4,San Lorenzo de la Parrilla,Cuenca
16192,16,192,9,San Martín de Boniches,Cuenca
16193,16,193,5,San Pedro Palmiches,Cuenca
16194,16,194,0,Santa Cruz de Moya,Cuenca
16196,16,196,6,Santa María de los Llanos,Cuenca
16195,16,195,3,Santa María del Campo Rus,Cuenca
16197,16,197,2,Santa María del Val,Cuenca
16198,16,198,8,Sisante,Cuenca
16199,16,199,1,Solera de Gabaldón,Cuenca
16909,16,909,2,Sotorribas,Cuenca
16202,16,202,7,Talayuelas,Cuenca
16203,16,203,3,Tarancón,Cuenca
16204,16,204,8,Tébar,Cuenca
16205,16,205,1,Tejadillos,Cuenca
16206,16,206,4,Tinajas,Cuenca
16209,16,209,9,Torralba,Cuenca
16211,16,211,0,Torrejoncillo del Rey,Cuenca
16212,16,212,5,Torrubia del Campo,Cuenca
16213,16,213,1,Torrubia del Castillo,Cuenca
16215,16,215,9,Tragacete,Cuenca
16216,16,216,2,Tresjuncos,Cuenca
16217,16,217,8,Tribaldos,Cuenca
16218,16,218,4,Uclés,Cuenca
16219,16,219,7,Uña,Cuenca
16906,16,906,7,"Valdecolmenas, Los",Cuenca
16224,16,224,4,Valdemeca,Cuenca
16225,16,225,7,Valdemorillo de la Sierra,Cuenca
16227,16,227,6,Valdemoro-Sierra,Cuenca
16228,16,228,2,Valdeolivas,Cuenca
16902,16,902,0,Valdetórtola,Cuenca
16903,16,903,6,"Valeras, Las",Cuenca
16231,16,231,6,Valhermoso de la Fuente,Cuenca
16173,16,173,9,"Valle de Altomira, El",Cuenca
16234,16,234,2,Valsalobre,Cuenca
16236,16,236,8,Valverde de Júcar,Cuenca
16237,16,237,4,Valverdejo,Cuenca
16238,16,238,0,Vara de Rey,Cuenca
16239,16,239,3,Vega del Codorno,Cuenca
16240,16,240,7,Vellisca,Cuenca
16242,16,242,9,Villaconejos de Trabaque,Cuenca
16243,16,243,5,Villaescusa de Haro,Cuenca
16244,16,244,0,Villagarcía del Llano,Cuenca
16245,16,245,3,Villalba de la Sierra,Cuenca
16246,16,246,6,Villalba del Rey,Cuenca
16247,16,247,2,Villalgordo del Marquesado,Cuenca
16248,16,248,8,Villalpardo,Cuenca
16249,16,249,1,Villamayor de Santiago,Cuenca
16250,16,250,4,Villanueva de Guadamejud,Cuenca
16251,16,251,1,Villanueva de la Jara,Cuenca
16253,16,253,2,Villar de Cañas,Cuenca
16254,16,254,7,Villar de Domingo García,Cuenca
16255,16,255,0,Villar de la Encina,Cuenca
16263,16,263,0,Villar de Olalla,Cuenca
16258,16,258,5,Villar del Humo,Cuenca
16259,16,259,8,Villar del Infantado,Cuenca
16910,16,910,6,Villar y Velasco,Cuenca
16264,16,264,5,Villarejo de Fuentes,Cuenca
16265,16,265,8,Villarejo de la Peñuela,Cuenca
16266,16,266,1,Villarejo-Periesteban,Cuenca
16269,16,269,6,Villares del Saz,Cuenca
16270,16,270,0,Villarrubio,Cuenca
16271,16,271,7,Villarta,Cuenca
16272,16,272,2,Villas de la Ventosa,Cuenca
16273,16,273,8,Villaverde y Pasaconsol,Cuenca
16274,16,274,3,Víllora,Cuenca
16275,16,275,6,Vindel,Cuenca
16276,16,276,9,Yémeda,Cuenca
16277,16,277,5,Zafra de Záncara,Cuenca
16278,16,278,1,Zafrilla,Cuenca
16279,16,279,4,Zarza de Tajo,Cuenca
16280,16,280,8,Zarzuela,Cuenca
17001,17,001,0,Agullana,Girona
17002,17,002,5,Aiguaviva,Girona
17003,17,003,1,Albanyà,Girona
17004,17,004,6,Albons,Girona
17006,17,006,2,Alp,Girona
17007,17,007,8,Amer,Girona
17008,17,008,4,Anglès,Girona
17009,17,009,7,Arbúcies,Girona
17010,17,010,1,Argelaguer,Girona
17011,17,011,8,"Armentera, L'",Girona
17012,17,012,3,Avinyonet de Puigventós,Girona
17015,17,015,7,Banyoles,Girona
17016,17,016,0,Bàscara,Girona
17013,17,013,9,Begur,Girona
17018,17,018,2,Bellcaire d'Empordà,Girona
17019,17,019,5,Besalú,Girona
17020,17,020,9,Bescanó,Girona
17021,17,021,6,Beuda,Girona
17022,17,022,1,"Bisbal d'Empordà, La",Girona
17234,17,234,8,Biure,Girona
17023,17,023,7,Blanes,Girona
17029,17,029,3,Boadella i les Escaules,Girona
17024,17,024,2,Bolvir,Girona
17025,17,025,5,Bordils,Girona
17026,17,026,8,Borrassà,Girona
17027,17,027,4,Breda,Girona
17028,17,028,0,Brunyola i Sant Martí Sapresa,Girona
17031,17,031,4,Cabanelles,Girona
17030,17,030,7,Cabanes,Girona
17032,17,032,9,Cadaqués,Girona
17033,17,033,5,Caldes de Malavella,Girona
17034,17,034,0,Calonge i Sant Antoni,Girona
17035,17,035,3,Camós,Girona
17036,17,036,6,Campdevànol,Girona
17037,17,037,2,Campelles,Girona
17038,17,038,8,Campllong,Girona
17039,17,039,1,Camprodon,Girona
17040,17,040,5,Canet d'Adri,Girona
17041,17,041,2,Cantallops,Girona
17042,17,042,7,Capmany,Girona
17044,17,044,8,Cassà de la Selva,Girona
17048,17,048,6,"Castell d'Aro, Platja d'Aro i s'Agaró",Girona
17046,17,046,4,Castellfollit de la Roca,Girona
17047,17,047,0,Castelló d'Empúries,Girona
17189,17,189,9,"Cellera de Ter, La",Girona
17049,17,049,9,Celrà,Girona
17050,17,050,2,Cervià de Ter,Girona
17051,17,051,9,Cistella,Girona
17054,17,054,5,Colera,Girona
17055,17,055,8,Colomers,Girona
17057,17,057,7,Corçà,Girona
17056,17,056,1,Cornellà del Terri,Girona
17058,17,058,3,Crespià,Girona
17901,17,901,1,"Cruïlles, Monells i Sant Sadurní de l'Heura",Girona
17060,17,060,0,Darnius,Girona
17061,17,061,7,Das,Girona
17062,17,062,2,"Escala, L'",Girona
17063,17,063,8,Espinelves,Girona
17064,17,064,3,Espolla,Girona
17065,17,065,6,Esponellà,Girona
17005,17,005,9,"Far d'Empordà, El",Girona
17066,17,066,9,Figueres,Girona
17067,17,067,5,Flaçà,Girona
17068,17,068,1,Foixà,Girona
17069,17,069,4,Fontanals de Cerdanya,Girona
17070,17,070,8,Fontanilles,Girona
17071,17,071,5,Fontcoberta,Girona
17902,17,902,6,Forallac,Girona
17073,17,073,6,Fornells de la Selva,Girona
17074,17,074,1,Fortià,Girona
17075,17,075,4,Garrigàs,Girona
17076,17,076,7,Garrigoles,Girona
17077,17,077,3,Garriguella,Girona
17078,17,078,9,Ger,Girona
17079,17,079,2,Girona,Girona
17080,17,080,6,Gombrèn,Girona
17081,17,081,3,Gualta,Girona
17082,17,082,8,Guils de Cerdanya,Girona
17083,17,083,4,Hostalric,Girona
17084,17,084,9,Isòvol,Girona
17085,17,085,2,Jafre,Girona
17086,17,086,5,"Jonquera, La",Girona
17087,17,087,1,Juià,Girona
17088,17,088,7,Lladó,Girona
17089,17,089,0,Llagostera,Girona
17090,17,090,4,Llambilles,Girona
17091,17,091,1,Llanars,Girona
17092,17,092,6,Llançà,Girona
17093,17,093,2,Llers,Girona
17094,17,094,7,Llívia,Girona
17095,17,095,0,Lloret de Mar,Girona
17096,17,096,3,"Llosses, Les",Girona
17102,17,102,4,Maçanet de Cabrenys,Girona
17103,17,103,0,Maçanet de la Selva,Girona
17097,17,097,9,Madremanya,Girona
17098,17,098,5,Maià de Montcal,Girona
17100,17,100,2,Masarac i Vilarnadal,Girona
17101,17,101,9,Massanes,Girona
17099,17,099,8,Meranges,Girona
17105,17,105,8,Mieres,Girona
17106,17,106,1,Mollet de Peralada,Girona
17107,17,107,7,Molló,Girona
17109,17,109,6,Montagut i Oix,Girona
17110,17,110,0,Mont-ras,Girona
17111,17,111,7,Navata,Girona
17112,17,112,2,Ogassa,Girona
17114,17,114,3,Olot,Girona
17115,17,115,6,Ordis,Girona
17116,17,116,9,Osor,Girona
17117,17,117,5,Palafrugell,Girona
17118,17,118,1,Palamós,Girona
17119,17,119,4,Palau de Santa Eulàlia,Girona
17121,17,121,5,Palau-sator,Girona
17120,17,120,8,Palau-saverdera,Girona
17123,17,123,6,Palol de Revardit,Girona
17124,17,124,1,Pals,Girona
17125,17,125,4,Pardines,Girona
17126,17,126,7,Parlavà,Girona
17128,17,128,9,Pau,Girona
17129,17,129,2,Pedret i Marzà,Girona
17130,17,130,6,"Pera, La",Girona
17132,17,132,8,Peralada,Girona
17133,17,133,4,"Planes d'Hostoles, Les",Girona
17134,17,134,9,Planoles,Girona
17135,17,135,2,Pont de Molins,Girona
17136,17,136,5,Pontós,Girona
17137,17,137,1,Porqueres,Girona
17140,17,140,4,"Port de la Selva, El",Girona
17138,17,138,7,Portbou,Girona
17139,17,139,0,"Preses, Les",Girona
17141,17,141,1,Puigcerdà,Girona
17142,17,142,6,Quart,Girona
17043,17,043,3,Queralbs,Girona
17143,17,143,2,Rabós,Girona
17144,17,144,7,Regencós,Girona
17145,17,145,0,Ribes de Freser,Girona
17146,17,146,3,Riells i Viabrea,Girona
17147,17,147,9,Ripoll,Girona
17148,17,148,5,Riudarenes,Girona
17149,17,149,8,Riudaura,Girona
17150,17,150,1,Riudellots de la Selva,Girona
17151,17,151,8,Riumors,Girona
17152,17,152,3,Roses,Girona
17153,17,153,9,Rupià,Girona
17154,17,154,4,Sales de Llierca,Girona
17155,17,155,7,Salt,Girona
17157,17,157,6,Sant Andreu Salou,Girona
17183,17,183,3,Sant Aniol de Finestres,Girona
17158,17,158,2,Sant Climent Sescebes,Girona
17159,17,159,5,Sant Feliu de Buixalleu,Girona
17160,17,160,9,Sant Feliu de Guíxols,Girona
17161,17,161,6,Sant Feliu de Pallerols,Girona
17162,17,162,1,Sant Ferriol,Girona
17163,17,163,7,Sant Gregori,Girona
17164,17,164,2,Sant Hilari Sacalm,Girona
17165,17,165,5,Sant Jaume de Llierca,Girona
17167,17,167,4,Sant Joan de les Abadesses,Girona
17168,17,168,0,Sant Joan de Mollet,Girona
17185,17,185,1,Sant Joan les Fonts,Girona
17166,17,166,8,Sant Jordi Desvalls,Girona
17169,17,169,3,Sant Julià de Ramis,Girona
17903,17,903,2,Sant Julià del Llor i Bonmatí,Girona
17171,17,171,4,Sant Llorenç de la Muga,Girona
17172,17,172,9,Sant Martí de Llémena,Girona
17173,17,173,5,Sant Martí Vell,Girona
17174,17,174,0,Sant Miquel de Campmajor,Girona
17175,17,175,3,Sant Miquel de Fluvià,Girona
17176,17,176,6,Sant Mori,Girona
17177,17,177,2,Sant Pau de Segúries,Girona
17178,17,178,8,Sant Pere Pescador,Girona
17180,17,180,5,Santa Coloma de Farners,Girona
17181,17,181,2,Santa Cristina d'Aro,Girona
17182,17,182,7,Santa Llogaia d'Àlguema,Girona
17184,17,184,8,Santa Pau,Girona
17186,17,186,4,Sarrià de Ter,Girona
17187,17,187,0,"Saus, Camallera i Llampaies",Girona
17188,17,188,6,"Selva de Mar, La",Girona
17190,17,190,3,Serinyà,Girona
17191,17,191,0,Serra de Daró,Girona
17192,17,192,5,Setcases,Girona
17193,17,193,1,Sils,Girona
17052,17,052,4,Siurana,Girona
17194,17,194,6,Susqueda,Girona
17195,17,195,9,"Tallada d'Empordà, La",Girona
17196,17,196,2,Terrades,Girona
17197,17,197,8,Torrent,Girona
17198,17,198,4,Torroella de Fluvià,Girona
17199,17,199,7,Torroella de Montgrí,Girona
17200,17,200,1,Tortellà,Girona
17201,17,201,8,Toses,Girona
17202,17,202,3,Tossa de Mar,Girona
17204,17,204,4,Ullà,Girona
17205,17,205,7,Ullastret,Girona
17203,17,203,9,Ultramort,Girona
17206,17,206,0,Urús,Girona
17014,17,014,4,"Vajol, La",Girona
17208,17,208,2,"Vall de Bianya, La",Girona
17207,17,207,6,"Vall d'en Bas, La",Girona
17170,17,170,7,Vallfogona de Ripollès,Girona
17209,17,209,5,Vall-llobrega,Girona
17210,17,210,9,Ventalló,Girona
17211,17,211,6,Verges,Girona
17212,17,212,1,Vidrà,Girona
17213,17,213,7,Vidreres,Girona
17214,17,214,2,Vilabertran,Girona
17215,17,215,5,Vilablareix,Girona
17217,17,217,4,Viladamat,Girona
17216,17,216,8,Viladasens,Girona
17218,17,218,0,Vilademuls,Girona
17220,17,220,7,Viladrau,Girona
17221,17,221,4,Vilafant,Girona
17223,17,223,5,Vilajuïga,Girona
17224,17,224,0,Vilallonga de Ter,Girona
17225,17,225,3,Vilamacolum,Girona
17226,17,226,6,Vilamalla,Girona
17227,17,227,2,Vilamaniscle,Girona
17228,17,228,8,Vilanant,Girona
17230,17,230,5,Vila-sacra,Girona
17222,17,222,9,Vilaür,Girona
17233,17,233,3,Vilobí d'Onyar,Girona
17232,17,232,7,Vilopriu,Girona
18001,18,001,6,Agrón,Granada
18002,18,002,1,Alamedilla,Granada
18003,18,003,7,Albolote,Granada
18004,18,004,2,Albondón,Granada
18005,18,005,5,Albuñán,Granada
18006,18,006,8,Albuñol,Granada
18007,18,007,4,Albuñuelas,Granada
18010,18,010,7,Aldeire,Granada
18011,18,011,4,Alfacar,Granada
18012,18,012,9,Algarinejo,Granada
18013,18,013,5,Alhama de Granada,Granada
18014,18,014,0,Alhendín,Granada
18015,18,015,3,Alicún de Ortega,Granada
18016,18,016,6,Almegíjar,Granada
18017,18,017,2,Almuñécar,Granada
18904,18,904,3,Alpujarra de la Sierra,Granada
18018,18,018,8,Alquife,Granada
18020,18,020,5,Arenas del Rey,Granada
18021,18,021,2,Armilla,Granada
18022,18,022,7,Atarfe,Granada
18023,18,023,3,Baza,Granada
18024,18,024,8,Beas de Granada,Granada
18025,18,025,1,Beas de Guadix,Granada
18027,18,027,0,Benalúa,Granada
18028,18,028,6,Benalúa de las Villas,Granada
18029,18,029,9,Benamaurel,Granada
18030,18,030,3,Bérchules,Granada
18032,18,032,5,Bubión,Granada
18033,18,033,1,Busquístar,Granada
18034,18,034,6,Cacín,Granada
18035,18,035,9,Cádiar,Granada
18036,18,036,2,Cájar,Granada
18114,18,114,9,"Calahorra, La",Granada
18037,18,037,8,Calicasas,Granada
18038,18,038,4,Campotéjar,Granada
18039,18,039,7,Caniles,Granada
18040,18,040,1,Cáñar,Granada
18042,18,042,3,Capileira,Granada
18043,18,043,9,Carataunas,Granada
18044,18,044,4,Cástaras,Granada
18045,18,045,7,Castilléjar,Granada
18046,18,046,0,Castril,Granada
18047,18,047,6,Cenes de la Vega,Granada
18059,18,059,2,Chauchina,Granada
18061,18,061,3,Chimeneas,Granada
18062,18,062,8,Churriana de la Vega,Granada
18048,18,048,2,Cijuela,Granada
18049,18,049,5,Cogollos de Guadix,Granada
18050,18,050,8,Cogollos de la Vega,Granada
18051,18,051,5,Colomera,Granada
18053,18,053,6,Cortes de Baza,Granada
18054,18,054,1,Cortes y Graena,Granada
18912,18,912,0,Cuevas del Campo,Granada
18056,18,056,7,Cúllar,Granada
18057,18,057,3,Cúllar Vega,Granada
18063,18,063,4,Darro,Granada
18064,18,064,9,Dehesas de Guadix,Granada
18065,18,065,2,Dehesas Viejas,Granada
18066,18,066,5,Deifontes,Granada
18067,18,067,1,Diezma,Granada
18068,18,068,7,Dílar,Granada
18069,18,069,0,Dólar,Granada
18915,18,915,4,Domingo Pérez de Granada,Granada
18070,18,070,4,Dúdar,Granada
18071,18,071,1,Dúrcal,Granada
18072,18,072,6,Escúzar,Granada
18074,18,074,7,Ferreira,Granada
18076,18,076,3,Fonelas,Granada
18077,18,077,9,Fornes,Granada
18078,18,078,5,Freila,Granada
18079,18,079,8,Fuente Vaqueros,Granada
18905,18,905,6,"Gabias, Las",Granada
18082,18,082,4,Galera,Granada
18083,18,083,0,Gobernador,Granada
18084,18,084,5,Gójar,Granada
18085,18,085,8,Gor,Granada
18086,18,086,1,Gorafe,Granada
18087,18,087,7,Granada,Granada
18088,18,088,3,Guadahortuna,Granada
18089,18,089,6,Guadix,Granada
18906,18,906,9,"Guájares, Los",Granada
18093,18,093,8,Gualchos,Granada
18094,18,094,3,Güéjar Sierra,Granada
18095,18,095,6,Güevéjar,Granada
18096,18,096,9,Huélago,Granada
18097,18,097,5,Huéneja,Granada
18098,18,098,1,Huéscar,Granada
18099,18,099,4,Huétor de Santillán,Granada
18100,18,100,8,Huétor Tájar,Granada
18101,18,101,5,Huétor Vega,Granada
18102,18,102,0,Íllora,Granada
18103,18,103,6,Ítrabo,Granada
18105,18,105,4,Iznalloz,Granada
18106,18,106,7,Játar,Granada
18107,18,107,3,Jayena,Granada
18108,18,108,9,Jérez del Marquesado,Granada
18109,18,109,2,Jete,Granada
18111,18,111,3,Jun,Granada
18112,18,112,8,Juviles,Granada
18115,18,115,2,Láchar,Granada
18116,18,116,5,Lanjarón,Granada
18117,18,117,1,Lanteira,Granada
18119,18,119,0,Lecrín,Granada
18120,18,120,4,Lentegí,Granada
18121,18,121,1,Lobras,Granada
18122,18,122,6,Loja,Granada
18123,18,123,2,Lugros,Granada
18124,18,124,7,Lújar,Granada
18126,18,126,3,"Malahá, La",Granada
18127,18,127,9,Maracena,Granada
18128,18,128,5,Marchal,Granada
18132,18,132,4,Moclín,Granada
18133,18,133,0,Molvízar,Granada
18134,18,134,5,Monachil,Granada
18135,18,135,8,Montefrío,Granada
18136,18,136,1,Montejícar,Granada
18137,18,137,7,Montillana,Granada
18138,18,138,3,Moraleda de Zafayona,Granada
18909,18,909,4,Morelábor,Granada
18140,18,140,0,Motril,Granada
18141,18,141,7,Murtas,Granada
18903,18,903,8,Nevada,Granada
18143,18,143,8,Nigüelas,Granada
18144,18,144,3,Nívar,Granada
18145,18,145,6,Ogíjares,Granada
18146,18,146,9,Orce,Granada
18147,18,147,5,Órgiva,Granada
18148,18,148,1,Otívar,Granada
18150,18,150,7,Padul,Granada
18151,18,151,4,Pampaneira,Granada
18152,18,152,9,Pedro Martínez,Granada
18153,18,153,5,Peligros,Granada
18154,18,154,0,"Peza, La",Granada
18910,18,910,8,"Pinar, El",Granada
18157,18,157,2,Pinos Genil,Granada
18158,18,158,8,Pinos Puente,Granada
18159,18,159,1,Píñar,Granada
18161,18,161,2,Polícar,Granada
18162,18,162,7,Polopos,Granada
18163,18,163,3,Pórtugos,Granada
18164,18,164,8,Puebla de Don Fadrique,Granada
18165,18,165,1,Pulianas,Granada
18167,18,167,0,Purullena,Granada
18168,18,168,6,Quéntar,Granada
18170,18,170,3,Rubite,Granada
18171,18,171,0,Salar,Granada
18173,18,173,1,Salobreña,Granada
18174,18,174,6,Santa Cruz del Comercio,Granada
18175,18,175,9,Santa Fe,Granada
18176,18,176,2,Soportújar,Granada
18177,18,177,8,Sorvilán,Granada
18901,18,901,7,"Taha, La",Granada
18178,18,178,4,Torre-Cardela,Granada
18916,18,916,7,Torrenueva Costa,Granada
18179,18,179,7,Torvizcón,Granada
18180,18,180,1,Trevélez,Granada
18181,18,181,8,Turón,Granada
18182,18,182,3,Ugíjar,Granada
18914,18,914,1,Valderrubio,Granada
18907,18,907,5,Valle del Zalabí,Granada
18902,18,902,2,"Valle, El",Granada
18183,18,183,9,Válor,Granada
18911,18,911,5,Vegas del Genil,Granada
18184,18,184,4,Vélez de Benaudalla,Granada
18185,18,185,7,Ventas de Huelma,Granada
18149,18,149,4,Villa de Otura,Granada
18908,18,908,1,Villamena,Granada
18187,18,187,6,Villanueva de las Torres,Granada
18188,18,188,2,Villanueva Mesía,Granada
18189,18,189,5,Víznar,Granada
18192,18,192,1,Zafarraya,Granada
18913,18,913,6,Zagra,Granada
18193,18,193,7,"Zubia, La",Granada
18194,18,194,2,Zújar,Granada
19001,19,001,9,Abánades,Guadalajara
19002,19,002,4,Ablanque,Guadalajara
19003,19,003,0,Adobes,Guadalajara
19004,19,004,5,Alaminos,Guadalajara
19005,19,005,8,Alarilla,Guadalajara
19006,19,006,1,Albalate de Zorita,Guadalajara
19007,19,007,7,Albares,Guadalajara
19008,19,008,3,Albendiego,Guadalajara
19009,19,009,6,Alcocer,Guadalajara
19010,19,010,0,Alcolea de las Peñas,Guadalajara
19011,19,011,7,Alcolea del Pinar,Guadalajara
19013,19,013,8,Alcoroches,Guadalajara
19015,19,015,6,Aldeanueva de Guadalajara,Guadalajara
19016,19,016,9,Algar de Mesa,Guadalajara
19017,19,017,5,Algora,Guadalajara
19018,19,018,1,Alhóndiga,Guadalajara
19019,19,019,4,Alique,Guadalajara
19020,19,020,8,Almadrones,Guadalajara
19021,19,021,5,Almoguera,Guadalajara
19022,19,022,0,Almonacid de Zorita,Guadalajara
19023,19,023,6,Alocén,Guadalajara
19024,19,024,1,Alovera,Guadalajara
19027,19,027,3,Alustante,Guadalajara
19031,19,031,3,Angón,Guadalajara
19032,19,032,8,Anguita,Guadalajara
19033,19,033,4,Anquela del Ducado,Guadalajara
19034,19,034,9,Anquela del Pedregal,Guadalajara
19036,19,036,5,Aranzueque,Guadalajara
19037,19,037,1,Arbancón,Guadalajara
19038,19,038,7,Arbeteta,Guadalajara
19039,19,039,0,Argecilla,Guadalajara
19040,19,040,4,Armallones,Guadalajara
19041,19,041,1,Armuña de Tajuña,Guadalajara
19042,19,042,6,Arroyo de las Fraguas,Guadalajara
19043,19,043,2,Atanzón,Guadalajara
19044,19,044,7,Atienza,Guadalajara
19045,19,045,0,Auñón,Guadalajara
19046,19,046,3,Azuqueca de Henares,Guadalajara
19047,19,047,9,Baides,Guadalajara
19048,19,048,5,Baños de Tajo,Guadalajara
19049,19,049,8,Bañuelos,Guadalajara
19050,19,050,1,Barriopedro,Guadalajara
19051,19,051,8,Berninches,Guadalajara
19052,19,052,3,"Bodera, La",Guadalajara
19053,19,053,9,Brihuega,Guadalajara
19054,19,054,4,Budia,Guadalajara
19055,19,055,7,Bujalaro,Guadalajara
19057,19,057,6,Bustares,Guadalajara
19058,19,058,2,Cabanillas del Campo,Guadalajara
19059,19,059,5,Campillo de Dueñas,Guadalajara
19060,19,060,9,Campillo de Ranas,Guadalajara
19061,19,061,6,Campisábalos,Guadalajara
19064,19,064,2,Canredondo,Guadalajara
19065,19,065,5,Cantalojas,Guadalajara
19066,19,066,8,Cañizar,Guadalajara
19067,19,067,4,"Cardoso de la Sierra, El",Guadalajara
19070,19,070,7,Casa de Uceda,Guadalajara
19071,19,071,4,"Casar, El",Guadalajara
19073,19,073,5,Casas de San Galindo,Guadalajara
19074,19,074,0,Caspueñas,Guadalajara
19075,19,075,3,Castejón de Henares,Guadalajara
19076,19,076,6,Castellar de la Muela,Guadalajara
19078,19,078,8,Castilforte,Guadalajara
19079,19,079,1,Castilnuevo,Guadalajara
19080,19,080,5,Cendejas de Enmedio,Guadalajara
19081,19,081,2,Cendejas de la Torre,Guadalajara
19082,19,082,7,Centenera,Guadalajara
19103,19,103,9,Checa,Guadalajara
19104,19,104,4,Chequilla,Guadalajara
19106,19,106,0,Chillarón del Rey,Guadalajara
19105,19,105,7,Chiloeches,Guadalajara
19086,19,086,4,Cifuentes,Guadalajara
19087,19,087,0,Cincovillas,Guadalajara
19088,19,088,6,Ciruelas,Guadalajara
19089,19,089,9,Ciruelos del Pinar,Guadalajara
19090,19,090,3,Cobeta,Guadalajara
19091,19,091,0,Cogollor,Guadalajara
19092,19,092,5,Cogolludo,Guadalajara
19095,19,095,9,Condemios de Abajo,Guadalajara
19096,19,096,2,Condemios de Arriba,Guadalajara
19097,19,097,8,Congostrina,Guadalajara
19098,19,098,4,Copernal,Guadalajara
19099,19,099,7,Corduente,Guadalajara
19102,19,102,3,"Cubillo de Uceda, El",Guadalajara
19107,19,107,6,Driebes,Guadalajara
19108,19,108,2,Durón,Guadalajara
19109,19,109,5,Embid,Guadalajara
19110,19,110,9,Escamilla,Guadalajara
19111,19,111,6,Escariche,Guadalajara
19112,19,112,1,Escopete,Guadalajara
19113,19,113,7,Espinosa de Henares,Guadalajara
19114,19,114,2,Esplegares,Guadalajara
19115,19,115,5,Establés,Guadalajara
19116,19,116,8,Estriégana,Guadalajara
19117,19,117,4,Fontanar,Guadalajara
19118,19,118,0,Fuembellida,Guadalajara
19119,19,119,3,Fuencemillán,Guadalajara
19120,19,120,7,Fuentelahiguera de Albatages,Guadalajara
19121,19,121,4,Fuentelencina,Guadalajara
19122,19,122,9,Fuentelsaz,Guadalajara
19123,19,123,5,Fuentelviejo,Guadalajara
19124,19,124,0,Fuentenovilla,Guadalajara
19125,19,125,3,Gajanejos,Guadalajara
19126,19,126,6,Galápagos,Guadalajara
19127,19,127,2,Galve de Sorbe,Guadalajara
19129,19,129,1,Gascueña de Bornova,Guadalajara
19130,19,130,5,Guadalajara,Guadalajara
19132,19,132,7,Henche,Guadalajara
19133,19,133,3,Heras de Ayuso,Guadalajara
19134,19,134,8,Herrería,Guadalajara
19135,19,135,1,Hiendelaencina,Guadalajara
19136,19,136,4,Hijes,Guadalajara
19138,19,138,6,Hita,Guadalajara
19139,19,139,9,Hombrados,Guadalajara
19142,19,142,5,Hontoba,Guadalajara
19143,19,143,1,Horche,Guadalajara
19145,19,145,9,Hortezuela de Océn,Guadalajara
19146,19,146,2,"Huerce, La",Guadalajara
19147,19,147,8,Huérmeces del Cerro,Guadalajara
19148,19,148,4,Huertahernando,Guadalajara
19150,19,150,0,Hueva,Guadalajara
19151,19,151,7,Humanes,Guadalajara
19152,19,152,2,Illana,Guadalajara
19153,19,153,8,Iniéstola,Guadalajara
19154,19,154,3,"Inviernas, Las",Guadalajara
19155,19,155,6,Irueste,Guadalajara
19156,19,156,9,Jadraque,Guadalajara
19157,19,157,5,Jirueque,Guadalajara
19159,19,159,4,Ledanca,Guadalajara
19160,19,160,8,Loranca de Tajuña,Guadalajara
19161,19,161,5,Lupiana,Guadalajara
19162,19,162,0,Luzaga,Guadalajara
19163,19,163,6,Luzón,Guadalajara
19165,19,165,4,Majaelrayo,Guadalajara
19166,19,166,7,Málaga del Fresno,Guadalajara
19167,19,167,3,Malaguilla,Guadalajara
19168,19,168,9,Mandayona,Guadalajara
19169,19,169,2,Mantiel,Guadalajara
19170,19,170,6,Maranchón,Guadalajara
19171,19,171,3,Marchamalo,Guadalajara
19172,19,172,8,Masegoso de Tajuña,Guadalajara
19173,19,173,4,Matarrubia,Guadalajara
19174,19,174,9,Matillas,Guadalajara
19175,19,175,2,Mazarete,Guadalajara
19176,19,176,5,Mazuecos,Guadalajara
19177,19,177,1,Medranda,Guadalajara
19178,19,178,7,Megina,Guadalajara
19179,19,179,0,Membrillera,Guadalajara
19181,19,181,1,Miedes de Atienza,Guadalajara
19182,19,182,6,"Mierla, La",Guadalajara
19184,19,184,7,Millana,Guadalajara
19183,19,183,2,Milmarcos,Guadalajara
19185,19,185,0,"Miñosa, La",Guadalajara
19186,19,186,3,Mirabueno,Guadalajara
19187,19,187,9,Miralrío,Guadalajara
19188,19,188,5,Mochales,Guadalajara
19189,19,189,8,Mohernando,Guadalajara
19190,19,190,2,Molina de Aragón,Guadalajara
19191,19,191,9,Monasterio,Guadalajara
19192,19,192,4,Mondéjar,Guadalajara
19193,19,193,0,Montarrón,Guadalajara
19194,19,194,5,Moratilla de los Meleros,Guadalajara
19195,19,195,8,Morenilla,Guadalajara
19196,19,196,1,Muduex,Guadalajara
19197,19,197,7,"Navas de Jadraque, Las",Guadalajara
19198,19,198,3,Negredo,Guadalajara
19199,19,199,6,Ocentejo,Guadalajara
19200,19,200,0,"Olivar, El",Guadalajara
19201,19,201,7,Olmeda de Cobeta,Guadalajara
19202,19,202,2,"Olmeda de Jadraque, La",Guadalajara
19203,19,203,8,"Ordial, El",Guadalajara
19204,19,204,3,Orea,Guadalajara
19208,19,208,1,Pálmaces de Jadraque,Guadalajara
19209,19,209,4,Pardos,Guadalajara
19210,19,210,8,Paredes de Sigüenza,Guadalajara
19211,19,211,5,Pareja,Guadalajara
19212,19,212,0,Pastrana,Guadalajara
19213,19,213,6,"Pedregal, El",Guadalajara
19214,19,214,1,Peñalén,Guadalajara
19215,19,215,4,Peñalver,Guadalajara
19216,19,216,7,Peralejos de las Truchas,Guadalajara
19217,19,217,3,Peralveche,Guadalajara
19218,19,218,9,Pinilla de Jadraque,Guadalajara
19219,19,219,2,Pinilla de Molina,Guadalajara
19220,19,220,6,Pioz,Guadalajara
19221,19,221,3,Piqueras,Guadalajara
19222,19,222,8,"Pobo de Dueñas, El",Guadalajara
19223,19,223,4,Poveda de la Sierra,Guadalajara
19224,19,224,9,Pozo de Almoguera,Guadalajara
19225,19,225,2,Pozo de Guadalajara,Guadalajara
19226,19,226,5,Prádena de Atienza,Guadalajara
19227,19,227,1,Prados Redondos,Guadalajara
19228,19,228,7,Puebla de Beleña,Guadalajara
19229,19,229,0,Puebla de Valles,Guadalajara
19230,19,230,4,Quer,Guadalajara
19231,19,231,1,Rebollosa de Jadraque,Guadalajara
19232,19,232,6,"Recuenco, El",Guadalajara
19233,19,233,2,Renera,Guadalajara
19234,19,234,7,Retiendas,Guadalajara
19235,19,235,0,Riba de Saelices,Guadalajara
19237,19,237,9,Rillo de Gallo,Guadalajara
19238,19,238,5,Riofrío del Llano,Guadalajara
19239,19,239,8,Robledillo de Mohernando,Guadalajara
19240,19,240,2,Robledo de Corpes,Guadalajara
19241,19,241,9,Romanillos de Atienza,Guadalajara
19242,19,242,4,Romanones,Guadalajara
19243,19,243,0,Rueda de la Sierra,Guadalajara
19244,19,244,5,Sacecorbo,Guadalajara
19245,19,245,8,Sacedón,Guadalajara
19246,19,246,1,Saelices de la Sal,Guadalajara
19247,19,247,7,Salmerón,Guadalajara
19248,19,248,3,San Andrés del Congosto,Guadalajara
19249,19,249,6,San Andrés del Rey,Guadalajara
19250,19,250,9,Santiuste,Guadalajara
19251,19,251,6,Saúca,Guadalajara
19252,19,252,1,Sayatón,Guadalajara
19254,19,254,2,Selas,Guadalajara
19901,19,901,0,Semillas,Guadalajara
19255,19,255,5,Setiles,Guadalajara
19256,19,256,8,Sienes,Guadalajara
19257,19,257,4,Sigüenza,Guadalajara
19258,19,258,0,Solanillos del Extremo,Guadalajara
19259,19,259,3,Somolinos,Guadalajara
19260,19,260,7,"Sotillo, El",Guadalajara
19261,19,261,4,Sotodosos,Guadalajara
19262,19,262,9,Tamajón,Guadalajara
19263,19,263,5,Taragudo,Guadalajara
19264,19,264,0,Taravilla,Guadalajara
19265,19,265,3,Tartanedo,Guadalajara
19266,19,266,6,Tendilla,Guadalajara
19267,19,267,2,Terzaga,Guadalajara
19268,19,268,8,Tierzo,Guadalajara
19269,19,269,1,"Toba, La",Guadalajara
19271,19,271,2,Tordellego,Guadalajara
19270,19,270,5,Tordelrábano,Guadalajara
19272,19,272,7,Tordesilos,Guadalajara
19274,19,274,8,Torija,Guadalajara
19279,19,279,9,Torre del Burgo,Guadalajara
19277,19,277,0,Torrecuadrada de Molina,Guadalajara
19278,19,278,6,Torrecuadradilla,Guadalajara
19280,19,280,3,Torrejón del Rey,Guadalajara
19281,19,281,0,Torremocha de Jadraque,Guadalajara
19282,19,282,5,Torremocha del Campo,Guadalajara
19283,19,283,1,Torremocha del Pinar,Guadalajara
19284,19,284,6,Torremochuela,Guadalajara
19285,19,285,9,Torrubia,Guadalajara
19286,19,286,2,Tórtola de Henares,Guadalajara
19287,19,287,8,Tortuera,Guadalajara
19288,19,288,4,Tortuero,Guadalajara
19289,19,289,7,Traíd,Guadalajara
19290,19,290,1,Trijueque,Guadalajara
19291,19,291,8,Trillo,Guadalajara
19293,19,293,9,Uceda,Guadalajara
19294,19,294,4,Ujados,Guadalajara
19296,19,296,0,Utande,Guadalajara
19297,19,297,6,Valdarachas,Guadalajara
19298,19,298,2,Valdearenas,Guadalajara
19299,19,299,5,Valdeavellano,Guadalajara
19300,19,300,9,Valdeaveruelo,Guadalajara
19301,19,301,6,Valdeconcha,Guadalajara
19302,19,302,1,Valdegrudas,Guadalajara
19303,19,303,7,Valdelcubo,Guadalajara
19304,19,304,2,Valdenuño Fernández,Guadalajara
19305,19,305,5,Valdepeñas de la Sierra,Guadalajara
19306,19,306,8,Valderrebollo,Guadalajara
19307,19,307,4,Valdesotos,Guadalajara
19308,19,308,0,Valfermoso de Tajuña,Guadalajara
19309,19,309,3,Valhermoso,Guadalajara
19310,19,310,7,Valtablado del Río,Guadalajara
19311,19,311,4,Valverde de los Arroyos,Guadalajara
19314,19,314,0,Viana de Jadraque,Guadalajara
19317,19,317,2,Villanueva de Alcorón,Guadalajara
19318,19,318,8,Villanueva de Argecilla,Guadalajara
19319,19,319,1,Villanueva de la Torre,Guadalajara
19321,19,321,2,Villares de Jadraque,Guadalajara
19322,19,322,7,Villaseca de Henares,Guadalajara
19323,19,323,3,Villaseca de Uceda,Guadalajara
19324,19,324,8,Villel de Mesa,Guadalajara
19325,19,325,1,Viñuelas,Guadalajara
19326,19,326,4,Yebes,Guadalajara
19327,19,327,0,Yebra,Guadalajara
19329,19,329,9,Yélamos de Abajo,Guadalajara
19330,19,330,3,Yélamos de Arriba,Guadalajara
19331,19,331,0,Yunquera de Henares,Guadalajara
19332,19,332,5,"Yunta, La",Guadalajara
19333,19,333,1,Zaorejas,Guadalajara
19334,19,334,6,Zarzuela de Jadraque,Guadalajara
19335,19,335,9,Zorita de los Canes,Guadalajara
20001,20,001,3,Abaltzisketa,Guipúzcoa
20002,20,002,8,Aduna,Guipúzcoa
20016,20,016,3,Aia,Guipúzcoa
20003,20,003,4,Aizarnazabal,Guipúzcoa
20004,20,004,9,Albiztur,Guipúzcoa
20005,20,005,2,Alegia,Guipúzcoa
20006,20,006,5,Alkiza,Guipúzcoa
20906,20,906,6,Altzaga,Guipúzcoa
20007,20,007,1,Altzo,Guipúzcoa
20008,20,008,7,Amezketa,Guipúzcoa
20009,20,009,0,Andoain,Guipúzcoa
20010,20,010,4,Anoeta,Guipúzcoa
20011,20,011,1,Antzuola,Guipúzcoa
20012,20,012,6,Arama,Guipúzcoa
20013,20,013,2,Aretxabaleta,Guipúzcoa
20055,20,055,1,Arrasate/Mondragón,Guipúzcoa
20014,20,014,7,Asteasu,Guipúzcoa
20903,20,903,5,Astigarraga,Guipúzcoa
20015,20,015,0,Ataun,Guipúzcoa
20017,20,017,9,Azkoitia,Guipúzcoa
20018,20,018,5,Azpeitia,Guipúzcoa
20904,20,904,0,Baliarrain,Guipúzcoa
20019,20,019,8,Beasain,Guipúzcoa
20020,20,020,2,Beizama,Guipúzcoa
20021,20,021,9,Belauntza,Guipúzcoa
20022,20,022,4,Berastegi,Guipúzcoa
20074,20,074,4,Bergara,Guipúzcoa
20023,20,023,0,Berrobi,Guipúzcoa
20024,20,024,5,Bidania-Goiatz,Guipúzcoa
20029,20,029,6,Deba,Guipúzcoa
20069,20,069,7,Donostia/San Sebastián,Guipúzcoa
20030,20,030,0,Eibar,Guipúzcoa
20031,20,031,7,Elduain,Guipúzcoa
20033,20,033,8,Elgeta,Guipúzcoa
20032,20,032,2,Elgoibar,Guipúzcoa
20067,20,067,8,Errenteria,Guipúzcoa
20066,20,066,2,Errezil,Guipúzcoa
20034,20,034,3,Eskoriatza,Guipúzcoa
20035,20,035,6,Ezkio-Itsaso,Guipúzcoa
20038,20,038,1,Gabiria,Guipúzcoa
20037,20,037,5,Gaintza,Guipúzcoa
20907,20,907,2,Gaztelu,Guipúzcoa
20039,20,039,4,Getaria,Guipúzcoa
20040,20,040,8,Hernani,Guipúzcoa
20041,20,041,5,Hernialde,Guipúzcoa
20036,20,036,9,Hondarribia,Guipúzcoa
20042,20,042,0,Ibarra,Guipúzcoa
20043,20,043,6,Idiazabal,Guipúzcoa
20044,20,044,1,Ikaztegieta,Guipúzcoa
20045,20,045,4,Irun,Guipúzcoa
20046,20,046,7,Irura,Guipúzcoa
20047,20,047,3,Itsasondo,Guipúzcoa
20048,20,048,9,Larraul,Guipúzcoa
20902,20,902,9,Lasarte-Oria,Guipúzcoa
20049,20,049,2,Lazkao,Guipúzcoa
20050,20,050,5,Leaburu,Guipúzcoa
20051,20,051,2,Legazpi,Guipúzcoa
20052,20,052,7,Legorreta,Guipúzcoa
20068,20,068,4,Leintz-Gatzaga,Guipúzcoa
20053,20,053,3,Lezo,Guipúzcoa
20054,20,054,8,Lizartza,Guipúzcoa
20901,20,901,4,Mendaro,Guipúzcoa
20057,20,057,0,Mutiloa,Guipúzcoa
20056,20,056,4,Mutriku,Guipúzcoa
20063,20,063,1,Oiartzun,Guipúzcoa
20058,20,058,6,Olaberria,Guipúzcoa
20059,20,059,9,Oñati,Guipúzcoa
20076,20,076,0,Ordizia,Guipúzcoa
20905,20,905,3,Orendain,Guipúzcoa
20060,20,060,3,Orexa,Guipúzcoa
20061,20,061,0,Orio,Guipúzcoa
20062,20,062,5,Ormaiztegi,Guipúzcoa
20064,20,064,6,Pasaia,Guipúzcoa
20070,20,070,1,Segura,Guipúzcoa
20065,20,065,9,Soraluze-Placencia de las Armas,Guipúzcoa
20071,20,071,8,Tolosa,Guipúzcoa
20072,20,072,3,Urnieta,Guipúzcoa
20077,20,077,6,Urretxu,Guipúzcoa
20073,20,073,9,Usurbil,Guipúzcoa
20075,20,075,7,Villabona,Guipúzcoa
20078,20,078,2,Zaldibia,Guipúzcoa
20079,20,079,5,Zarautz,Guipúzcoa
20025,20,025,8,Zegama,Guipúzcoa
20026,20,026,1,Zerain,Guipúzcoa
20027,20,027,7,Zestoa,Guipúzcoa
20028,20,028,3,Zizurkil,Guipúzcoa
20081,20,081,6,Zumaia,Guipúzcoa
20080,20,080,9,Zumarraga,Guipúzcoa
21001,21,001,0,Alájar,Huelva
21002,21,002,5,Aljaraque,Huelva
21003,21,003,1,"Almendro, El",Huelva
21004,21,004,6,Almonaster la Real,Huelva
21005,21,005,9,Almonte,Huelva
21006,21,006,2,Alosno,Huelva
21007,21,007,8,Aracena,Huelva
21008,21,008,4,Aroche,Huelva
21009,21,009,7,Arroyomolinos de León,Huelva
21010,21,010,1,Ayamonte,Huelva
21011,21,011,8,Beas,Huelva
21012,21,012,3,Berrocal,Huelva
21013,21,013,9,Bollullos Par del Condado,Huelva
21014,21,014,4,Bonares,Huelva
21015,21,015,7,Cabezas Rubias,Huelva
21016,21,016,0,Cala,Huelva
21017,21,017,6,Calañas,Huelva
21018,21,018,2,"Campillo, El",Huelva
21019,21,019,5,Campofrío,Huelva
21020,21,020,9,Cañaveral de León,Huelva
21021,21,021,6,Cartaya,Huelva
21022,21,022,1,Castaño del Robledo,Huelva
21023,21,023,7,"Cerro de Andévalo, El",Huelva
21030,21,030,7,Chucena,Huelva
21024,21,024,2,Corteconcepción,Huelva
21025,21,025,5,Cortegana,Huelva
21026,21,026,8,Cortelazor,Huelva
21027,21,027,4,Cumbres de Enmedio,Huelva
21028,21,028,0,Cumbres de San Bartolomé,Huelva
21029,21,029,3,Cumbres Mayores,Huelva
21031,21,031,4,Encinasola,Huelva
21032,21,032,9,Escacena del Campo,Huelva
21033,21,033,5,Fuenteheridos,Huelva
21034,21,034,0,Galaroza,Huelva
21035,21,035,3,Gibraleón,Huelva
21036,21,036,6,"Granada de Río-Tinto, La",Huelva
21037,21,037,2,"Granado, El",Huelva
21038,21,038,8,Higuera de la Sierra,Huelva
21039,21,039,1,Hinojales,Huelva
21040,21,040,5,Hinojos,Huelva
21041,21,041,2,Huelva,Huelva
21042,21,042,7,Isla Cristina,Huelva
21043,21,043,3,Jabugo,Huelva
21044,21,044,8,Lepe,Huelva
21045,21,045,1,Linares de la Sierra,Huelva
21046,21,046,4,Lucena del Puerto,Huelva
21047,21,047,0,Manzanilla,Huelva
21048,21,048,6,"Marines, Los",Huelva
21049,21,049,9,Minas de Riotinto,Huelva
21050,21,050,2,Moguer,Huelva
21051,21,051,9,"Nava, La",Huelva
21052,21,052,4,Nerva,Huelva
21053,21,053,0,Niebla,Huelva
21054,21,054,5,"Palma del Condado, La",Huelva
21055,21,055,8,Palos de la Frontera,Huelva
21056,21,056,1,Paterna del Campo,Huelva
21057,21,057,7,Paymogo,Huelva
21058,21,058,3,Puebla de Guzmán,Huelva
21059,21,059,6,Puerto Moral,Huelva
21060,21,060,0,Punta Umbría,Huelva
21061,21,061,7,Rociana del Condado,Huelva
21062,21,062,2,Rosal de la Frontera,Huelva
21063,21,063,8,San Bartolomé de la Torre,Huelva
21064,21,064,3,San Juan del Puerto,Huelva
21066,21,066,9,San Silvestre de Guzmán,Huelva
21065,21,065,6,Sanlúcar de Guadiana,Huelva
21067,21,067,5,Santa Ana la Real,Huelva
21068,21,068,1,Santa Bárbara de Casa,Huelva
21069,21,069,4,Santa Olalla del Cala,Huelva
21070,21,070,8,Trigueros,Huelva
21071,21,071,5,Valdelarco,Huelva
21072,21,072,0,Valverde del Camino,Huelva
21073,21,073,6,Villablanca,Huelva
21074,21,074,1,Villalba del Alcor,Huelva
21075,21,075,4,Villanueva de las Cruces,Huelva
21076,21,076,7,Villanueva de los Castillejos,Huelva
21077,21,077,3,Villarrasa,Huelva
21078,21,078,9,Zalamea la Real,Huelva
21902,21,902,6,"Zarza-Perrunal, La",Huelva
21079,21,079,2,Zufre,Huelva
22001,22,001,5,Abiego,Huesca
22002,22,002,0,Abizanda,Huesca
22003,22,003,6,Adahuesca,Huesca
22004,22,004,1,Agüero,Huesca
22907,22,907,4,Aínsa-Sobrarbe,Huesca
22006,22,006,7,Aisa,Huesca
22007,22,007,3,Albalate de Cinca,Huesca
22008,22,008,9,Albalatillo,Huesca
22009,22,009,2,Albelda,Huesca
22011,22,011,3,Albero Alto,Huesca
22012,22,012,8,Albero Bajo,Huesca
22013,22,013,4,Alberuela de Tubo,Huesca
22014,22,014,9,Alcalá de Gurrea,Huesca
22015,22,015,2,Alcalá del Obispo,Huesca
22016,22,016,5,Alcampell,Huesca
22017,22,017,1,Alcolea de Cinca,Huesca
22018,22,018,7,Alcubierre,Huesca
22019,22,019,0,Alerre,Huesca
22020,22,020,4,Alfántega,Huesca
22021,22,021,1,Almudévar,Huesca
22022,22,022,6,Almunia de San Juan,Huesca
22023,22,023,2,Almuniente,Huesca
22024,22,024,7,Alquézar,Huesca
22025,22,025,0,Altorricón,Huesca
22027,22,027,9,Angüés,Huesca
22028,22,028,5,Ansó,Huesca
22029,22,029,8,Antillón,Huesca
22032,22,032,4,Aragüés del Puerto,Huesca
22035,22,035,8,Arén,Huesca
22036,22,036,1,Argavieso,Huesca
22037,22,037,7,Arguis,Huesca
22039,22,039,6,Ayerbe,Huesca
22040,22,040,0,Azanuy-Alins,Huesca
22041,22,041,7,Azara,Huesca
22042,22,042,2,Azlor,Huesca
22043,22,043,8,Baélls,Huesca
22044,22,044,3,Bailo,Huesca
22045,22,045,6,Baldellou,Huesca
22046,22,046,9,Ballobar,Huesca
22047,22,047,5,Banastás,Huesca
22048,22,048,1,Barbastro,Huesca
22049,22,049,4,Barbués,Huesca
22050,22,050,7,Barbuñales,Huesca
22051,22,051,4,Bárcabo,Huesca
22052,22,052,9,Belver de Cinca,Huesca
22053,22,053,5,Benabarre,Huesca
22054,22,054,0,Benasque,Huesca
22246,22,246,7,Beranuy,Huesca
22055,22,055,3,Berbegal,Huesca
22057,22,057,2,Bielsa,Huesca
22058,22,058,8,Bierge,Huesca
22059,22,059,1,Biescas,Huesca
22060,22,060,5,Binaced,Huesca
22061,22,061,2,Binéfar,Huesca
22062,22,062,7,Bisaurri,Huesca
22063,22,063,3,Biscarrués,Huesca
22064,22,064,8,Blecua y Torres,Huesca
22066,22,066,4,Boltaña,Huesca
22067,22,067,0,Bonansa,Huesca
22068,22,068,6,Borau,Huesca
22069,22,069,9,Broto,Huesca
22072,22,072,5,Caldearenas,Huesca
22074,22,074,6,Campo,Huesca
22075,22,075,9,Camporrélls,Huesca
22076,22,076,2,Canal de Berdún,Huesca
22077,22,077,8,Candasnos,Huesca
22078,22,078,4,Canfranc,Huesca
22079,22,079,7,Capdesaso,Huesca
22080,22,080,1,Capella,Huesca
22081,22,081,8,Casbas de Huesca,Huesca
22083,22,083,9,Castejón de Monegros,Huesca
22084,22,084,4,Castejón de Sos,Huesca
22082,22,082,3,Castejón del Puente,Huesca
22085,22,085,7,Castelflorite,Huesca
22086,22,086,0,Castiello de Jaca,Huesca
22087,22,087,6,Castigaleu,Huesca
22088,22,088,2,Castillazuelo,Huesca
22089,22,089,5,Castillonroy,Huesca
22094,22,094,2,Chalamera,Huesca
22095,22,095,5,Chía,Huesca
22096,22,096,8,Chimillas,Huesca
22090,22,090,9,Colungo,Huesca
22099,22,099,3,Esplús,Huesca
22102,22,102,9,Estada,Huesca
22103,22,103,5,Estadilla,Huesca
22105,22,105,3,Estopiñán del Castillo,Huesca
22106,22,106,6,Fago,Huesca
22107,22,107,2,Fanlo,Huesca
22109,22,109,1,Fiscal,Huesca
22110,22,110,5,Fonz,Huesca
22111,22,111,2,Foradada del Toscar,Huesca
22112,22,112,7,Fraga,Huesca
22113,22,113,3,"Fueva, La",Huesca
22114,22,114,8,Gistaín,Huesca
22115,22,115,1,"Grado, El",Huesca
22116,22,116,4,Grañén,Huesca
22117,22,117,0,Graus,Huesca
22119,22,119,9,Gurrea de Gállego,Huesca
22122,22,122,5,Hoz de Jaca,Huesca
22908,22,908,0,Hoz y Costean,Huesca
22124,22,124,6,Huerto,Huesca
22125,22,125,9,Huesca,Huesca
22126,22,126,2,Ibieca,Huesca
22127,22,127,8,Igriés,Huesca
22128,22,128,4,Ilche,Huesca
22129,22,129,7,Isábena,Huesca
22130,22,130,1,Jaca,Huesca
22131,22,131,8,Jasa,Huesca
22133,22,133,9,Labuerda,Huesca
22135,22,135,7,Laluenga,Huesca
22136,22,136,0,Lalueza,Huesca
22137,22,137,6,Lanaja,Huesca
22139,22,139,5,Laperdiguera,Huesca
22141,22,141,6,Lascellas-Ponzano,Huesca
22142,22,142,1,Lascuarre,Huesca
22143,22,143,7,Laspaúles,Huesca
22144,22,144,2,Laspuña,Huesca
22149,22,149,3,Loarre,Huesca
22150,22,150,6,Loporzano,Huesca
22151,22,151,3,Loscorrales,Huesca
22905,22,905,5,Lupiñén-Ortilla,Huesca
22155,22,155,2,Monesma y Cajigar,Huesca
22156,22,156,5,Monflorite-Lascasas,Huesca
22157,22,157,1,Montanuy,Huesca
22158,22,158,7,Monzón,Huesca
22160,22,160,4,Naval,Huesca
22162,22,162,6,Novales,Huesca
22163,22,163,2,Nueno,Huesca
22164,22,164,7,Olvena,Huesca
22165,22,165,0,Ontiñena,Huesca
22167,22,167,9,Osso de Cinca,Huesca
22168,22,168,5,Palo,Huesca
22170,22,170,2,Panticosa,Huesca
22172,22,172,4,Peñalba,Huesca
22173,22,173,0,"Peñas de Riglos, Las",Huesca
22174,22,174,5,Peralta de Alcofea,Huesca
22175,22,175,8,Peralta de Calasanz,Huesca
22176,22,176,1,Peraltilla,Huesca
22177,22,177,7,Perarrúa,Huesca
22178,22,178,3,Pertusa,Huesca
22181,22,181,7,Piracés,Huesca
22182,22,182,2,Plan,Huesca
22184,22,184,3,Poleñino,Huesca
22186,22,186,9,Pozán de Vero,Huesca
22187,22,187,5,"Puebla de Castro, La",Huesca
22188,22,188,1,Puente de Montañana,Huesca
22902,22,902,1,Puente la Reina de Jaca,Huesca
22189,22,189,4,Puértolas,Huesca
22190,22,190,8,"Pueyo de Araguás, El",Huesca
22193,22,193,6,Pueyo de Santa Cruz,Huesca
22195,22,195,4,Quicena,Huesca
22197,22,197,3,Robres,Huesca
22199,22,199,2,Sabiñánigo,Huesca
22200,22,200,6,Sahún,Huesca
22201,22,201,3,Salas Altas,Huesca
22202,22,202,8,Salas Bajas,Huesca
22203,22,203,4,Salillas,Huesca
22204,22,204,9,Sallent de Gállego,Huesca
22205,22,205,2,San Esteban de Litera,Huesca
22207,22,207,1,San Juan de Plan,Huesca
22903,22,903,7,San Miguel del Cinca,Huesca
22206,22,206,5,Sangarrén,Huesca
22208,22,208,7,Santa Cilia,Huesca
22209,22,209,0,Santa Cruz de la Serós,Huesca
22906,22,906,8,Santa María de Dulcis,Huesca
22212,22,212,6,Santaliestra y San Quílez,Huesca
22213,22,213,2,Sariñena,Huesca
22214,22,214,7,Secastilla,Huesca
22215,22,215,0,Seira,Huesca
22217,22,217,9,Sena,Huesca
22218,22,218,5,Senés de Alcubierre,Huesca
22220,22,220,2,Sesa,Huesca
22221,22,221,9,Sesué,Huesca
22222,22,222,4,Siétamo,Huesca
22223,22,223,0,Sopeira,Huesca
22904,22,904,2,"Sotonera, La",Huesca
22225,22,225,8,Tamarite de Litera,Huesca
22226,22,226,1,Tardienta,Huesca
22227,22,227,7,Tella-Sin,Huesca
22228,22,228,3,Tierz,Huesca
22229,22,229,6,Tolva,Huesca
22230,22,230,0,Torla-Ordesa,Huesca
22232,22,232,2,Torralba de Aragón,Huesca
22233,22,233,8,Torre la Ribera,Huesca
22234,22,234,3,Torrente de Cinca,Huesca
22235,22,235,6,Torres de Alcanadre,Huesca
22236,22,236,9,Torres de Barbués,Huesca
22239,22,239,4,Tramaced,Huesca
22242,22,242,0,Valfarta,Huesca
22243,22,243,6,Valle de Bardají,Huesca
22901,22,901,6,Valle de Hecho,Huesca
22244,22,244,1,Valle de Lierp,Huesca
22245,22,245,4,Velilla de Cinca,Huesca
22909,22,909,3,Vencillón,Huesca
22247,22,247,3,Viacamp y Litera,Huesca
22248,22,248,9,Vicién,Huesca
22249,22,249,2,Villanova,Huesca
22250,22,250,5,Villanúa,Huesca
22251,22,251,2,Villanueva de Sigena,Huesca
22252,22,252,7,Yebra de Basa,Huesca
22253,22,253,3,Yésero,Huesca
22254,22,254,8,Zaidín,Huesca
23001,23,001,1,Albanchez de Mágina,Jaén
23002,23,002,6,Alcalá la Real,Jaén
23003,23,003,2,Alcaudete,Jaén
23004,23,004,7,Aldeaquemada,Jaén
23005,23,005,0,Andújar,Jaén
23006,23,006,3,Arjona,Jaén
23007,23,007,9,Arjonilla,Jaén
23008,23,008,5,Arquillos,Jaén
23905,23,905,1,Arroyo del Ojanco,Jaén
23009,23,009,8,Baeza,Jaén
23010,23,010,2,Bailén,Jaén
23011,23,011,9,Baños de la Encina,Jaén
23012,23,012,4,Beas de Segura,Jaén
23902,23,902,7,Bedmar y Garcíez,Jaén
23014,23,014,5,Begíjar,Jaén
23015,23,015,8,Bélmez de la Moraleda,Jaén
23016,23,016,1,Benatae,Jaén
23017,23,017,7,Cabra del Santo Cristo,Jaén
23018,23,018,3,Cambil,Jaén
23019,23,019,6,Campillo de Arenas,Jaén
23020,23,020,0,Canena,Jaén
23021,23,021,7,Carboneros,Jaén
23901,23,901,2,Cárcheles,Jaén
23024,23,024,3,"Carolina, La",Jaén
23025,23,025,6,Castellar,Jaén
23026,23,026,9,Castillo de Locubín,Jaén
23027,23,027,5,Cazalilla,Jaén
23028,23,028,1,Cazorla,Jaén
23029,23,029,4,Chiclana de Segura,Jaén
23030,23,030,8,Chilluévar,Jaén
23031,23,031,5,Escañuela,Jaén
23032,23,032,0,Espeluy,Jaén
23033,23,033,6,Frailes,Jaén
23034,23,034,1,Fuensanta de Martos,Jaén
23035,23,035,4,Fuerte del Rey,Jaén
23037,23,037,3,Génave,Jaén
23038,23,038,9,"Guardia de Jaén, La",Jaén
23039,23,039,2,Guarromán,Jaén
23041,23,041,3,Higuera de Calatrava,Jaén
23042,23,042,8,Hinojares,Jaén
23043,23,043,4,Hornos,Jaén
23044,23,044,9,Huelma,Jaén
23045,23,045,2,Huesa,Jaén
23046,23,046,5,Ibros,Jaén
23047,23,047,1,"Iruela, La",Jaén
23048,23,048,7,Iznatoraf,Jaén
23049,23,049,0,Jabalquinto,Jaén
23050,23,050,3,Jaén,Jaén
23051,23,051,0,Jamilena,Jaén
23052,23,052,5,Jimena,Jaén
23053,23,053,1,Jódar,Jaén
23040,23,040,6,Lahiguera,Jaén
23054,23,054,6,Larva,Jaén
23055,23,055,9,Linares,Jaén
23056,23,056,2,Lopera,Jaén
23057,23,057,8,Lupión,Jaén
23058,23,058,4,Mancha Real,Jaén
23059,23,059,7,Marmolejo,Jaén
23060,23,060,1,Martos,Jaén
23061,23,061,8,Mengíbar,Jaén
23062,23,062,3,Montizón,Jaén
23063,23,063,9,Navas de San Juan,Jaén
23064,23,064,4,Noalejo,Jaén
23065,23,065,7,Orcera,Jaén
23066,23,066,0,Peal de Becerro,Jaén
23067,23,067,6,Pegalajar,Jaén
23069,23,069,5,Porcuna,Jaén
23070,23,070,9,Pozo Alcón,Jaén
23071,23,071,6,Puente de Génave,Jaén
23072,23,072,1,"Puerta de Segura, La",Jaén
23073,23,073,7,Quesada,Jaén
23074,23,074,2,Rus,Jaén
23075,23,075,5,Sabiote,Jaén
23076,23,076,8,Santa Elena,Jaén
23077,23,077,4,Santiago de Calatrava,Jaén
23904,23,904,8,Santiago-Pontones,Jaén
23079,23,079,3,Santisteban del Puerto,Jaén
23080,23,080,7,Santo Tomé,Jaén
23081,23,081,4,Segura de la Sierra,Jaén
23082,23,082,9,Siles,Jaén
23084,23,084,0,Sorihuela del Guadalimar,Jaén
23085,23,085,3,Torreblascopedro,Jaén
23086,23,086,6,Torredelcampo,Jaén
23087,23,087,2,Torredonjimeno,Jaén
23088,23,088,8,Torreperogil,Jaén
23090,23,090,5,Torres,Jaén
23091,23,091,2,Torres de Albánchez,Jaén
23092,23,092,7,Úbeda,Jaén
23093,23,093,3,Valdepeñas de Jaén,Jaén
23094,23,094,8,Vilches,Jaén
23095,23,095,1,Villacarrillo,Jaén
23096,23,096,4,Villanueva de la Reina,Jaén
23097,23,097,0,Villanueva del Arzobispo,Jaén
23098,23,098,6,Villardompardo,Jaén
23099,23,099,9,"Villares, Los",Jaén
23101,23,101,0,Villarrodrigo,Jaén
23903,23,903,3,Villatorres,Jaén
24001,24,001,6,Acebedo,León
24002,24,002,1,Algadefe,León
24003,24,003,7,Alija del Infantado,León
24004,24,004,2,Almanza,León
24005,24,005,5,"Antigua, La",León
24006,24,006,8,Ardón,León
24007,24,007,4,Arganza,León
24008,24,008,0,Astorga,León
24009,24,009,3,Balboa,León
24010,24,010,7,"Bañeza, La",León
24011,24,011,4,Barjas,León
24012,24,012,9,"Barrios de Luna, Los",León
24014,24,014,0,Bembibre,León
24015,24,015,3,Benavides,León
24016,24,016,6,Benuza,León
24017,24,017,2,Bercianos del Páramo,León
24018,24,018,8,Bercianos del Real Camino,León
24019,24,019,1,Berlanga del Bierzo,León
24020,24,020,5,Boca de Huérgano,León
24021,24,021,2,Boñar,León
24022,24,022,7,Borrenes,León
24023,24,023,3,Brazuelo,León
24024,24,024,8,"Burgo Ranero, El",León
24025,24,025,1,Burón,León
24026,24,026,4,Bustillo del Páramo,León
24027,24,027,0,Cabañas Raras,León
24028,24,028,6,Cabreros del Río,León
24029,24,029,9,Cabrillanes,León
24030,24,030,3,Cacabelos,León
24031,24,031,0,Calzada del Coto,León
24032,24,032,5,Campazas,León
24033,24,033,1,Campo de Villavidel,León
24034,24,034,6,Camponaraya,León
24037,24,037,8,Cármenes,León
24038,24,038,4,Carracedelo,León
24039,24,039,7,Carrizo,León
24040,24,040,1,Carrocera,León
24041,24,041,8,Carucedo,León
24042,24,042,3,Castilfalé,León
24043,24,043,9,Castrillo de Cabrera,León
24044,24,044,4,Castrillo de la Valduerna,León
24046,24,046,0,Castrocalbón,León
24047,24,047,6,Castrocontrigo,León
24049,24,049,5,Castropodame,León
24050,24,050,8,Castrotierra de Valmadrigal,León
24051,24,051,5,Cea,León
24052,24,052,0,Cebanico,León
24053,24,053,6,Cebrones del Río,León
24065,24,065,2,Chozas de Abajo,León
24054,24,054,1,Cimanes de la Vega,León
24055,24,055,4,Cimanes del Tejar,León
24056,24,056,7,Cistierna,León
24057,24,057,3,Congosto,León
24058,24,058,9,Corbillos de los Oteros,León
24059,24,059,2,Corullón,León
24060,24,060,6,Crémenes,León
24061,24,061,3,Cuadros,León
24062,24,062,8,Cubillas de los Oteros,León
24063,24,063,4,Cubillas de Rueda,León
24064,24,064,9,Cubillos del Sil,León
24066,24,066,5,Destriana,León
24067,24,067,1,Encinedo,León
24068,24,068,7,"Ercina, La",León
24069,24,069,0,Escobar de Campos,León
24070,24,070,4,Fabero,León
24071,24,071,1,Folgoso de la Ribera,León
24073,24,073,2,Fresno de la Vega,León
24074,24,074,7,Fuentes de Carbajal,León
24076,24,076,3,Garrafe de Torío,León
24077,24,077,9,Gordaliza del Pino,León
24078,24,078,5,Gordoncillo,León
24079,24,079,8,Gradefes,León
24080,24,080,2,Grajal de Campos,León
24081,24,081,9,Gusendos de los Oteros,León
24082,24,082,4,Hospital de Órbigo,León
24083,24,083,0,Igüeña,León
24084,24,084,5,Izagre,León
24086,24,086,1,Joarilla de las Matas,León
24087,24,087,7,Laguna Dalga,León
24088,24,088,3,Laguna de Negrillos,León
24089,24,089,6,León,León
24092,24,092,2,Llamas de la Ribera,León
24090,24,090,0,Lucillo,León
24091,24,091,7,Luyego,León
24093,24,093,8,Magaz de Cepeda,León
24094,24,094,3,Mansilla de las Mulas,León
24095,24,095,6,Mansilla Mayor,León
24096,24,096,9,Maraña,León
24097,24,097,5,Matadeón de los Oteros,León
24098,24,098,1,Matallana de Torío,León
24099,24,099,4,Matanza,León
24100,24,100,8,Molinaseca,León
24101,24,101,5,Murias de Paredes,León
24102,24,102,0,Noceda del Bierzo,León
24103,24,103,6,Oencia,León
24104,24,104,1,"Omañas, Las",León
24105,24,105,4,Onzonilla,León
24106,24,106,7,Oseja de Sajambre,León
24107,24,107,3,Pajares de los Oteros,León
24108,24,108,9,Palacios de la Valduerna,León
24109,24,109,2,Palacios del Sil,León
24110,24,110,6,Páramo del Sil,León
24112,24,112,8,Peranzanes,León
24113,24,113,4,Pobladura de Pelayo García,León
24114,24,114,9,"Pola de Gordón, La",León
24115,24,115,2,Ponferrada,León
24116,24,116,5,Posada de Valdeón,León
24117,24,117,1,Pozuelo del Páramo,León
24118,24,118,7,Prado de la Guzpeña,León
24119,24,119,0,Priaranza del Bierzo,León
24120,24,120,4,Prioro,León
24121,24,121,1,Puebla de Lillo,León
24122,24,122,6,Puente de Domingo Flórez,León
24123,24,123,2,Quintana del Castillo,León
24124,24,124,7,Quintana del Marco,León
24125,24,125,0,Quintana y Congosto,León
24127,24,127,9,Regueras de Arriba,León
24129,24,129,8,Reyero,León
24130,24,130,2,Riaño,León
24131,24,131,9,Riego de la Vega,León
24132,24,132,4,Riello,León
24133,24,133,0,Rioseco de Tapia,León
24134,24,134,5,"Robla, La",León
24136,24,136,1,Roperuelos del Páramo,León
24137,24,137,7,Sabero,León
24139,24,139,6,Sahagún,León
24141,24,141,7,San Adrián del Valle,León
24142,24,142,2,San Andrés del Rabanedo,León
24144,24,144,3,San Cristóbal de la Polantera,León
24145,24,145,6,San Emiliano,León
24146,24,146,9,San Esteban de Nogales,León
24148,24,148,1,San Justo de la Vega,León
24149,24,149,4,San Millán de los Caballeros,León
24150,24,150,7,San Pedro Bercianos,León
24143,24,143,8,Sancedo,León
24151,24,151,4,Santa Colomba de Curueño,León
24152,24,152,9,Santa Colomba de Somoza,León
24153,24,153,5,Santa Cristina de Valmadrigal,León
24154,24,154,0,Santa Elena de Jamuz,León
24155,24,155,3,Santa María de la Isla,León
24158,24,158,8,Santa María de Ordás,León
24156,24,156,6,Santa María del Monte de Cea,León
24157,24,157,2,Santa María del Páramo,León
24159,24,159,1,Santa Marina del Rey,León
24160,24,160,5,Santas Martas,León
24161,24,161,2,Santiago Millas,León
24162,24,162,7,Santovenia de la Valdoncina,León
24163,24,163,3,Sariegos,León
24164,24,164,8,Sena de Luna,León
24165,24,165,1,Sobrado,León
24166,24,166,4,Soto de la Vega,León
24167,24,167,0,Soto y Amío,León
24168,24,168,6,Toral de los Guzmanes,León
24206,24,206,6,Toral de los Vados,León
24169,24,169,9,Toreno,León
24170,24,170,3,Torre del Bierzo,León
24171,24,171,0,Trabadelo,León
24172,24,172,5,Truchas,León
24173,24,173,1,Turcia,León
24174,24,174,6,Urdiales del Páramo,León
24185,24,185,7,Val de San Lorenzo,León
24175,24,175,9,Valdefresno,León
24176,24,176,2,Valdefuentes del Páramo,León
24177,24,177,8,Valdelugueros,León
24178,24,178,4,Valdemora,León
24179,24,179,7,Valdepiélago,León
24180,24,180,1,Valdepolo,León
24181,24,181,8,Valderas,León
24182,24,182,3,Valderrey,León
24183,24,183,9,Valderrueda,León
24184,24,184,4,Valdesamario,León
24187,24,187,6,Valdevimbre,León
24188,24,188,2,Valencia de Don Juan,León
24036,24,036,2,Valle de Ancares,León
24191,24,191,6,Vallecillo,León
24189,24,189,5,Valverde de la Virgen,León
24190,24,190,9,Valverde-Enrique,León
24193,24,193,7,"Vecilla, La",León
24196,24,196,8,Vega de Espinareda,León
24197,24,197,4,Vega de Infanzones,León
24198,24,198,0,Vega de Valcarce,León
24194,24,194,2,Vegacervera,León
24199,24,199,3,Vegaquemada,León
24201,24,201,4,Vegas del Condado,León
24202,24,202,9,Villablino,León
24203,24,203,5,Villabraz,León
24205,24,205,3,Villadangos del Páramo,León
24207,24,207,2,Villademor de la Vega,León
24209,24,209,1,Villafranca del Bierzo,León
24210,24,210,5,Villagatón,León
24211,24,211,2,Villamandos,León
24901,24,901,7,Villamanín,León
24212,24,212,7,Villamañán,León
24213,24,213,3,Villamartín de Don Sancho,León
24214,24,214,8,Villamejil,León
24215,24,215,1,Villamol,León
24216,24,216,4,Villamontán de la Valduerna,León
24217,24,217,0,Villamoratiel de las Matas,León
24218,24,218,6,Villanueva de las Manzanas,León
24219,24,219,9,Villaobispo de Otero,León
24902,24,902,2,Villaornate y Castro,León
24221,24,221,0,Villaquejida,León
24222,24,222,5,Villaquilambre,León
24223,24,223,1,Villarejo de Órbigo,León
24224,24,224,6,Villares de Órbigo,León
24225,24,225,9,Villasabariego,León
24226,24,226,2,Villaselán,León
24227,24,227,8,Villaturiel,León
24228,24,228,4,Villazala,León
24229,24,229,7,Villazanzo de Valderaduey,León
24230,24,230,1,Zotes del Páramo,León
25001,25,001,9,Abella de la Conca,Lleida
25002,25,002,4,Àger,Lleida
25003,25,003,0,Agramunt,Lleida
25038,25,038,7,Aitona,Lleida
25004,25,004,5,"Alamús, Els",Lleida
25005,25,005,8,Alàs i Cerc,Lleida
25006,25,006,1,"Albagés, L'",Lleida
25007,25,007,7,Albatàrrec,Lleida
25008,25,008,3,Albesa,Lleida
25009,25,009,6,"Albi, L'",Lleida
25010,25,010,0,Alcanó,Lleida
25011,25,011,7,Alcarràs,Lleida
25012,25,012,2,Alcoletge,Lleida
25013,25,013,8,Alfarràs,Lleida
25014,25,014,3,Alfés,Lleida
25015,25,015,6,Algerri,Lleida
25016,25,016,9,Alguaire,Lleida
25017,25,017,5,Alins,Lleida
25019,25,019,4,Almacelles,Lleida
25020,25,020,8,Almatret,Lleida
25021,25,021,5,Almenar,Lleida
25022,25,022,0,Alòs de Balaguer,Lleida
25023,25,023,6,Alpicat,Lleida
25024,25,024,1,Alt Àneu,Lleida
25027,25,027,3,Anglesola,Lleida
25029,25,029,2,Arbeca,Lleida
25031,25,031,3,Arres,Lleida
25032,25,032,8,Arsèguel,Lleida
25033,25,033,4,Artesa de Lleida,Lleida
25034,25,034,9,Artesa de Segre,Lleida
25036,25,036,5,Aspa,Lleida
25037,25,037,1,"Avellanes i Santa Linya, Les",Lleida
25039,25,039,0,Baix Pallars,Lleida
25040,25,040,4,Balaguer,Lleida
25041,25,041,1,Barbens,Lleida
25042,25,042,6,"Baronia de Rialb, La",Lleida
25044,25,044,7,Bassella,Lleida
25045,25,045,0,Bausen,Lleida
25046,25,046,3,Belianes,Lleida
25170,25,170,6,Bellaguarda,Lleida
25047,25,047,9,Bellcaire d'Urgell,Lleida
25048,25,048,5,Bell-lloc d'Urgell,Lleida
25049,25,049,8,Bellmunt d'Urgell,Lleida
25050,25,050,1,Bellpuig,Lleida
25051,25,051,8,Bellver de Cerdanya,Lleida
25052,25,052,3,Bellvís,Lleida
25053,25,053,9,Benavent de Segrià,Lleida
25055,25,055,7,Biosca,Lleida
25057,25,057,6,"Bòrdes, Es",Lleida
25058,25,058,2,"Borges Blanques, Les",Lleida
25059,25,059,5,Bossòst,Lleida
25056,25,056,0,Bovera,Lleida
25060,25,060,9,Cabanabona,Lleida
25061,25,061,6,Cabó,Lleida
25062,25,062,1,Camarasa,Lleida
25063,25,063,7,Canejan,Lleida
25904,25,904,6,Castell de Mur,Lleida
25064,25,064,2,Castellar de la Ribera,Lleida
25067,25,067,4,Castelldans,Lleida
25068,25,068,0,Castellnou de Seana,Lleida
25069,25,069,3,Castelló de Farfanya,Lleida
25070,25,070,7,Castellserà,Lleida
25071,25,071,4,Cava,Lleida
25072,25,072,9,Cervera,Lleida
25073,25,073,5,Cervià de les Garrigues,Lleida
25074,25,074,0,Ciutadilla,Lleida
25075,25,075,3,Clariana de Cardener,Lleida
25076,25,076,6,"Cogul, El",Lleida
25077,25,077,2,Coll de Nargó,Lleida
25163,25,163,6,"Coma i la Pedra, La",Lleida
25161,25,161,5,Conca de Dalt,Lleida
25078,25,078,8,Corbins,Lleida
25079,25,079,1,Cubells,Lleida
25081,25,081,2,"Espluga Calba, L'",Lleida
25082,25,082,7,Espot,Lleida
25088,25,088,6,Estamariu,Lleida
25085,25,085,1,Estaràs,Lleida
25086,25,086,4,Esterri d'Àneu,Lleida
25087,25,087,0,Esterri de Cardós,Lleida
25089,25,089,9,Farrera,Lleida
25908,25,908,4,Fígols i Alinyà,Lleida
25092,25,092,5,"Floresta, La",Lleida
25093,25,093,1,Fondarella,Lleida
25094,25,094,6,Foradada,Lleida
25096,25,096,2,"Fuliola, La",Lleida
25097,25,097,8,Fulleda,Lleida
25098,25,098,4,Gavet de la Conca,Lleida
25912,25,912,3,Gimenells i el Pla de la Font,Lleida
25099,25,099,7,Golmés,Lleida
25100,25,100,1,Gósol,Lleida
25101,25,101,8,"Granadella, La",Lleida
25102,25,102,3,"Granja d'Escarp, La",Lleida
25103,25,103,9,Granyanella,Lleida
25105,25,105,7,Granyena de les Garrigues,Lleida
25104,25,104,4,Granyena de Segarra,Lleida
25109,25,109,5,Guimerà,Lleida
25903,25,903,1,"Guingueta d'Àneu, La",Lleida
25110,25,110,9,Guissona,Lleida
25111,25,111,6,Guixers,Lleida
25115,25,115,5,Isona i Conca Dellà,Lleida
25112,25,112,1,Ivars de Noguera,Lleida
25113,25,113,7,Ivars d'Urgell,Lleida
25114,25,114,2,Ivorra,Lleida
25910,25,910,1,Josa i Tuixén,Lleida
25118,25,118,0,Juncosa,Lleida
25119,25,119,3,Juneda,Lleida
25121,25,121,4,Les,Lleida
25122,25,122,9,Linyola,Lleida
25123,25,123,5,Lladorre,Lleida
25124,25,124,0,Lladurs,Lleida
25125,25,125,3,Llardecans,Lleida
25126,25,126,6,Llavorsí,Lleida
25120,25,120,7,Lleida,Lleida
25127,25,127,2,Lles de Cerdanya,Lleida
25128,25,128,8,Llimiana,Lleida
25129,25,129,1,Llobera,Lleida
25133,25,133,3,Maials,Lleida
25130,25,130,5,Maldà,Lleida
25131,25,131,2,Massalcoreig,Lleida
25132,25,132,7,Massoteres,Lleida
25134,25,134,8,Menàrguens,Lleida
25135,25,135,1,Miralcamp,Lleida
25137,25,137,0,Mollerussa,Lleida
25136,25,136,4,"Molsosa, La",Lleida
25139,25,139,9,Montellà i Martinet,Lleida
25140,25,140,3,Montferrer i Castellbò,Lleida
25138,25,138,6,Montgai,Lleida
25142,25,142,5,Montoliu de Lleida,Lleida
25141,25,141,0,Montoliu de Segarra,Lleida
25143,25,143,1,Montornès de Segarra,Lleida
25145,25,145,9,Nalec,Lleida
25025,25,025,4,Naut Aran,Lleida
25146,25,146,2,Navès,Lleida
25148,25,148,4,Odèn,Lleida
25149,25,149,7,Oliana,Lleida
25150,25,150,0,Oliola,Lleida
25151,25,151,7,Olius,Lleida
25152,25,152,2,"Oluges, Les",Lleida
25153,25,153,8,"Omellons, Els",Lleida
25154,25,154,3,"Omells de na Gaia, Els",Lleida
25155,25,155,6,Organyà,Lleida
25156,25,156,9,Os de Balaguer,Lleida
25157,25,157,5,Ossó de Sió,Lleida
25158,25,158,1,"Palau d'Anglesola, El",Lleida
25164,25,164,1,Penelles,Lleida
25165,25,165,4,Peramola,Lleida
25166,25,166,7,Pinell de Solsonès,Lleida
25167,25,167,3,Pinós,Lleida
25911,25,911,8,"Plans de Sió, Els",Lleida
25168,25,168,9,"Poal, El",Lleida
25169,25,169,2,"Pobla de Cérvoles, La",Lleida
25171,25,171,3,"Pobla de Segur, La",Lleida
25030,25,030,6,"Pont de Bar, El",Lleida
25173,25,173,4,"Pont de Suert, El",Lleida
25172,25,172,8,Ponts,Lleida
25174,25,174,9,"Portella, La",Lleida
25175,25,175,2,Prats i Sansor,Lleida
25176,25,176,5,Preixana,Lleida
25177,25,177,1,Preixens,Lleida
25179,25,179,0,Prullans,Lleida
25180,25,180,4,Puiggròs,Lleida
25181,25,181,1,Puigverd d'Agramunt,Lleida
25182,25,182,6,Puigverd de Lleida,Lleida
25183,25,183,2,Rialp,Lleida
25905,25,905,9,Ribera d'Ondara,Lleida
25185,25,185,0,Ribera d'Urgellet,Lleida
25186,25,186,3,Riner,Lleida
25913,25,913,9,Riu de Cerdanya,Lleida
25189,25,189,8,Rosselló,Lleida
25190,25,190,2,Salàs de Pallars,Lleida
25191,25,191,9,Sanaüja,Lleida
25196,25,196,1,Sant Esteve de la Sarga,Lleida
25192,25,192,4,Sant Guim de Freixenet,Lleida
25197,25,197,7,Sant Guim de la Plana,Lleida
25193,25,193,0,Sant Llorenç de Morunys,Lleida
25902,25,902,5,Sant Martí de Riucorb,Lleida
25194,25,194,5,Sant Ramon,Lleida
25201,25,201,7,Sarroca de Bellera,Lleida
25200,25,200,0,Sarroca de Lleida,Lleida
25202,25,202,2,Senterada,Lleida
25035,25,035,2,"Sentiu de Sió, La",Lleida
25204,25,204,3,Seròs,Lleida
25203,25,203,8,"Seu d'Urgell, La",Lleida
25205,25,205,6,Sidamon,Lleida
25206,25,206,9,"Soleràs, El",Lleida
25207,25,207,5,Solsona,Lleida
25208,25,208,1,Soriguera,Lleida
25209,25,209,4,Sort,Lleida
25210,25,210,8,Soses,Lleida
25211,25,211,5,Sudanell,Lleida
25212,25,212,0,Sunyer,Lleida
25215,25,215,4,Talarn,Lleida
25216,25,216,7,Talavera,Lleida
25217,25,217,3,Tàrrega,Lleida
25218,25,218,9,Tarrés,Lleida
25219,25,219,2,Tarroja de Segarra,Lleida
25220,25,220,6,Térmens,Lleida
25221,25,221,3,Tírvia,Lleida
25222,25,222,8,Tiurana,Lleida
25223,25,223,4,Torà,Lleida
25224,25,224,9,"Torms, Els",Lleida
25225,25,225,2,Tornabous,Lleida
25227,25,227,1,"Torre de Cabdella, La",Lleida
25226,25,226,5,Torrebesses,Lleida
25228,25,228,7,Torrefarrera,Lleida
25907,25,907,8,Torrefeta i Florejacs,Lleida
25230,25,230,4,Torregrossa,Lleida
25231,25,231,1,Torrelameu,Lleida
25232,25,232,6,Torres de Segre,Lleida
25233,25,233,2,Torre-serona,Lleida
25234,25,234,7,Tremp,Lleida
25043,25,043,2,"Vall de Boí, La",Lleida
25901,25,901,0,Vall de Cardós,Lleida
25238,25,238,5,Vallbona de les Monges,Lleida
25240,25,240,2,Vallfogona de Balaguer,Lleida
25906,25,906,2,"Valls d'Aguilar, Les",Lleida
25239,25,239,8,"Valls de Valira, Les",Lleida
25909,25,909,7,"Vansa i Fórnols, La",Lleida
25242,25,242,4,Verdú,Lleida
25243,25,243,0,Vielha e Mijaran,Lleida
25244,25,244,5,Vilagrassa,Lleida
25245,25,245,8,Vilaller,Lleida
25247,25,247,7,Vilamòs,Lleida
25248,25,248,3,Vilanova de Bellpuig,Lleida
25254,25,254,2,Vilanova de la Barca,Lleida
25249,25,249,6,Vilanova de l'Aguda,Lleida
25250,25,250,9,Vilanova de Meià,Lleida
25251,25,251,6,Vilanova de Segrià,Lleida
25252,25,252,1,Vila-sana,Lleida
25253,25,253,7,"Vilosell, El",Lleida
25255,25,255,5,Vinaixa,Lleida
26001,26,001,2,Ábalos,La Rioja
26002,26,002,7,Agoncillo,La Rioja
26003,26,003,3,Aguilar del Río Alhama,La Rioja
26004,26,004,8,Ajamil de Cameros,La Rioja
26005,26,005,1,Albelda de Iregua,La Rioja
26006,26,006,4,Alberite,La Rioja
26007,26,007,0,Alcanadre,La Rioja
26008,26,008,6,Aldeanueva de Ebro,La Rioja
26009,26,009,9,Alesanco,La Rioja
26010,26,010,3,Alesón,La Rioja
26011,26,011,0,Alfaro,La Rioja
26012,26,012,5,Almarza de Cameros,La Rioja
26013,26,013,1,Anguciana,La Rioja
26014,26,014,6,Anguiano,La Rioja
26015,26,015,9,Arenzana de Abajo,La Rioja
26016,26,016,2,Arenzana de Arriba,La Rioja
26017,26,017,8,Arnedillo,La Rioja
26018,26,018,4,Arnedo,La Rioja
26019,26,019,7,Arrúbal,La Rioja
26020,26,020,1,Ausejo,La Rioja
26021,26,021,8,Autol,La Rioja
26022,26,022,3,Azofra,La Rioja
26023,26,023,9,Badarán,La Rioja
26024,26,024,4,Bañares,La Rioja
26026,26,026,0,Baños de Río Tobía,La Rioja
26025,26,025,7,Baños de Rioja,La Rioja
26027,26,027,6,Berceo,La Rioja
26028,26,028,2,Bergasa,La Rioja
26029,26,029,5,Bergasillas Bajera,La Rioja
26030,26,030,9,Bezares,La Rioja
26031,26,031,6,Bobadilla,La Rioja
26032,26,032,1,Brieva de Cameros,La Rioja
26033,26,033,7,Briñas,La Rioja
26034,26,034,2,Briones,La Rioja
26035,26,035,5,Cabezón de Cameros,La Rioja
26036,26,036,8,Calahorra,La Rioja
26037,26,037,4,Camprovín,La Rioja
26038,26,038,0,Canales de la Sierra,La Rioja
26039,26,039,3,Canillas de Río Tuerto,La Rioja
26040,26,040,7,Cañas,La Rioja
26041,26,041,4,Cárdenas,La Rioja
26042,26,042,9,Casalarreina,La Rioja
26043,26,043,5,Castañares de Rioja,La Rioja
26044,26,044,0,Castroviejo,La Rioja
26045,26,045,3,Cellorigo,La Rioja
26046,26,046,6,Cenicero,La Rioja
26047,26,047,2,Cervera del Río Alhama,La Rioja
26048,26,048,8,Cidamón,La Rioja
26049,26,049,1,Cihuri,La Rioja
26050,26,050,4,Cirueña,La Rioja
26051,26,051,1,Clavijo,La Rioja
26052,26,052,6,Cordovín,La Rioja
26053,26,053,2,Corera,La Rioja
26054,26,054,7,Cornago,La Rioja
26055,26,055,0,Corporales,La Rioja
26056,26,056,3,Cuzcurrita de Río Tirón,La Rioja
26057,26,057,9,Daroca de Rioja,La Rioja
26058,26,058,5,Enciso,La Rioja
26059,26,059,8,Entrena,La Rioja
26060,26,060,2,Estollo,La Rioja
26061,26,061,9,Ezcaray,La Rioja
26062,26,062,4,Foncea,La Rioja
26063,26,063,0,Fonzaleche,La Rioja
26064,26,064,5,Fuenmayor,La Rioja
26065,26,065,8,Galbárruli,La Rioja
26066,26,066,1,Galilea,La Rioja
26067,26,067,7,Gallinero de Cameros,La Rioja
26068,26,068,3,Gimileo,La Rioja
26069,26,069,6,Grañón,La Rioja
26070,26,070,0,Grávalos,La Rioja
26071,26,071,7,Haro,La Rioja
26072,26,072,2,Herce,La Rioja
26073,26,073,8,Herramélluri,La Rioja
26074,26,074,3,Hervías,La Rioja
26075,26,075,6,Hormilla,La Rioja
26076,26,076,9,Hormilleja,La Rioja
26077,26,077,5,Hornillos de Cameros,La Rioja
26078,26,078,1,Hornos de Moncalvillo,La Rioja
26079,26,079,4,Huércanos,La Rioja
26080,26,080,8,Igea,La Rioja
26081,26,081,5,Jalón de Cameros,La Rioja
26082,26,082,0,Laguna de Cameros,La Rioja
26083,26,083,6,Lagunilla del Jubera,La Rioja
26084,26,084,1,Lardero,La Rioja
26086,26,086,7,Ledesma de la Cogolla,La Rioja
26087,26,087,3,Leiva,La Rioja
26088,26,088,9,Leza de Río Leza,La Rioja
26089,26,089,2,Logroño,La Rioja
26091,26,091,3,Lumbreras de Cameros,La Rioja
26092,26,092,8,Manjarrés,La Rioja
26093,26,093,4,Mansilla de la Sierra,La Rioja
26094,26,094,9,Manzanares de Rioja,La Rioja
26095,26,095,2,Matute,La Rioja
26096,26,096,5,Medrano,La Rioja
26098,26,098,7,Munilla,La Rioja
26099,26,099,0,Murillo de Río Leza,La Rioja
26100,26,100,4,Muro de Aguas,La Rioja
26101,26,101,1,Muro en Cameros,La Rioja
26102,26,102,6,Nájera,La Rioja
26103,26,103,2,Nalda,La Rioja
26104,26,104,7,Navajún,La Rioja
26105,26,105,0,Navarrete,La Rioja
26106,26,106,3,Nestares,La Rioja
26107,26,107,9,Nieva de Cameros,La Rioja
26109,26,109,8,Ochánduri,La Rioja
26108,26,108,5,Ocón,La Rioja
26110,26,110,2,Ojacastro,La Rioja
26111,26,111,9,Ollauri,La Rioja
26112,26,112,4,Ortigosa de Cameros,La Rioja
26113,26,113,0,Pazuengos,La Rioja
26114,26,114,5,Pedroso,La Rioja
26115,26,115,8,Pinillos,La Rioja
26117,26,117,7,Pradejón,La Rioja
26118,26,118,3,Pradillo,La Rioja
26119,26,119,6,Préjano,La Rioja
26120,26,120,0,Quel,La Rioja
26121,26,121,7,Rabanera,La Rioja
26122,26,122,2,"Rasillo de Cameros, El",La Rioja
26123,26,123,8,"Redal, El",La Rioja
26124,26,124,3,Ribafrecha,La Rioja
26125,26,125,6,Rincón de Soto,La Rioja
26126,26,126,9,Robres del Castillo,La Rioja
26127,26,127,5,Rodezno,La Rioja
26128,26,128,1,Sajazarra,La Rioja
26129,26,129,4,San Asensio,La Rioja
26130,26,130,8,San Millán de la Cogolla,La Rioja
26131,26,131,5,San Millán de Yécora,La Rioja
26132,26,132,0,San Román de Cameros,La Rioja
26139,26,139,2,San Torcuato,La Rioja
26142,26,142,8,San Vicente de la Sonsierra,La Rioja
26134,26,134,1,Santa Coloma,La Rioja
26135,26,135,4,Santa Engracia del Jubera,La Rioja
26136,26,136,7,Santa Eulalia Bajera,La Rioja
26138,26,138,9,Santo Domingo de la Calzada,La Rioja
26140,26,140,6,Santurde de Rioja,La Rioja
26141,26,141,3,Santurdejo,La Rioja
26143,26,143,4,Sojuela,La Rioja
26144,26,144,9,Sorzano,La Rioja
26145,26,145,2,Sotés,La Rioja
26146,26,146,5,Soto en Cameros,La Rioja
26147,26,147,1,Terroba,La Rioja
26148,26,148,7,Tirgo,La Rioja
26149,26,149,0,Tobía,La Rioja
26150,26,150,3,Tormantos,La Rioja
26153,26,153,1,Torre en Cameros,La Rioja
26151,26,151,0,Torrecilla en Cameros,La Rioja
26152,26,152,5,Torrecilla sobre Alesanco,La Rioja
26154,26,154,6,Torremontalbo,La Rioja
26155,26,155,9,Treviana,La Rioja
26157,26,157,8,Tricio,La Rioja
26158,26,158,4,Tudelilla,La Rioja
26160,26,160,1,Uruñuela,La Rioja
26161,26,161,8,Valdemadera,La Rioja
26162,26,162,3,Valgañón,La Rioja
26163,26,163,9,Ventosa,La Rioja
26164,26,164,4,Ventrosa,La Rioja
26165,26,165,7,Viguera,La Rioja
26166,26,166,0,Villalba de Rioja,La Rioja
26167,26,167,6,Villalobar de Rioja,La Rioja
26168,26,168,2,Villamediana de Iregua,La Rioja
26169,26,169,5,Villanueva de Cameros,La Rioja
26170,26,170,9,"Villar de Arnedo, El",La Rioja
26171,26,171,6,Villar de Torre,La Rioja
26172,26,172,1,Villarejo,La Rioja
26173,26,173,7,Villarroya,La Rioja
26174,26,174,2,Villarta-Quintana,La Rioja
26175,26,175,5,Villavelayo,La Rioja
26176,26,176,8,Villaverde de Rioja,La Rioja
26177,26,177,4,Villoslada de Cameros,La Rioja
26178,26,178,0,Viniegra de Abajo,La Rioja
26179,26,179,3,Viniegra de Arriba,La Rioja
26180,26,180,7,Zarratón,La Rioja
26181,26,181,4,Zarzosa,La Rioja
26183,26,183,5,Zorraquín,La Rioja
27001,27,001,8,Abadín,Lugo
27002,27,002,3,Alfoz,Lugo
27003,27,003,9,Antas de Ulla,Lugo
27004,27,004,4,Baleira,Lugo
27901,27,901,9,Baralla,Lugo
27005,27,005,7,Barreiros,Lugo
27006,27,006,0,Becerreá,Lugo
27007,27,007,6,Begonte,Lugo
27008,27,008,2,Bóveda,Lugo
27902,27,902,4,Burela,Lugo
27009,27,009,5,Carballedo,Lugo
27010,27,010,9,Castro de Rei,Lugo
27011,27,011,6,Castroverde,Lugo
27012,27,012,1,Cervantes,Lugo
27013,27,013,7,Cervo,Lugo
27016,27,016,8,Chantada,Lugo
27014,27,014,2,"Corgo, O",Lugo
27015,27,015,5,Cospeito,Lugo
27017,27,017,4,Folgoso do Courel,Lugo
27018,27,018,0,"Fonsagrada, A",Lugo
27019,27,019,3,Foz,Lugo
27020,27,020,7,Friol,Lugo
27022,27,022,9,Guitiriz,Lugo
27023,27,023,5,Guntín,Lugo
27024,27,024,0,"Incio, O",Lugo
27026,27,026,6,Láncara,Lugo
27027,27,027,2,Lourenzá,Lugo
27028,27,028,8,Lugo,Lugo
27029,27,029,1,Meira,Lugo
27030,27,030,5,Mondoñedo,Lugo
27031,27,031,2,Monforte de Lemos,Lugo
27032,27,032,7,Monterroso,Lugo
27033,27,033,3,Muras,Lugo
27034,27,034,8,Navia de Suarna,Lugo
27035,27,035,1,Negueira de Muñiz,Lugo
27037,27,037,0,"Nogais, As",Lugo
27038,27,038,6,Ourol,Lugo
27039,27,039,9,Outeiro de Rei,Lugo
27040,27,040,3,Palas de Rei,Lugo
27041,27,041,0,Pantón,Lugo
27042,27,042,5,Paradela,Lugo
27043,27,043,1,"Páramo, O",Lugo
27044,27,044,6,"Pastoriza, A",Lugo
27045,27,045,9,Pedrafita do Cebreiro,Lugo
27047,27,047,8,"Pobra do Brollón, A",Lugo
27046,27,046,2,Pol,Lugo
27048,27,048,4,"Pontenova, A",Lugo
27049,27,049,7,Portomarín,Lugo
27050,27,050,0,Quiroga,Lugo
27056,27,056,9,Rábade,Lugo
27051,27,051,7,Ribadeo,Lugo
27052,27,052,2,Ribas de Sil,Lugo
27053,27,053,8,Ribeira de Piquín,Lugo
27054,27,054,3,Riotorto,Lugo
27055,27,055,6,Samos,Lugo
27057,27,057,5,Sarria,Lugo
27058,27,058,1,"Saviñao, O",Lugo
27059,27,059,4,Sober,Lugo
27060,27,060,8,Taboada,Lugo
27061,27,061,5,Trabada,Lugo
27062,27,062,0,Triacastela,Lugo
27063,27,063,6,"Valadouro, O",Lugo
27064,27,064,1,"Vicedo, O",Lugo
27065,27,065,4,Vilalba,Lugo
27066,27,066,7,Viveiro,Lugo
27021,27,021,4,Xermade,Lugo
27025,27,025,3,Xove,Lugo
28001,28,001,4,"Acebeda, La",Madrid
28002,28,002,9,Ajalvir,Madrid
28003,28,003,5,Alameda del Valle,Madrid
28004,28,004,0,"Álamo, El",Madrid
28005,28,005,3,Alcalá de Henares,Madrid
28006,28,006,6,Alcobendas,Madrid
28007,28,007,2,Alcorcón,Madrid
28008,28,008,8,Aldea del Fresno,Madrid
28009,28,009,1,Algete,Madrid
28010,28,010,5,Alpedrete,Madrid
28011,28,011,2,Ambite,Madrid
28012,28,012,7,Anchuelo,Madrid
28013,28,013,3,Aranjuez,Madrid
28014,28,014,8,Arganda del Rey,Madrid
28015,28,015,1,Arroyomolinos,Madrid
28016,28,016,4,"Atazar, El",Madrid
28017,28,017,0,Batres,Madrid
28018,28,018,6,Becerril de la Sierra,Madrid
28019,28,019,9,Belmonte de Tajo,Madrid
28021,28,021,0,"Berrueco, El",Madrid
28020,28,020,3,Berzosa del Lozoya,Madrid
28022,28,022,5,Boadilla del Monte,Madrid
28023,28,023,1,"Boalo, El",Madrid
28024,28,024,6,Braojos,Madrid
28025,28,025,9,Brea de Tajo,Madrid
28026,28,026,2,Brunete,Madrid
28027,28,027,8,Buitrago del Lozoya,Madrid
28028,28,028,4,Bustarviejo,Madrid
28029,28,029,7,Cabanillas de la Sierra,Madrid
28030,28,030,1,"Cabrera, La",Madrid
28031,28,031,8,Cadalso de los Vidrios,Madrid
28032,28,032,3,Camarma de Esteruelas,Madrid
28033,28,033,9,Campo Real,Madrid
28034,28,034,4,Canencia,Madrid
28035,28,035,7,Carabaña,Madrid
28036,28,036,0,Casarrubuelos,Madrid
28037,28,037,6,Cenicientos,Madrid
28038,28,038,2,Cercedilla,Madrid
28039,28,039,5,Cervera de Buitrago,Madrid
28051,28,051,3,Chapinería,Madrid
28052,28,052,8,Chinchón,Madrid
28040,28,040,9,Ciempozuelos,Madrid
28041,28,041,6,Cobeña,Madrid
28046,28,046,8,Collado Mediano,Madrid
28047,28,047,4,Collado Villalba,Madrid
28043,28,043,7,Colmenar de Oreja,Madrid
28042,28,042,1,Colmenar del Arroyo,Madrid
28045,28,045,5,Colmenar Viejo,Madrid
28044,28,044,2,Colmenarejo,Madrid
28048,28,048,0,Corpa,Madrid
28049,28,049,3,Coslada,Madrid
28050,28,050,6,Cubas de la Sagra,Madrid
28053,28,053,4,Daganzo de Arriba,Madrid
28054,28,054,9,"Escorial, El",Madrid
28055,28,055,2,Estremera,Madrid
28056,28,056,5,Fresnedillas de la Oliva,Madrid
28057,28,057,1,Fresno de Torote,Madrid
28058,28,058,7,Fuenlabrada,Madrid
28059,28,059,0,Fuente el Saz de Jarama,Madrid
28060,28,060,4,Fuentidueña de Tajo,Madrid
28061,28,061,1,Galapagar,Madrid
28062,28,062,6,Garganta de los Montes,Madrid
28063,28,063,2,Gargantilla del Lozoya y Pinilla de Buitrago,Madrid
28064,28,064,7,Gascones,Madrid
28065,28,065,0,Getafe,Madrid
28066,28,066,3,Griñón,Madrid
28067,28,067,9,Guadalix de la Sierra,Madrid
28068,28,068,5,Guadarrama,Madrid
28069,28,069,8,"Hiruela, La",Madrid
28070,28,070,2,Horcajo de la Sierra-Aoslos,Madrid
28071,28,071,9,Horcajuelo de la Sierra,Madrid
28072,28,072,4,Hoyo de Manzanares,Madrid
28073,28,073,0,Humanes de Madrid,Madrid
28074,28,074,5,Leganés,Madrid
28075,28,075,8,Loeches,Madrid
28076,28,076,1,Lozoya,Madrid
28901,28,901,5,Lozoyuela-Navas-Sieteiglesias,Madrid
28078,28,078,3,Madarcos,Madrid
28079,28,079,6,Madrid,Madrid
28080,28,080,0,Majadahonda,Madrid
28082,28,082,2,Manzanares el Real,Madrid
28083,28,083,8,Meco,Madrid
28084,28,084,3,Mejorada del Campo,Madrid
28085,28,085,6,Miraflores de la Sierra,Madrid
28086,28,086,9,"Molar, El",Madrid
28087,28,087,5,"Molinos, Los",Madrid
28088,28,088,1,Montejo de la Sierra,Madrid
28089,28,089,4,Moraleja de Enmedio,Madrid
28090,28,090,8,Moralzarzal,Madrid
28091,28,091,5,Morata de Tajuña,Madrid
28092,28,092,0,Móstoles,Madrid
28093,28,093,6,Navacerrada,Madrid
28094,28,094,1,Navalafuente,Madrid
28095,28,095,4,Navalagamella,Madrid
28096,28,096,7,Navalcarnero,Madrid
28097,28,097,3,Navarredonda y San Mamés,Madrid
28099,28,099,2,Navas del Rey,Madrid
28100,28,100,6,Nuevo Baztán,Madrid
28101,28,101,3,Olmeda de las Fuentes,Madrid
28102,28,102,8,Orusco de Tajuña,Madrid
28104,28,104,9,Paracuellos de Jarama,Madrid
28106,28,106,5,Parla,Madrid
28107,28,107,1,Patones,Madrid
28108,28,108,7,Pedrezuela,Madrid
28109,28,109,0,Pelayos de la Presa,Madrid
28110,28,110,4,Perales de Tajuña,Madrid
28111,28,111,1,Pezuela de las Torres,Madrid
28112,28,112,6,Pinilla del Valle,Madrid
28113,28,113,2,Pinto,Madrid
28114,28,114,7,Piñuécar-Gandullas,Madrid
28115,28,115,0,Pozuelo de Alarcón,Madrid
28116,28,116,3,Pozuelo del Rey,Madrid
28117,28,117,9,Prádena del Rincón,Madrid
28118,28,118,5,Puebla de la Sierra,Madrid
28902,28,902,0,Puentes Viejas,Madrid
28119,28,119,8,Quijorna,Madrid
28120,28,120,2,Rascafría,Madrid
28121,28,121,9,Redueña,Madrid
28122,28,122,4,Ribatejada,Madrid
28123,28,123,0,Rivas-Vaciamadrid,Madrid
28124,28,124,5,Robledillo de la Jara,Madrid
28125,28,125,8,Robledo de Chavela,Madrid
28126,28,126,1,Robregordo,Madrid
28127,28,127,7,"Rozas de Madrid, Las",Madrid
28128,28,128,3,Rozas de Puerto Real,Madrid
28129,28,129,6,San Agustín del Guadalix,Madrid
28130,28,130,0,San Fernando de Henares,Madrid
28131,28,131,7,San Lorenzo de El Escorial,Madrid
28132,28,132,2,San Martín de la Vega,Madrid
28133,28,133,8,San Martín de Valdeiglesias,Madrid
28134,28,134,3,San Sebastián de los Reyes,Madrid
28135,28,135,6,Santa María de la Alameda,Madrid
28136,28,136,9,Santorcaz,Madrid
28137,28,137,5,"Santos de la Humosa, Los",Madrid
28138,28,138,1,"Serna del Monte, La",Madrid
28140,28,140,8,Serranillos del Valle,Madrid
28141,28,141,5,Sevilla la Nueva,Madrid
28143,28,143,6,Somosierra,Madrid
28144,28,144,1,Soto del Real,Madrid
28145,28,145,4,Talamanca de Jarama,Madrid
28146,28,146,7,Tielmes,Madrid
28147,28,147,3,Titulcia,Madrid
28148,28,148,9,Torrejón de Ardoz,Madrid
28149,28,149,2,Torrejón de la Calzada,Madrid
28150,28,150,5,Torrejón de Velasco,Madrid
28151,28,151,2,Torrelaguna,Madrid
28152,28,152,7,Torrelodones,Madrid
28153,28,153,3,Torremocha de Jarama,Madrid
28154,28,154,8,Torres de la Alameda,Madrid
28903,28,903,6,Tres Cantos,Madrid
28155,28,155,1,Valdaracete,Madrid
28156,28,156,4,Valdeavero,Madrid
28157,28,157,0,Valdelaguna,Madrid
28158,28,158,6,Valdemanco,Madrid
28159,28,159,9,Valdemaqueda,Madrid
28160,28,160,3,Valdemorillo,Madrid
28161,28,161,0,Valdemoro,Madrid
28162,28,162,5,Valdeolmos-Alalpardo,Madrid
28163,28,163,1,Valdepiélagos,Madrid
28164,28,164,6,Valdetorres de Jarama,Madrid
28165,28,165,9,Valdilecha,Madrid
28166,28,166,2,Valverde de Alcalá,Madrid
28167,28,167,8,Velilla de San Antonio,Madrid
28168,28,168,4,"Vellón, El",Madrid
28169,28,169,7,Venturada,Madrid
28171,28,171,8,Villa del Prado,Madrid
28170,28,170,1,Villaconejos,Madrid
28172,28,172,3,Villalbilla,Madrid
28173,28,173,9,Villamanrique de Tajo,Madrid
28174,28,174,4,Villamanta,Madrid
28175,28,175,7,Villamantilla,Madrid
28176,28,176,0,Villanueva de la Cañada,Madrid
28178,28,178,2,Villanueva de Perales,Madrid
28177,28,177,6,Villanueva del Pardillo,Madrid
28179,28,179,5,Villar del Olmo,Madrid
28180,28,180,9,Villarejo de Salvanés,Madrid
28181,28,181,6,Villaviciosa de Odón,Madrid
28182,28,182,1,Villavieja del Lozoya,Madrid
28183,28,183,7,Zarzalejo,Madrid
29001,29,001,7,Alameda,Málaga
29002,29,002,2,Alcaucín,Málaga
29003,29,003,8,Alfarnate,Málaga
29004,29,004,3,Alfarnatejo,Málaga
29005,29,005,6,Algarrobo,Málaga
29006,29,006,9,Algatocín,Málaga
29007,29,007,5,Alhaurín de la Torre,Málaga
29008,29,008,1,Alhaurín el Grande,Málaga
29009,29,009,4,Almáchar,Málaga
29010,29,010,8,Almargen,Málaga
29011,29,011,5,Almogía,Málaga
29012,29,012,0,Álora,Málaga
29013,29,013,6,Alozaina,Málaga
29014,29,014,1,Alpandeire,Málaga
29015,29,015,4,Antequera,Málaga
29016,29,016,7,Árchez,Málaga
29017,29,017,3,Archidona,Málaga
29018,29,018,9,Ardales,Málaga
29019,29,019,2,Arenas,Málaga
29020,29,020,6,Arriate,Málaga
29021,29,021,3,Atajate,Málaga
29022,29,022,8,Benadalid,Málaga
29023,29,023,4,Benahavís,Málaga
29024,29,024,9,Benalauría,Málaga
29025,29,025,2,Benalmádena,Málaga
29026,29,026,5,Benamargosa,Málaga
29027,29,027,1,Benamocarra,Málaga
29028,29,028,7,Benaoján,Málaga
29029,29,029,0,Benarrabá,Málaga
29030,29,030,4,"Borge, El",Málaga
29031,29,031,1,"Burgo, El",Málaga
29032,29,032,6,Campillos,Málaga
29033,29,033,2,Canillas de Aceituno,Málaga
29034,29,034,7,Canillas de Albaida,Málaga
29035,29,035,0,Cañete la Real,Málaga
29036,29,036,3,Carratraca,Málaga
29037,29,037,9,Cartajima,Málaga
29038,29,038,5,Cártama,Málaga
29039,29,039,8,Casabermeja,Málaga
29040,29,040,2,Casarabonela,Málaga
29041,29,041,9,Casares,Málaga
29042,29,042,4,Coín,Málaga
29043,29,043,0,Colmenar,Málaga
29044,29,044,5,Comares,Málaga
29045,29,045,8,Cómpeta,Málaga
29046,29,046,1,Cortes de la Frontera,Málaga
29047,29,047,7,Cuevas Bajas,Málaga
29049,29,049,6,Cuevas de San Marcos,Málaga
29048,29,048,3,Cuevas del Becerro,Málaga
29050,29,050,9,Cútar,Málaga
29051,29,051,6,Estepona,Málaga
29052,29,052,1,Faraján,Málaga
29053,29,053,7,Frigiliana,Málaga
29054,29,054,2,Fuengirola,Málaga
29055,29,055,5,Fuente de Piedra,Málaga
29056,29,056,8,Gaucín,Málaga
29057,29,057,4,Genalguacil,Málaga
29058,29,058,0,Guaro,Málaga
29059,29,059,3,Humilladero,Málaga
29060,29,060,7,Igualeja,Málaga
29061,29,061,4,Istán,Málaga
29062,29,062,9,Iznate,Málaga
29063,29,063,5,Jimera de Líbar,Málaga
29064,29,064,0,Jubrique,Málaga
29065,29,065,3,Júzcar,Málaga
29066,29,066,6,Macharaviaya,Málaga
29067,29,067,2,Málaga,Málaga
29068,29,068,8,Manilva,Málaga
29069,29,069,1,Marbella,Málaga
29070,29,070,5,Mijas,Málaga
29071,29,071,2,Moclinejo,Málaga
29072,29,072,7,Mollina,Málaga
29073,29,073,3,Monda,Málaga
29903,29,903,9,Montecorto,Málaga
29074,29,074,8,Montejaque,Málaga
29075,29,075,1,Nerja,Málaga
29076,29,076,4,Ojén,Málaga
29077,29,077,0,Parauta,Málaga
29079,29,079,9,Periana,Málaga
29080,29,080,3,Pizarra,Málaga
29081,29,081,0,Pujerra,Málaga
29082,29,082,5,Rincón de la Victoria,Málaga
29083,29,083,1,Riogordo,Málaga
29084,29,084,6,Ronda,Málaga
29085,29,085,9,Salares,Málaga
29086,29,086,2,Sayalonga,Málaga
29087,29,087,8,Sedella,Málaga
29904,29,904,4,Serrato,Málaga
29088,29,088,4,Sierra de Yeguas,Málaga
29089,29,089,7,Teba,Málaga
29090,29,090,1,Tolox,Málaga
29901,29,901,8,Torremolinos,Málaga
29091,29,091,8,Torrox,Málaga
29092,29,092,3,Totalán,Málaga
29093,29,093,9,Valle de Abdalajís,Málaga
29094,29,094,4,Vélez-Málaga,Málaga
29095,29,095,7,Villanueva de Algaidas,Málaga
29902,29,902,3,Villanueva de la Concepción,Málaga
29098,29,098,2,Villanueva de Tapia,Málaga
29096,29,096,0,Villanueva del Rosario,Málaga
29097,29,097,6,Villanueva del Trabuco,Málaga
29099,29,099,5,Viñuela,Málaga
29100,29,100,9,Yunquera,Málaga
30001,30,001,1,Abanilla,Murcia
30002,30,002,6,Abarán,Murcia
30003,30,003,2,Águilas,Murcia
30004,30,004,7,Albudeite,Murcia
30005,30,005,0,Alcantarilla,Murcia
30902,30,902,7,"Alcázares, Los",Murcia
30006,30,006,3,Aledo,Murcia
30007,30,007,9,Alguazas,Murcia
30008,30,008,5,Alhama de Murcia,Murcia
30009,30,009,8,Archena,Murcia
30010,30,010,2,Beniel,Murcia
30011,30,011,9,Blanca,Murcia
30012,30,012,4,Bullas,Murcia
30013,30,013,0,Calasparra,Murcia
30014,30,014,5,Campos del Río,Murcia
30015,30,015,8,Caravaca de la Cruz,Murcia
30016,30,016,1,Cartagena,Murcia
30017,30,017,7,Cehegín,Murcia
30018,30,018,3,Ceutí,Murcia
30019,30,019,6,Cieza,Murcia
30020,30,020,0,Fortuna,Murcia
30021,30,021,7,Fuente Álamo de Murcia,Murcia
30022,30,022,2,Jumilla,Murcia
30023,30,023,8,Librilla,Murcia
30024,30,024,3,Lorca,Murcia
30025,30,025,6,Lorquí,Murcia
30026,30,026,9,Mazarrón,Murcia
30027,30,027,5,Molina de Segura,Murcia
30028,30,028,1,Moratalla,Murcia
30029,30,029,4,Mula,Murcia
30030,30,030,8,Murcia,Murcia
30031,30,031,5,Ojós,Murcia
30032,30,032,0,Pliego,Murcia
30033,30,033,6,Puerto Lumbreras,Murcia
30034,30,034,1,Ricote,Murcia
30035,30,035,4,San Javier,Murcia
30036,30,036,7,San Pedro del Pinatar,Murcia
30901,30,901,2,Santomera,Murcia
30037,30,037,3,Torre-Pacheco,Murcia
30038,30,038,9,"Torres de Cotillas, Las",Murcia
30039,30,039,2,Totana,Murcia
30040,30,040,6,Ulea,Murcia
30041,30,041,3,"Unión, La",Murcia
30042,30,042,8,Villanueva del Río Segura,Murcia
30043,30,043,4,Yecla,Murcia
31001,31,001,8,Abáigar,Navarra
31002,31,002,3,Abárzuza/Abartzuza,Navarra
31003,31,003,9,Abaurregaina/Abaurrea Alta,Navarra
31004,31,004,4,Abaurrepea/Abaurrea Baja,Navarra
31005,31,005,7,Aberin,Navarra
31006,31,006,0,Ablitas,Navarra
31007,31,007,6,Adiós,Navarra
31008,31,008,2,Aguilar de Codés,Navarra
31009,31,009,5,Aibar/Oibar,Navarra
31011,31,011,6,Allín/Allin,Navarra
31012,31,012,1,Allo,Navarra
31010,31,010,9,Altsasu/Alsasua,Navarra
31013,31,013,7,Améscoa Baja,Navarra
31014,31,014,2,Ancín/Antzin,Navarra
31015,31,015,5,Andosilla,Navarra
31016,31,016,8,Ansoáin/Antsoain,Navarra
31017,31,017,4,Anue,Navarra
31018,31,018,0,Añorbe,Navarra
31019,31,019,3,Aoiz/Agoitz,Navarra
31020,31,020,7,Araitz,Navarra
31025,31,025,3,Arakil,Navarra
31021,31,021,4,Aranarache/Aranaratxe,Navarra
31023,31,023,5,Aranguren,Navarra
31024,31,024,0,Arano,Navarra
31022,31,022,9,Arantza,Navarra
31026,31,026,6,Aras,Navarra
31027,31,027,2,Arbizu,Navarra
31028,31,028,8,Arce/Artzi,Navarra
31029,31,029,1,"Arcos, Los",Navarra
31030,31,030,5,Arellano,Navarra
31031,31,031,2,Areso,Navarra
31032,31,032,7,Arguedas,Navarra
31033,31,033,3,Aria,Navarra
31034,31,034,8,Aribe,Navarra
31035,31,035,1,Armañanzas,Navarra
31036,31,036,4,Arróniz,Navarra
31037,31,037,0,Arruazu,Navarra
31038,31,038,6,Artajona,Navarra
31039,31,039,9,Artazu,Navarra
31040,31,040,3,Atetz,Navarra
31058,31,058,1,Auritz/Burguete,Navarra
31041,31,041,0,Ayegui/Aiegi,Navarra
31042,31,042,5,Azagra,Navarra
31043,31,043,1,Azuelo,Navarra
31044,31,044,6,Bakaiku,Navarra
31901,31,901,9,Barañáin/Barañain,Navarra
31045,31,045,9,Barásoain,Navarra
31046,31,046,2,Barbarin,Navarra
31047,31,047,8,Bargota,Navarra
31048,31,048,4,Barillas,Navarra
31049,31,049,7,Basaburua,Navarra
31050,31,050,0,Baztan,Navarra
31137,31,137,9,Beintza-Labaien,Navarra
31051,31,051,7,Beire,Navarra
31052,31,052,2,Belascoáin,Navarra
31250,31,250,8,Bera,Navarra
31053,31,053,8,Berbinzana,Navarra
31905,31,905,8,Beriáin,Navarra
31902,31,902,4,Berrioplano/Berriobeiti,Navarra
31903,31,903,0,Berriozar,Navarra
31054,31,054,3,Bertizarana,Navarra
31055,31,055,6,Betelu,Navarra
31253,31,253,6,Bidaurreta,Navarra
31056,31,056,9,Biurrun-Olcoz,Navarra
31057,31,057,5,Buñuel,Navarra
31059,31,059,4,Burgui/Burgi,Navarra
31060,31,060,8,Burlada/Burlata,Navarra
31061,31,061,5,"Busto, El",Navarra
31062,31,062,0,Cabanillas,Navarra
31063,31,063,6,Cabredo,Navarra
31064,31,064,1,Cadreita,Navarra
31065,31,065,4,Caparroso,Navarra
31066,31,066,7,Cárcar,Navarra
31067,31,067,3,Carcastillo,Navarra
31068,31,068,9,Cascante,Navarra
31069,31,069,2,Cáseda,Navarra
31070,31,070,6,Castejón,Navarra
31071,31,071,3,Castillonuevo/Gazteluberri,Navarra
31193,31,193,9,Cendea de Olza/Oltza Zendea,Navarra
31072,31,072,8,Cintruénigo,Navarra
31074,31,074,9,Cirauqui/Zirauki,Navarra
31075,31,075,2,Ciriza/Ziritza,Navarra
31076,31,076,5,Cizur,Navarra
31077,31,077,1,Corella,Navarra
31078,31,078,7,Cortes,Navarra
31079,31,079,0,Desojo,Navarra
31080,31,080,4,Dicastillo,Navarra
31081,31,081,1,Donamaria,Navarra
31221,31,221,2,Doneztebe/Santesteban,Navarra
31083,31,083,2,Echarri/Etxarri,Navarra
31087,31,087,9,Elgorriaga,Navarra
31089,31,089,8,Enériz/Eneritz,Navarra
31090,31,090,2,Eratsun,Navarra
31091,31,091,9,Ergoiena,Navarra
31092,31,092,4,Erro,Navarra
31094,31,094,5,Eslava,Navarra
31095,31,095,8,Esparza de Salazar/Espartza Zaraitzu,Navarra
31096,31,096,1,Espronceda,Navarra
31097,31,097,7,Estella-Lizarra,Navarra
31098,31,098,3,Esteribar,Navarra
31099,31,099,6,Etayo,Navarra
31082,31,082,6,Etxalar,Navarra
31084,31,084,7,Etxarri Aranatz,Navarra
31085,31,085,0,Etxauri,Navarra
31100,31,100,0,Eulate,Navarra
31101,31,101,7,Ezcabarte,Navarra
31093,31,093,0,Ezcároz/Ezkaroze,Navarra
31102,31,102,2,Ezkurra,Navarra
31103,31,103,8,Ezprogui,Navarra
31104,31,104,3,Falces,Navarra
31105,31,105,6,Fitero,Navarra
31106,31,106,9,Fontellas,Navarra
31107,31,107,5,Funes,Navarra
31108,31,108,1,Fustiñana,Navarra
31109,31,109,4,Galar,Navarra
31110,31,110,8,Gallipienzo/Galipentzu,Navarra
31111,31,111,5,Gallués/Galoze,Navarra
31112,31,112,0,Garaioa,Navarra
31113,31,113,6,Garde,Navarra
31114,31,114,1,Garínoain,Navarra
31115,31,115,4,Garralda,Navarra
31116,31,116,7,Genevilla,Navarra
31117,31,117,3,Goizueta,Navarra
31119,31,119,2,Güesa/Gorza,Navarra
31120,31,120,6,Guesálaz/Gesalatz,Navarra
31121,31,121,3,Guirguillano,Navarra
31256,31,256,7,Hiriberri/Villanueva de Aezkoa,Navarra
31122,31,122,8,Huarte/Uharte,Navarra
31124,31,124,9,Ibargoiti,Navarra
31259,31,259,2,Igantzi,Navarra
31125,31,125,2,Igúzquiza,Navarra
31126,31,126,5,Imotz,Navarra
31127,31,127,1,Irañeta,Navarra
31904,31,904,5,Irurtzun,Navarra
31128,31,128,7,Isaba/Izaba,Navarra
31129,31,129,0,Ituren,Navarra
31130,31,130,4,Iturmendi,Navarra
31131,31,131,1,Iza/Itza,Navarra
31132,31,132,6,Izagaondoa,Navarra
31133,31,133,2,Izalzu/Itzaltzu,Navarra
31134,31,134,7,Jaurrieta,Navarra
31135,31,135,0,Javier,Navarra
31136,31,136,3,Juslapeña/Txulapain,Navarra
31138,31,138,5,Lakuntza,Navarra
31139,31,139,8,Lana,Navarra
31140,31,140,2,Lantz,Navarra
31141,31,141,9,Lapoblación,Navarra
31142,31,142,4,Larraga,Navarra
31143,31,143,0,Larraona,Navarra
31144,31,144,5,Larraun,Navarra
31145,31,145,8,Lazagurría,Navarra
31146,31,146,1,Leache/Leatxe,Navarra
31147,31,147,7,Legarda,Navarra
31148,31,148,3,Legaria,Navarra
31149,31,149,6,Leitza,Navarra
31908,31,908,3,Lekunberri,Navarra
31150,31,150,9,Leoz/Leotz,Navarra
31151,31,151,6,Lerga,Navarra
31152,31,152,1,Lerín,Navarra
31153,31,153,7,Lesaka,Navarra
31154,31,154,2,Lezaun,Navarra
31155,31,155,5,Liédena,Navarra
31156,31,156,8,Lizoain-Arriasgoiti/Lizoainibar-Arriasgoiti,Navarra
31157,31,157,4,Lodosa,Navarra
31158,31,158,0,Lónguida/Longida,Navarra
31159,31,159,3,Lumbier,Navarra
31160,31,160,7,Luquin,Navarra
31248,31,248,2,Luzaide/Valcarlos,Navarra
31161,31,161,4,Mañeru,Navarra
31162,31,162,9,Marañón,Navarra
31163,31,163,5,Marcilla,Navarra
31164,31,164,0,Mélida,Navarra
31165,31,165,3,Mendavia,Navarra
31166,31,166,6,Mendaza,Navarra
31167,31,167,2,Mendigorria,Navarra
31168,31,168,8,Metauten,Navarra
31169,31,169,1,Milagro,Navarra
31170,31,170,5,Mirafuentes,Navarra
31171,31,171,2,Miranda de Arga,Navarra
31172,31,172,7,Monreal/Elo,Navarra
31173,31,173,3,Monteagudo,Navarra
31174,31,174,8,Morentin,Navarra
31175,31,175,1,Mues,Navarra
31176,31,176,4,Murchante,Navarra
31177,31,177,0,Murieta,Navarra
31178,31,178,6,Murillo el Cuende,Navarra
31179,31,179,9,Murillo el Fruto,Navarra
31180,31,180,3,Muruzábal,Navarra
31181,31,181,0,Navascués/Nabaskoze,Navarra
31182,31,182,5,Nazar,Navarra
31183,31,183,1,Obanos,Navarra
31185,31,185,9,Ochagavía/Otsagabia,Navarra
31184,31,184,6,Oco,Navarra
31186,31,186,2,Odieta,Navarra
31187,31,187,8,Oiz,Navarra
31188,31,188,4,Olaibar,Navarra
31189,31,189,7,Olazti/Olazagutía,Navarra
31190,31,190,1,Olejua,Navarra
31191,31,191,8,Olite/Erriberri,Navarra
31192,31,192,3,Olóriz/Oloritz,Navarra
31195,31,195,7,Orbaizeta,Navarra
31196,31,196,0,Orbara,Navarra
31197,31,197,6,Orísoain,Navarra
31906,31,906,1,Orkoien,Navarra
31198,31,198,2,Oronz/Orontze,Navarra
31199,31,199,5,Oroz-Betelu/Orotz-Betelu,Navarra
31211,31,211,4,Orreaga/Roncesvalles,Navarra
31200,31,200,9,Oteiza,Navarra
31201,31,201,6,Pamplona/Iruña,Navarra
31202,31,202,1,Peralta/Azkoien,Navarra
31203,31,203,7,Petilla de Aragón,Navarra
31204,31,204,2,Piedramillera,Navarra
31205,31,205,5,Pitillas,Navarra
31206,31,206,8,Puente la Reina/Gares,Navarra
31207,31,207,4,Pueyo/Puiu,Navarra
31208,31,208,0,Ribaforada,Navarra
31209,31,209,3,Romanzado/Erromantzatua,Navarra
31210,31,210,7,Roncal/Erronkari,Navarra
31212,31,212,9,Sada,Navarra
31213,31,213,5,Saldías,Navarra
31214,31,214,0,Salinas de Oro/Jaitz,Navarra
31215,31,215,3,San Adrián,Navarra
31217,31,217,2,San Martín de Unx,Navarra
31216,31,216,6,Sangüesa/Zangoza,Navarra
31219,31,219,1,Sansol,Navarra
31220,31,220,5,Santacara,Navarra
31222,31,222,7,Sarriés/Sartze,Navarra
31223,31,223,3,Sartaguda,Navarra
31224,31,224,8,Sesma,Navarra
31225,31,225,1,Sorlada,Navarra
31226,31,226,4,Sunbilla,Navarra
31227,31,227,0,Tafalla,Navarra
31228,31,228,6,Tiebas-Muruarte de Reta,Navarra
31229,31,229,9,Tirapu,Navarra
31230,31,230,3,Torralba del Río,Navarra
31231,31,231,0,Torres del Río,Navarra
31232,31,232,5,Tudela,Navarra
31233,31,233,1,Tulebras,Navarra
31234,31,234,6,Ucar,Navarra
31123,31,123,4,Uharte Arakil,Navarra
31235,31,235,9,Ujué/Uxue,Navarra
31236,31,236,2,Ultzama,Navarra
31237,31,237,8,Unciti,Navarra
31238,31,238,4,Unzué/Untzue,Navarra
31239,31,239,7,Urdazubi/Urdax,Navarra
31240,31,240,1,Urdiain,Navarra
31241,31,241,8,Urraul Alto,Navarra
31242,31,242,3,Urraul Bajo,Navarra
31244,31,244,4,Urroz,Navarra
31243,31,243,9,Urroz-Villa,Navarra
31245,31,245,7,Urzainqui/Urzainki,Navarra
31246,31,246,0,Uterga,Navarra
31247,31,247,6,Uztárroz/Uztarroze,Navarra
31118,31,118,9,Val de Goñi/Goñerri,Navarra
31086,31,086,3,Valle de Egüés/Eguesibar,Navarra
31088,31,088,5,Valle de Elorz/Elortzibar,Navarra
31194,31,194,4,Valle de Ollo/Ollaran,Navarra
31260,31,260,6,Valle de Yerri/Deierri,Navarra
31249,31,249,5,Valtierra,Navarra
31251,31,251,5,Viana,Navarra
31252,31,252,0,Vidángoz/Bidankoze,Navarra
31254,31,254,1,Villafranca,Navarra
31255,31,255,4,Villamayor de Monjardín,Navarra
31257,31,257,3,Villatuerta,Navarra
31258,31,258,9,Villava/Atarrabia,Navarra
31261,31,261,3,Yesa,Navarra
31262,31,262,8,Zabalza/Zabaltza,Navarra
31073,31,073,4,Ziordia,Navarra
31907,31,907,7,Zizur Mayor/Zizur Nagusia,Navarra
31263,31,263,4,Zubieta,Navarra
31264,31,264,9,Zugarramurdi,Navarra
31265,31,265,2,Zúñiga,Navarra
32001,32,001,3,Allariz,Ourense
32002,32,002,8,Amoeiro,Ourense
32003,32,003,4,"Arnoia, A",Ourense
32004,32,004,9,Avión,Ourense
32005,32,005,2,Baltar,Ourense
32006,32,006,5,Bande,Ourense
32007,32,007,1,Baños de Molgas,Ourense
32008,32,008,7,Barbadás,Ourense
32009,32,009,0,"Barco de Valdeorras, O",Ourense
32010,32,010,4,Beade,Ourense
32011,32,011,1,Beariz,Ourense
32012,32,012,6,"Blancos, Os",Ourense
32013,32,013,2,Boborás,Ourense
32014,32,014,7,"Bola, A",Ourense
32015,32,015,0,"Bolo, O",Ourense
32016,32,016,3,Calvos de Randín,Ourense
32018,32,018,5,Carballeda de Avia,Ourense
32017,32,017,9,Carballeda de Valdeorras,Ourense
32019,32,019,8,"Carballiño, O",Ourense
32020,32,020,2,Cartelle,Ourense
32022,32,022,4,Castrelo de Miño,Ourense
32021,32,021,9,Castrelo do Val,Ourense
32023,32,023,0,Castro Caldelas,Ourense
32024,32,024,5,Celanova,Ourense
32025,32,025,8,Cenlle,Ourense
32029,32,029,6,Chandrexa de Queixa,Ourense
32026,32,026,1,Coles,Ourense
32027,32,027,7,Cortegada,Ourense
32028,32,028,3,Cualedro,Ourense
32030,32,030,0,Entrimo,Ourense
32031,32,031,7,Esgos,Ourense
32033,32,033,8,Gomesende,Ourense
32034,32,034,3,"Gudiña, A",Ourense
32035,32,035,6,"Irixo, O",Ourense
32038,32,038,1,Larouco,Ourense
32039,32,039,4,Laza,Ourense
32040,32,040,8,Leiro,Ourense
32041,32,041,5,Lobeira,Ourense
32042,32,042,0,Lobios,Ourense
32043,32,043,6,Maceda,Ourense
32044,32,044,1,Manzaneda,Ourense
32045,32,045,4,Maside,Ourense
32046,32,046,7,Melón,Ourense
32047,32,047,3,"Merca, A",Ourense
32048,32,048,9,"Mezquita, A",Ourense
32049,32,049,2,Montederramo,Ourense
32050,32,050,5,Monterrei,Ourense
32051,32,051,2,Muíños,Ourense
32052,32,052,7,Nogueira de Ramuín,Ourense
32053,32,053,3,Oímbra,Ourense
32054,32,054,8,Ourense,Ourense
32055,32,055,1,Paderne de Allariz,Ourense
32056,32,056,4,Padrenda,Ourense
32057,32,057,0,Parada de Sil,Ourense
32058,32,058,6,"Pereiro de Aguiar, O",Ourense
32059,32,059,9,"Peroxa, A",Ourense
32060,32,060,3,Petín,Ourense
32061,32,061,0,Piñor,Ourense
32063,32,063,1,"Pobra de Trives, A",Ourense
32064,32,064,6,Pontedeva,Ourense
32062,32,062,5,Porqueira,Ourense
32065,32,065,9,Punxín,Ourense
32066,32,066,2,Quintela de Leirado,Ourense
32067,32,067,8,Rairiz de Veiga,Ourense
32068,32,068,4,Ramirás,Ourense
32069,32,069,7,Ribadavia,Ourense
32071,32,071,8,Riós,Ourense
32072,32,072,3,"Rúa, A",Ourense
32073,32,073,9,Rubiá,Ourense
32074,32,074,4,San Amaro,Ourense
32075,32,075,7,San Cibrao das Viñas,Ourense
32076,32,076,0,San Cristovo de Cea,Ourense
32070,32,070,1,San Xoán de Río,Ourense
32077,32,077,6,Sandiás,Ourense
32078,32,078,2,Sarreaus,Ourense
32079,32,079,5,Taboadela,Ourense
32080,32,080,9,"Teixeira, A",Ourense
32081,32,081,6,Toén,Ourense
32082,32,082,1,Trasmiras,Ourense
32083,32,083,7,"Veiga, A",Ourense
32084,32,084,2,Verea,Ourense
32085,32,085,5,Verín,Ourense
32086,32,086,8,Viana do Bolo,Ourense
32087,32,087,4,Vilamarín,Ourense
32088,32,088,0,Vilamartín de Valdeorras,Ourense
32089,32,089,3,Vilar de Barrio,Ourense
32090,32,090,7,Vilar de Santos,Ourense
32091,32,091,4,Vilardevós,Ourense
32092,32,092,9,Vilariño de Conso,Ourense
32032,32,032,2,Xinzo de Limia,Ourense
32036,32,036,9,Xunqueira de Ambía,Ourense
32037,32,037,5,Xunqueira de Espadanedo,Ourense
33001,33,001,9,Allande,Asturias
33002,33,002,4,Aller,Asturias
33003,33,003,0,Amieva,Asturias
33004,33,004,5,Avilés,Asturias
33005,33,005,8,Belmonte de Miranda,Asturias
33006,33,006,1,Bimenes,Asturias
33007,33,007,7,Boal,Asturias
33008,33,008,3,Cabrales,Asturias
33009,33,009,6,Cabranes,Asturias
33010,33,010,0,Candamo,Asturias
33012,33,012,2,Cangas de Onís,Asturias
33011,33,011,7,Cangas del Narcea,Asturias
33013,33,013,8,Caravia,Asturias
33014,33,014,3,Carreño,Asturias
33015,33,015,6,Caso,Asturias
33016,33,016,9,Castrillón,Asturias
33017,33,017,5,Castropol,Asturias
33018,33,018,1,Coaña,Asturias
33019,33,019,4,Colunga,Asturias
33020,33,020,8,Corvera de Asturias,Asturias
33021,33,021,5,Cudillero,Asturias
33022,33,022,0,Degaña,Asturias
33023,33,023,6,"Franco, El",Asturias
33024,33,024,1,Gijón,Asturias
33025,33,025,4,Gozón,Asturias
33026,33,026,7,Grado,Asturias
33027,33,027,3,Grandas de Salime,Asturias
33028,33,028,9,Ibias,Asturias
33029,33,029,2,Illano,Asturias
33030,33,030,6,Illas,Asturias
33031,33,031,3,Langreo,Asturias
33032,33,032,8,Laviana,Asturias
33033,33,033,4,Lena,Asturias
33035,33,035,2,Llanera,Asturias
33036,33,036,5,Llanes,Asturias
33037,33,037,1,Mieres,Asturias
33038,33,038,7,Morcín,Asturias
33039,33,039,0,Muros de Nalón,Asturias
33040,33,040,4,Nava,Asturias
33041,33,041,1,Navia,Asturias
33042,33,042,6,Noreña,Asturias
33043,33,043,2,Onís,Asturias
33044,33,044,7,Oviedo,Asturias
33045,33,045,0,Parres,Asturias
33046,33,046,3,Peñamellera Alta,Asturias
33047,33,047,9,Peñamellera Baja,Asturias
33048,33,048,5,Pesoz,Asturias
33049,33,049,8,Piloña,Asturias
33050,33,050,1,Ponga,Asturias
33051,33,051,8,Pravia,Asturias
33052,33,052,3,Proaza,Asturias
33053,33,053,9,Quirós,Asturias
33054,33,054,4,"Regueras, Las",Asturias
33055,33,055,7,Ribadedeva,Asturias
33056,33,056,0,Ribadesella,Asturias
33057,33,057,6,Ribera de Arriba,Asturias
33058,33,058,2,Riosa,Asturias
33059,33,059,5,Salas,Asturias
33061,33,061,6,San Martín de Oscos,Asturias
33060,33,060,9,San Martín del Rey Aurelio,Asturias
33063,33,063,7,San Tirso de Abres,Asturias
33062,33,062,1,Santa Eulalia de Oscos,Asturias
33064,33,064,2,Santo Adriano,Asturias
33065,33,065,5,Sariego,Asturias
33066,33,066,8,Siero,Asturias
33067,33,067,4,Sobrescobio,Asturias
33068,33,068,0,Somiedo,Asturias
33069,33,069,3,Soto del Barco,Asturias
33070,33,070,7,Tapia de Casariego,Asturias
33071,33,071,4,Taramundi,Asturias
33072,33,072,9,Teverga,Asturias
33073,33,073,5,Tineo,Asturias
33034,33,034,9,Valdés,Asturias
33074,33,074,0,Vegadeo,Asturias
33075,33,075,3,Villanueva de Oscos,Asturias
33076,33,076,6,Villaviciosa,Asturias
33077,33,077,2,Villayón,Asturias
33078,33,078,8,Yernes y Tameza,Asturias
34001,34,001,4,Abarca de Campos,Palencia
34003,34,003,5,Abia de las Torres,Palencia
34004,34,004,0,Aguilar de Campoo,Palencia
34005,34,005,3,Alar del Rey,Palencia
34006,34,006,6,Alba de Cerrato,Palencia
34009,34,009,1,Amayuelas de Arriba,Palencia
34010,34,010,5,Ampudia,Palencia
34011,34,011,2,Amusco,Palencia
34012,34,012,7,Antigüedad,Palencia
34015,34,015,1,Arconada,Palencia
34017,34,017,0,Astudillo,Palencia
34018,34,018,6,Autilla del Pino,Palencia
34019,34,019,9,Autillo de Campos,Palencia
34020,34,020,3,Ayuela,Palencia
34022,34,022,5,Baltanás,Palencia
34024,34,024,6,Baquerín de Campos,Palencia
34025,34,025,9,Bárcena de Campos,Palencia
34027,34,027,8,Barruelo de Santullán,Palencia
34028,34,028,4,Báscones de Ojeda,Palencia
34029,34,029,7,Becerril de Campos,Palencia
34031,34,031,8,Belmonte de Campos,Palencia
34032,34,032,3,Berzosilla,Palencia
34033,34,033,9,Boada de Campos,Palencia
34035,34,035,7,Boadilla de Rioseco,Palencia
34034,34,034,4,Boadilla del Camino,Palencia
34036,34,036,0,Brañosera,Palencia
34037,34,037,6,Buenavista de Valdavia,Palencia
34038,34,038,2,Bustillo de la Vega,Palencia
34039,34,039,5,Bustillo del Páramo de Carrión,Palencia
34041,34,041,6,Calahorra de Boedo,Palencia
34042,34,042,1,Calzada de los Molinos,Palencia
34045,34,045,5,Capillas,Palencia
34046,34,046,8,Cardeñosa de Volpejera,Palencia
34047,34,047,4,Carrión de los Condes,Palencia
34048,34,048,0,Castil de Vela,Palencia
34049,34,049,3,Castrejón de la Peña,Palencia
34050,34,050,6,Castrillo de Don Juan,Palencia
34051,34,051,3,Castrillo de Onielo,Palencia
34052,34,052,8,Castrillo de Villavega,Palencia
34053,34,053,4,Castromocho,Palencia
34055,34,055,2,Cervatos de la Cueza,Palencia
34056,34,056,5,Cervera de Pisuerga,Palencia
34057,34,057,1,Cevico de la Torre,Palencia
34058,34,058,7,Cevico Navero,Palencia
34059,34,059,0,Cisneros,Palencia
34060,34,060,4,Cobos de Cerrato,Palencia
34061,34,061,1,Collazos de Boedo,Palencia
34062,34,062,6,Congosto de Valdavia,Palencia
34063,34,063,2,Cordovilla la Real,Palencia
34066,34,066,3,Cubillas de Cerrato,Palencia
34067,34,067,9,Dehesa de Montejo,Palencia
34068,34,068,5,Dehesa de Romanos,Palencia
34069,34,069,8,Dueñas,Palencia
34070,34,070,2,Espinosa de Cerrato,Palencia
34071,34,071,9,Espinosa de Villagonzalo,Palencia
34072,34,072,4,Frechilla,Palencia
34073,34,073,0,Fresno del Río,Palencia
34074,34,074,5,Frómista,Palencia
34076,34,076,1,Fuentes de Nava,Palencia
34077,34,077,7,Fuentes de Valdepero,Palencia
34079,34,079,6,Grijota,Palencia
34080,34,080,0,Guardo,Palencia
34081,34,081,7,Guaza de Campos,Palencia
34082,34,082,2,Hérmedes de Cerrato,Palencia
34083,34,083,8,Herrera de Pisuerga,Palencia
34084,34,084,3,Herrera de Valdecañas,Palencia
34086,34,086,9,Hontoria de Cerrato,Palencia
34087,34,087,5,Hornillos de Cerrato,Palencia
34088,34,088,1,Husillos,Palencia
34089,34,089,4,Itero de la Vega,Palencia
34091,34,091,5,Lagartos,Palencia
34092,34,092,0,Lantadilla,Palencia
34094,34,094,1,Ledigos,Palencia
34903,34,903,6,Loma de Ucieza,Palencia
34096,34,096,7,Lomas,Palencia
34098,34,098,9,Magaz de Pisuerga,Palencia
34099,34,099,2,Manquillos,Palencia
34100,34,100,6,Mantinos,Palencia
34101,34,101,3,Marcilla de Campos,Palencia
34102,34,102,8,Mazariegos,Palencia
34103,34,103,4,Mazuecos de Valdeginate,Palencia
34104,34,104,9,Melgar de Yuso,Palencia
34106,34,106,5,Meneses de Campos,Palencia
34107,34,107,1,Micieces de Ojeda,Palencia
34108,34,108,7,Monzón de Campos,Palencia
34109,34,109,0,Moratinos,Palencia
34110,34,110,4,Mudá,Palencia
34112,34,112,6,Nogal de las Huertas,Palencia
34113,34,113,2,Olea de Boedo,Palencia
34114,34,114,7,Olmos de Ojeda,Palencia
34116,34,116,3,Osornillo,Palencia
34901,34,901,5,Osorno la Mayor,Palencia
34120,34,120,2,Palencia,Palencia
34121,34,121,9,Palenzuela,Palencia
34122,34,122,4,Páramo de Boedo,Palencia
34123,34,123,0,Paredes de Nava,Palencia
34124,34,124,5,Payo de Ojeda,Palencia
34125,34,125,8,Pedraza de Campos,Palencia
34126,34,126,1,Pedrosa de la Vega,Palencia
34127,34,127,7,Perales,Palencia
34904,34,904,1,"Pernía, La",Palencia
34129,34,129,6,Pino del Río,Palencia
34130,34,130,0,Piña de Campos,Palencia
34131,34,131,7,Población de Arroyo,Palencia
34132,34,132,2,Población de Campos,Palencia
34133,34,133,8,Población de Cerrato,Palencia
34134,34,134,3,Polentinos,Palencia
34135,34,135,6,Pomar de Valdivia,Palencia
34136,34,136,9,Poza de la Vega,Palencia
34137,34,137,5,Pozo de Urama,Palencia
34139,34,139,4,Prádanos de Ojeda,Palencia
34140,34,140,8,"Puebla de Valdavia, La",Palencia
34141,34,141,5,Quintana del Puente,Palencia
34143,34,143,6,Quintanilla de Onsoña,Palencia
34146,34,146,7,Reinoso de Cerrato,Palencia
34147,34,147,3,Renedo de la Vega,Palencia
34149,34,149,2,Requena de Campos,Palencia
34151,34,151,2,Respenda de la Peña,Palencia
34152,34,152,7,Revenga de Campos,Palencia
34154,34,154,8,Revilla de Collazos,Palencia
34155,34,155,1,Ribas de Campos,Palencia
34156,34,156,4,Riberos de la Cueza,Palencia
34157,34,157,0,Saldaña,Palencia
34158,34,158,6,Salinas de Pisuerga,Palencia
34159,34,159,9,San Cebrián de Campos,Palencia
34160,34,160,3,San Cebrián de Mudá,Palencia
34161,34,161,0,San Cristóbal de Boedo,Palencia
34163,34,163,1,San Mamés de Campos,Palencia
34165,34,165,9,San Román de la Cuba,Palencia
34167,34,167,8,Santa Cecilia del Alcor,Palencia
34168,34,168,4,Santa Cruz de Boedo,Palencia
34169,34,169,7,Santervás de la Vega,Palencia
34170,34,170,1,Santibáñez de Ecla,Palencia
34171,34,171,8,Santibáñez de la Peña,Palencia
34174,34,174,4,Santoyo,Palencia
34175,34,175,7,"Serna, La",Palencia
34177,34,177,6,Soto de Cerrato,Palencia
34176,34,176,0,Sotobañado y Priorato,Palencia
34178,34,178,2,Tabanera de Cerrato,Palencia
34179,34,179,5,Tabanera de Valdavia,Palencia
34180,34,180,9,Támara de Campos,Palencia
34181,34,181,6,Tariego de Cerrato,Palencia
34182,34,182,1,Torquemada,Palencia
34184,34,184,2,Torremormojón,Palencia
34185,34,185,5,Triollo,Palencia
34186,34,186,8,Valbuena de Pisuerga,Palencia
34189,34,189,3,Valdeolmillos,Palencia
34190,34,190,7,Valderrábano,Palencia
34192,34,192,9,Valde-Ucieza,Palencia
34196,34,196,6,Valle de Cerrato,Palencia
34902,34,902,0,Valle del Retortillo,Palencia
34199,34,199,1,Velilla del Río Carrión,Palencia
34023,34,023,1,Venta de Baños,Palencia
34201,34,201,2,Vertavillo,Palencia
34093,34,093,6,"Vid de Ojeda, La",Palencia
34202,34,202,7,Villabasta de Valdavia,Palencia
34204,34,204,8,Villacidaler,Palencia
34205,34,205,1,Villaconancio,Palencia
34206,34,206,4,Villada,Palencia
34208,34,208,6,Villaeles de Valdavia,Palencia
34210,34,210,3,Villahán,Palencia
34211,34,211,0,Villaherreros,Palencia
34213,34,213,1,Villalaco,Palencia
34214,34,214,6,Villalba de Guardo,Palencia
34215,34,215,9,Villalcázar de Sirga,Palencia
34216,34,216,2,Villalcón,Palencia
34217,34,217,8,Villalobón,Palencia
34218,34,218,4,Villaluenga de la Vega,Palencia
34220,34,220,1,Villamartín de Campos,Palencia
34221,34,221,8,Villamediana,Palencia
34222,34,222,3,Villameriel,Palencia
34223,34,223,9,Villamoronta,Palencia
34224,34,224,4,Villamuera de la Cueza,Palencia
34225,34,225,7,Villamuriel de Cerrato,Palencia
34227,34,227,6,Villanueva del Rebollar,Palencia
34228,34,228,2,Villanuño de Valdavia,Palencia
34229,34,229,5,Villaprovedo,Palencia
34230,34,230,9,Villarmentero de Campos,Palencia
34231,34,231,6,Villarrabé,Palencia
34232,34,232,1,Villarramiel,Palencia
34233,34,233,7,Villasarracino,Palencia
34234,34,234,2,Villasila de Valdavia,Palencia
34236,34,236,8,Villaturde,Palencia
34237,34,237,4,Villaumbrales,Palencia
34238,34,238,0,Villaviudas,Palencia
34240,34,240,7,Villerías de Campos,Palencia
34241,34,241,4,Villodre,Palencia
34242,34,242,9,Villodrigo,Palencia
34243,34,243,5,Villoldo,Palencia
34245,34,245,3,Villota del Páramo,Palencia
34246,34,246,6,Villovieco,Palencia
35001,35,001,7,Agaete,Las Palmas
35002,35,002,2,Agüimes,Las Palmas
35020,35,020,6,"Aldea de San Nicolás, La",Las Palmas
35003,35,003,8,Antigua,Las Palmas
35004,35,004,3,Arrecife,Las Palmas
35005,35,005,6,Artenara,Las Palmas
35006,35,006,9,Arucas,Las Palmas
35007,35,007,5,Betancuria,Las Palmas
35008,35,008,1,Firgas,Las Palmas
35009,35,009,4,Gáldar,Las Palmas
35010,35,010,8,Haría,Las Palmas
35011,35,011,5,Ingenio,Las Palmas
35012,35,012,0,Mogán,Las Palmas
35013,35,013,6,Moya,Las Palmas
35014,35,014,1,"Oliva, La",Las Palmas
35015,35,015,4,Pájara,Las Palmas
35016,35,016,7,"Palmas de Gran Canaria, Las",Las Palmas
35017,35,017,3,Puerto del Rosario,Las Palmas
35018,35,018,9,San Bartolomé,Las Palmas
35019,35,019,2,San Bartolomé de Tirajana,Las Palmas
35021,35,021,3,Santa Brígida,Las Palmas
35022,35,022,8,Santa Lucía de Tirajana,Las Palmas
35023,35,023,4,Santa María de Guía de Gran Canaria,Las Palmas
35024,35,024,9,Teguise,Las Palmas
35025,35,025,2,Tejeda,Las Palmas
35026,35,026,5,Telde,Las Palmas
35027,35,027,1,Teror,Las Palmas
35028,35,028,7,Tías,Las Palmas
35029,35,029,0,Tinajo,Las Palmas
35030,35,030,4,Tuineje,Las Palmas
35032,35,032,6,Valleseco,Las Palmas
35031,35,031,1,Valsequillo de Gran Canaria,Las Palmas
35033,35,033,2,Vega de San Mateo,Las Palmas
35034,35,034,7,Yaiza,Las Palmas
36020,36,020,9,Agolada,Pontevedra
36001,36,001,0,Arbo,Pontevedra
36003,36,003,1,Baiona,Pontevedra
36002,36,002,5,Barro,Pontevedra
36004,36,004,6,Bueu,Pontevedra
36005,36,005,9,Caldas de Reis,Pontevedra
36006,36,006,2,Cambados,Pontevedra
36007,36,007,8,Campo Lameiro,Pontevedra
36008,36,008,4,Cangas,Pontevedra
36009,36,009,7,"Cañiza, A",Pontevedra
36010,36,010,1,Catoira,Pontevedra
36902,36,902,6,Cerdedo-Cotobade,Pontevedra
36013,36,013,9,Covelo,Pontevedra
36014,36,014,4,Crecente,Pontevedra
36015,36,015,7,Cuntis,Pontevedra
36016,36,016,0,Dozón,Pontevedra
36017,36,017,6,"Estrada, A",Pontevedra
36018,36,018,2,Forcarei,Pontevedra
36019,36,019,5,Fornelos de Montes,Pontevedra
36021,36,021,6,Gondomar,Pontevedra
36022,36,022,1,"Grove, O",Pontevedra
36023,36,023,7,"Guarda, A",Pontevedra
36901,36,901,1,"Illa de Arousa, A",Pontevedra
36024,36,024,2,Lalín,Pontevedra
36025,36,025,5,"Lama, A",Pontevedra
36026,36,026,8,Marín,Pontevedra
36027,36,027,4,Meaño,Pontevedra
36028,36,028,0,Meis,Pontevedra
36029,36,029,3,Moaña,Pontevedra
36030,36,030,7,Mondariz,Pontevedra
36031,36,031,4,Mondariz-Balneario,Pontevedra
36032,36,032,9,Moraña,Pontevedra
36033,36,033,5,Mos,Pontevedra
36034,36,034,0,"Neves, As",Pontevedra
36035,36,035,3,Nigrán,Pontevedra
36036,36,036,6,Oia,Pontevedra
36037,36,037,2,Pazos de Borbén,Pontevedra
36041,36,041,2,Poio,Pontevedra
36043,36,043,3,Ponte Caldelas,Pontevedra
36042,36,042,7,Ponteareas,Pontevedra
36044,36,044,8,Pontecesures,Pontevedra
36038,36,038,8,Pontevedra,Pontevedra
36039,36,039,1,"Porriño, O",Pontevedra
36040,36,040,5,Portas,Pontevedra
36045,36,045,1,Redondela,Pontevedra
36046,36,046,4,Ribadumia,Pontevedra
36047,36,047,0,Rodeiro,Pontevedra
36048,36,048,6,"Rosal, O",Pontevedra
36049,36,049,9,Salceda de Caselas,Pontevedra
36050,36,050,2,Salvaterra de Miño,Pontevedra
36051,36,051,9,Sanxenxo,Pontevedra
36052,36,052,4,Silleda,Pontevedra
36053,36,053,0,Soutomaior,Pontevedra
36054,36,054,5,Tomiño,Pontevedra
36055,36,055,8,Tui,Pontevedra
36056,36,056,1,Valga,Pontevedra
36057,36,057,7,Vigo,Pontevedra
36059,36,059,6,Vila de Cruces,Pontevedra
36058,36,058,3,Vilaboa,Pontevedra
36060,36,060,0,Vilagarcía de Arousa,Pontevedra
36061,36,061,7,Vilanova de Arousa,Pontevedra
37001,37,001,6,Abusejo,Salamanca
37002,37,002,1,Agallas,Salamanca
37003,37,003,7,Ahigal de los Aceiteros,Salamanca
37004,37,004,2,Ahigal de Villarino,Salamanca
37005,37,005,5,"Alameda de Gardón, La",Salamanca
37006,37,006,8,"Alamedilla, La",Salamanca
37007,37,007,4,Alaraz,Salamanca
37008,37,008,0,Alba de Tormes,Salamanca
37009,37,009,3,Alba de Yeltes,Salamanca
37010,37,010,7,"Alberca, La",Salamanca
37011,37,011,4,"Alberguería de Argañán, La",Salamanca
37012,37,012,9,Alconada,Salamanca
37015,37,015,3,Aldea del Obispo,Salamanca
37013,37,013,5,Aldeacipreste,Salamanca
37014,37,014,0,Aldeadávila de la Ribera,Salamanca
37016,37,016,6,Aldealengua,Salamanca
37017,37,017,2,Aldeanueva de Figueroa,Salamanca
37018,37,018,8,Aldeanueva de la Sierra,Salamanca
37019,37,019,1,Aldearrodrigo,Salamanca
37020,37,020,5,Aldearrubia,Salamanca
37021,37,021,2,Aldeaseca de Alba,Salamanca
37022,37,022,7,Aldeaseca de la Frontera,Salamanca
37023,37,023,3,Aldeatejada,Salamanca
37024,37,024,8,Aldeavieja de Tormes,Salamanca
37025,37,025,1,Aldehuela de la Bóveda,Salamanca
37026,37,026,4,Aldehuela de Yeltes,Salamanca
37027,37,027,0,Almenara de Tormes,Salamanca
37028,37,028,6,Almendra,Salamanca
37029,37,029,9,Anaya de Alba,Salamanca
37030,37,030,3,Añover de Tormes,Salamanca
37031,37,031,0,Arabayona de Mógica,Salamanca
37032,37,032,5,Arapiles,Salamanca
37033,37,033,1,Arcediano,Salamanca
37034,37,034,6,"Arco, El",Salamanca
37035,37,035,9,Armenteros,Salamanca
37037,37,037,8,"Atalaya, La",Salamanca
37038,37,038,4,Babilafuente,Salamanca
37039,37,039,7,Bañobárez,Salamanca
37040,37,040,1,Barbadillo,Salamanca
37041,37,041,8,Barbalos,Salamanca
37042,37,042,3,Barceo,Salamanca
37044,37,044,4,Barruecopardo,Salamanca
37045,37,045,7,"Bastida, La",Salamanca
37046,37,046,0,Béjar,Salamanca
37047,37,047,6,Beleña,Salamanca
37049,37,049,5,Bermellar,Salamanca
37050,37,050,8,Berrocal de Huebra,Salamanca
37051,37,051,5,Berrocal de Salvatierra,Salamanca
37052,37,052,0,Boada,Salamanca
37054,37,054,1,"Bodón, El",Salamanca
37055,37,055,4,Bogajo,Salamanca
37056,37,056,7,"Bouza, La",Salamanca
37057,37,057,3,Bóveda del Río Almar,Salamanca
37058,37,058,9,Brincones,Salamanca
37059,37,059,2,Buenamadre,Salamanca
37060,37,060,6,Buenavista,Salamanca
37061,37,061,3,"Cabaco, El",Salamanca
37063,37,063,4,"Cabeza de Béjar, La",Salamanca
37065,37,065,2,Cabeza del Caballo,Salamanca
37062,37,062,8,Cabezabellosa de la Calzada,Salamanca
37067,37,067,1,Cabrerizos,Salamanca
37068,37,068,7,Cabrillas,Salamanca
37069,37,069,0,Calvarrasa de Abajo,Salamanca
37070,37,070,4,Calvarrasa de Arriba,Salamanca
37071,37,071,1,"Calzada de Béjar, La",Salamanca
37072,37,072,6,Calzada de Don Diego,Salamanca
37073,37,073,2,Calzada de Valdunciel,Salamanca
37074,37,074,7,Campillo de Azaba,Salamanca
37077,37,077,9,"Campo de Peñaranda, El",Salamanca
37078,37,078,5,Candelario,Salamanca
37079,37,079,8,Canillas de Abajo,Salamanca
37080,37,080,2,Cantagallo,Salamanca
37081,37,081,9,Cantalapiedra,Salamanca
37082,37,082,4,Cantalpino,Salamanca
37083,37,083,0,Cantaracillo,Salamanca
37085,37,085,8,Carbajosa de la Sagrada,Salamanca
37086,37,086,1,Carpio de Azaba,Salamanca
37087,37,087,7,Carrascal de Barregas,Salamanca
37088,37,088,3,Carrascal del Obispo,Salamanca
37089,37,089,6,Casafranca,Salamanca
37090,37,090,0,"Casas del Conde, Las",Salamanca
37091,37,091,7,Casillas de Flores,Salamanca
37092,37,092,2,Castellanos de Moriscos,Salamanca
37185,37,185,7,Castellanos de Villiquera,Salamanca
37096,37,096,9,Castillejo de Martín Viejo,Salamanca
37097,37,097,5,Castraz,Salamanca
37098,37,098,1,Cepeda,Salamanca
37099,37,099,4,Cereceda de la Sierra,Salamanca
37100,37,100,8,Cerezal de Peñahorcada,Salamanca
37101,37,101,5,Cerralbo,Salamanca
37102,37,102,0,"Cerro, El",Salamanca
37103,37,103,6,Cespedosa de Tormes,Salamanca
37114,37,114,9,Chagarcía Medianero,Salamanca
37104,37,104,1,Cilleros de la Bastida,Salamanca
37106,37,106,7,Cipérez,Salamanca
37107,37,107,3,Ciudad Rodrigo,Salamanca
37108,37,108,9,Coca de Alba,Salamanca
37109,37,109,2,Colmenar de Montemayor,Salamanca
37110,37,110,6,Cordovilla,Salamanca
37112,37,112,8,Cristóbal,Salamanca
37113,37,113,4,"Cubo de Don Sancho, El",Salamanca
37115,37,115,2,Dios le Guarde,Salamanca
37116,37,116,5,Doñinos de Ledesma,Salamanca
37117,37,117,1,Doñinos de Salamanca,Salamanca
37118,37,118,7,Éjeme,Salamanca
37120,37,120,4,Encina de San Silvestre,Salamanca
37119,37,119,0,"Encina, La",Salamanca
37121,37,121,1,Encinas de Abajo,Salamanca
37122,37,122,6,Encinas de Arriba,Salamanca
37123,37,123,2,Encinasola de los Comendadores,Salamanca
37124,37,124,7,Endrinal,Salamanca
37125,37,125,0,Escurial de la Sierra,Salamanca
37126,37,126,3,Espadaña,Salamanca
37127,37,127,9,Espeja,Salamanca
37128,37,128,5,Espino de la Orbada,Salamanca
37129,37,129,8,Florida de Liébana,Salamanca
37130,37,130,2,Forfoleda,Salamanca
37131,37,131,9,Frades de la Sierra,Salamanca
37132,37,132,4,"Fregeneda, La",Salamanca
37133,37,133,0,Fresnedoso,Salamanca
37134,37,134,5,Fresno Alhándiga,Salamanca
37135,37,135,8,"Fuente de San Esteban, La",Salamanca
37136,37,136,1,Fuenteguinaldo,Salamanca
37137,37,137,7,Fuenteliante,Salamanca
37138,37,138,3,Fuenterroble de Salvatierra,Salamanca
37139,37,139,6,Fuentes de Béjar,Salamanca
37140,37,140,0,Fuentes de Oñoro,Salamanca
37141,37,141,7,Gajates,Salamanca
37142,37,142,2,Galindo y Perahuy,Salamanca
37143,37,143,8,Galinduste,Salamanca
37144,37,144,3,Galisancho,Salamanca
37145,37,145,6,Gallegos de Argañán,Salamanca
37146,37,146,9,Gallegos de Solmirón,Salamanca
37147,37,147,5,Garcibuey,Salamanca
37148,37,148,1,Garcihernández,Salamanca
37149,37,149,4,Garcirrey,Salamanca
37150,37,150,7,Gejuelo del Barro,Salamanca
37151,37,151,4,Golpejas,Salamanca
37152,37,152,9,Gomecello,Salamanca
37154,37,154,0,Guadramiro,Salamanca
37155,37,155,3,Guijo de Ávila,Salamanca
37156,37,156,6,Guijuelo,Salamanca
37157,37,157,2,Herguijuela de Ciudad Rodrigo,Salamanca
37158,37,158,8,Herguijuela de la Sierra,Salamanca
37159,37,159,1,Herguijuela del Campo,Salamanca
37160,37,160,5,Hinojosa de Duero,Salamanca
37161,37,161,2,Horcajo de Montemayor,Salamanca
37162,37,162,7,Horcajo Medianero,Salamanca
37163,37,163,3,"Hoya, La",Salamanca
37164,37,164,8,Huerta,Salamanca
37165,37,165,1,Iruelos,Salamanca
37166,37,166,4,Ituero de Azaba,Salamanca
37167,37,167,0,Juzbado,Salamanca
37168,37,168,6,Lagunilla,Salamanca
37169,37,169,9,Larrodrigo,Salamanca
37170,37,170,3,Ledesma,Salamanca
37171,37,171,0,Ledrada,Salamanca
37172,37,172,5,Linares de Riofrío,Salamanca
37173,37,173,1,Lumbrales,Salamanca
37175,37,175,9,Machacón,Salamanca
37174,37,174,6,Macotera,Salamanca
37176,37,176,2,Madroñal,Salamanca
37177,37,177,8,"Maíllo, El",Salamanca
37178,37,178,4,Malpartida,Salamanca
37179,37,179,7,Mancera de Abajo,Salamanca
37180,37,180,1,"Manzano, El",Salamanca
37181,37,181,8,Martiago,Salamanca
37183,37,183,9,Martín de Yeltes,Salamanca
37182,37,182,3,Martinamor,Salamanca
37184,37,184,4,Masueco,Salamanca
37186,37,186,0,"Mata de Ledesma, La",Salamanca
37187,37,187,6,Matilla de los Caños del Río,Salamanca
37188,37,188,2,"Maya, La",Salamanca
37189,37,189,5,Membribe de la Sierra,Salamanca
37190,37,190,9,Mieza,Salamanca
37191,37,191,6,"Milano, El",Salamanca
37192,37,192,1,Miranda de Azán,Salamanca
37193,37,193,7,Miranda del Castañar,Salamanca
37194,37,194,2,Mogarraz,Salamanca
37195,37,195,5,Molinillo,Salamanca
37196,37,196,8,Monforte de la Sierra,Salamanca
37197,37,197,4,Monleón,Salamanca
37198,37,198,0,Monleras,Salamanca
37199,37,199,3,Monsagro,Salamanca
37200,37,200,7,Montejo,Salamanca
37201,37,201,4,Montemayor del Río,Salamanca
37202,37,202,9,Monterrubio de Armuña,Salamanca
37203,37,203,5,Monterrubio de la Sierra,Salamanca
37204,37,204,0,Morasverdes,Salamanca
37205,37,205,3,Morille,Salamanca
37206,37,206,6,Moríñigo,Salamanca
37207,37,207,2,Moriscos,Salamanca
37208,37,208,8,Moronta,Salamanca
37209,37,209,1,Mozárbez,Salamanca
37211,37,211,2,Narros de Matalayegua,Salamanca
37213,37,213,3,Nava de Béjar,Salamanca
37214,37,214,8,Nava de Francia,Salamanca
37215,37,215,1,Nava de Sotrobal,Salamanca
37212,37,212,7,Navacarros,Salamanca
37216,37,216,4,Navales,Salamanca
37217,37,217,0,Navalmoral de Béjar,Salamanca
37218,37,218,6,Navamorales,Salamanca
37219,37,219,9,Navarredonda de la Rinconada,Salamanca
37221,37,221,0,Navasfrías,Salamanca
37222,37,222,5,Negrilla de Palencia,Salamanca
37223,37,223,1,Olmedo de Camaces,Salamanca
37224,37,224,6,"Orbada, La",Salamanca
37225,37,225,9,Pajares de la Laguna,Salamanca
37226,37,226,2,Palacios del Arzobispo,Salamanca
37228,37,228,4,Palaciosrubios,Salamanca
37229,37,229,7,Palencia de Negrilla,Salamanca
37230,37,230,1,Parada de Arriba,Salamanca
37231,37,231,8,Parada de Rubiales,Salamanca
37232,37,232,3,Paradinas de San Juan,Salamanca
37233,37,233,9,Pastores,Salamanca
37234,37,234,4,"Payo, El",Salamanca
37235,37,235,7,Pedraza de Alba,Salamanca
37236,37,236,0,Pedrosillo de Alba,Salamanca
37237,37,237,6,Pedrosillo de los Aires,Salamanca
37238,37,238,2,Pedrosillo el Ralo,Salamanca
37239,37,239,5,"Pedroso de la Armuña, El",Salamanca
37240,37,240,9,Pelabravo,Salamanca
37241,37,241,6,Pelarrodríguez,Salamanca
37242,37,242,1,Pelayos,Salamanca
37243,37,243,7,"Peña, La",Salamanca
37244,37,244,2,Peñacaballera,Salamanca
37245,37,245,5,Peñaparda,Salamanca
37246,37,246,8,Peñaranda de Bracamonte,Salamanca
37247,37,247,4,Peñarandilla,Salamanca
37248,37,248,0,Peralejos de Abajo,Salamanca
37249,37,249,3,Peralejos de Arriba,Salamanca
37250,37,250,6,Pereña de la Ribera,Salamanca
37251,37,251,3,Peromingo,Salamanca
37252,37,252,8,Pinedas,Salamanca
37253,37,253,4,"Pino de Tormes, El",Salamanca
37254,37,254,9,Pitiegua,Salamanca
37255,37,255,2,Pizarral,Salamanca
37256,37,256,5,Poveda de las Cintas,Salamanca
37257,37,257,1,Pozos de Hinojo,Salamanca
37258,37,258,7,Puebla de Azaba,Salamanca
37259,37,259,0,Puebla de San Medel,Salamanca
37260,37,260,4,Puebla de Yeltes,Salamanca
37261,37,261,1,Puente del Congosto,Salamanca
37262,37,262,6,Puertas,Salamanca
37263,37,263,2,Puerto de Béjar,Salamanca
37264,37,264,7,Puerto Seguro,Salamanca
37265,37,265,0,Rágama,Salamanca
37266,37,266,3,"Redonda, La",Salamanca
37267,37,267,9,Retortillo,Salamanca
37268,37,268,5,"Rinconada de la Sierra, La",Salamanca
37269,37,269,8,Robleda,Salamanca
37270,37,270,2,Robliza de Cojos,Salamanca
37271,37,271,9,Rollán,Salamanca
37272,37,272,4,Saelices el Chico,Salamanca
37273,37,273,0,"Sagrada, La",Salamanca
37303,37,303,4,"Sahugo, El",Salamanca
37274,37,274,5,Salamanca,Salamanca
37275,37,275,8,Saldeana,Salamanca
37276,37,276,1,Salmoral,Salamanca
37277,37,277,7,Salvatierra de Tormes,Salamanca
37278,37,278,3,San Cristóbal de la Cuesta,Salamanca
37284,37,284,3,San Esteban de la Sierra,Salamanca
37285,37,285,6,San Felices de los Gallegos,Salamanca
37286,37,286,9,San Martín del Castañar,Salamanca
37287,37,287,5,San Miguel de Valero,Salamanca
37036,37,036,2,San Miguel del Robledo,Salamanca
37288,37,288,1,San Morales,Salamanca
37289,37,289,4,San Muñoz,Salamanca
37291,37,291,5,San Pedro de Rozados,Salamanca
37290,37,290,8,San Pedro del Valle,Salamanca
37292,37,292,0,San Pelayo de Guareña,Salamanca
37280,37,280,0,Sanchón de la Ribera,Salamanca
37281,37,281,7,Sanchón de la Sagrada,Salamanca
37282,37,282,2,Sanchotello,Salamanca
37279,37,279,6,Sancti-Spíritus,Salamanca
37283,37,283,8,Sando,Salamanca
37293,37,293,6,Santa María de Sando,Salamanca
37294,37,294,1,Santa Marta de Tormes,Salamanca
37296,37,296,7,Santiago de la Puebla,Salamanca
37297,37,297,3,Santibáñez de Béjar,Salamanca
37298,37,298,9,Santibáñez de la Sierra,Salamanca
37299,37,299,2,Santiz,Salamanca
37300,37,300,6,"Santos, Los",Salamanca
37301,37,301,3,Sardón de los Frailes,Salamanca
37302,37,302,8,Saucelle,Salamanca
37304,37,304,9,Sepulcro-Hilario,Salamanca
37305,37,305,2,Sequeros,Salamanca
37306,37,306,5,Serradilla del Arroyo,Salamanca
37307,37,307,1,Serradilla del Llano,Salamanca
37309,37,309,0,"Sierpe, La",Salamanca
37310,37,310,4,Sieteiglesias de Tormes,Salamanca
37311,37,311,1,Sobradillo,Salamanca
37312,37,312,6,Sorihuela,Salamanca
37313,37,313,2,Sotoserrano,Salamanca
37314,37,314,7,Tabera de Abajo,Salamanca
37315,37,315,0,"Tala, La",Salamanca
37316,37,316,3,Tamames,Salamanca
37317,37,317,9,Tarazona de Guareña,Salamanca
37318,37,318,5,Tardáguila,Salamanca
37319,37,319,8,"Tejado, El",Salamanca
37320,37,320,2,Tejeda y Segoyuela,Salamanca
37321,37,321,9,Tenebrón,Salamanca
37322,37,322,4,Terradillos,Salamanca
37323,37,323,0,Topas,Salamanca
37324,37,324,5,Tordillos,Salamanca
37325,37,325,8,"Tornadizo, El",Salamanca
37327,37,327,7,Torresmenudas,Salamanca
37328,37,328,3,Trabanca,Salamanca
37329,37,329,6,Tremedal de Tormes,Salamanca
37330,37,330,0,Valdecarros,Salamanca
37331,37,331,7,Valdefuentes de Sangusín,Salamanca
37332,37,332,2,Valdehijaderos,Salamanca
37333,37,333,8,Valdelacasa,Salamanca
37334,37,334,3,Valdelageve,Salamanca
37335,37,335,6,Valdelosa,Salamanca
37336,37,336,9,Valdemierque,Salamanca
37337,37,337,5,Valderrodrigo,Salamanca
37338,37,338,1,Valdunciel,Salamanca
37339,37,339,4,Valero,Salamanca
37343,37,343,6,Vallejera de Riofrío,Salamanca
37340,37,340,8,Valsalabroso,Salamanca
37341,37,341,5,Valverde de Valdelacasa,Salamanca
37342,37,342,0,Valverdón,Salamanca
37344,37,344,1,Vecinos,Salamanca
37345,37,345,4,Vega de Tirados,Salamanca
37346,37,346,7,"Veguillas, Las",Salamanca
37347,37,347,3,"Vellés, La",Salamanca
37348,37,348,9,Ventosa del Río Almar,Salamanca
37349,37,349,2,"Vídola, La",Salamanca
37351,37,351,2,Villaflores,Salamanca
37352,37,352,7,Villagonzalo de Tormes,Salamanca
37353,37,353,3,Villalba de los Llanos,Salamanca
37354,37,354,8,Villamayor,Salamanca
37355,37,355,1,Villanueva del Conde,Salamanca
37356,37,356,4,Villar de Argañán,Salamanca
37357,37,357,0,Villar de Ciervo,Salamanca
37358,37,358,6,Villar de Gallimazo,Salamanca
37359,37,359,9,Villar de la Yegua,Salamanca
37360,37,360,3,Villar de Peralonso,Salamanca
37361,37,361,0,Villar de Samaniego,Salamanca
37362,37,362,5,Villares de la Reina,Salamanca
37363,37,363,1,Villares de Yeltes,Salamanca
37364,37,364,6,Villarino de los Aires,Salamanca
37365,37,365,9,Villarmayor,Salamanca
37366,37,366,2,Villarmuerto,Salamanca
37367,37,367,8,Villasbuenas,Salamanca
37368,37,368,4,Villasdardo,Salamanca
37369,37,369,7,Villaseco de los Gamitos,Salamanca
37370,37,370,1,Villaseco de los Reyes,Salamanca
37371,37,371,8,Villasrubias,Salamanca
37372,37,372,3,Villaverde de Guareña,Salamanca
37373,37,373,9,Villavieja de Yeltes,Salamanca
37374,37,374,4,Villoria,Salamanca
37375,37,375,7,Villoruela,Salamanca
37350,37,350,5,Vilvestre,Salamanca
37376,37,376,0,Vitigudino,Salamanca
37377,37,377,6,Yecla de Yeltes,Salamanca
37378,37,378,2,Zamarra,Salamanca
37379,37,379,5,Zamayón,Salamanca
37380,37,380,9,Zarapicos,Salamanca
37381,37,381,6,"Zarza de Pumareda, La",Salamanca
37382,37,382,1,Zorita de la Frontera,Salamanca
38001,38,001,2,Adeje,Santa Cruz de Tenerife
38002,38,002,7,Agulo,Santa Cruz de Tenerife
38003,38,003,3,Alajeró,Santa Cruz de Tenerife
38004,38,004,8,Arafo,Santa Cruz de Tenerife
38005,38,005,1,Arico,Santa Cruz de Tenerife
38006,38,006,4,Arona,Santa Cruz de Tenerife
38007,38,007,0,Barlovento,Santa Cruz de Tenerife
38008,38,008,6,Breña Alta,Santa Cruz de Tenerife
38009,38,009,9,Breña Baja,Santa Cruz de Tenerife
38010,38,010,3,Buenavista del Norte,Santa Cruz de Tenerife
38011,38,011,0,Candelaria,Santa Cruz de Tenerife
38012,38,012,5,Fasnia,Santa Cruz de Tenerife
38013,38,013,1,Frontera,Santa Cruz de Tenerife
38014,38,014,6,Fuencaliente de la Palma,Santa Cruz de Tenerife
38015,38,015,9,Garachico,Santa Cruz de Tenerife
38016,38,016,2,Garafía,Santa Cruz de Tenerife
38017,38,017,8,Granadilla de Abona,Santa Cruz de Tenerife
38018,38,018,4,"Guancha, La",Santa Cruz de Tenerife
38019,38,019,7,Guía de Isora,Santa Cruz de Tenerife
38020,38,020,1,Güímar,Santa Cruz de Tenerife
38021,38,021,8,Hermigua,Santa Cruz de Tenerife
38022,38,022,3,Icod de los Vinos,Santa Cruz de Tenerife
38024,38,024,4,"Llanos de Aridane, Los",Santa Cruz de Tenerife
38025,38,025,7,"Matanza de Acentejo, La",Santa Cruz de Tenerife
38026,38,026,0,"Orotava, La",Santa Cruz de Tenerife
38027,38,027,6,"Paso, El",Santa Cruz de Tenerife
38901,38,901,3,"Pinar de El Hierro, El",Santa Cruz de Tenerife
38028,38,028,2,Puerto de la Cruz,Santa Cruz de Tenerife
38029,38,029,5,Puntagorda,Santa Cruz de Tenerife
38030,38,030,9,Puntallana,Santa Cruz de Tenerife
38031,38,031,6,"Realejos, Los",Santa Cruz de Tenerife
38032,38,032,1,"Rosario, El",Santa Cruz de Tenerife
38033,38,033,7,San Andrés y Sauces,Santa Cruz de Tenerife
38023,38,023,9,San Cristóbal de La Laguna,Santa Cruz de Tenerife
38034,38,034,2,San Juan de la Rambla,Santa Cruz de Tenerife
38035,38,035,5,San Miguel de Abona,Santa Cruz de Tenerife
38036,38,036,8,San Sebastián de la Gomera,Santa Cruz de Tenerife
38037,38,037,4,Santa Cruz de la Palma,Santa Cruz de Tenerife
38038,38,038,0,Santa Cruz de Tenerife,Santa Cruz de Tenerife
38039,38,039,3,Santa Úrsula,Santa Cruz de Tenerife
38040,38,040,7,Santiago del Teide,Santa Cruz de Tenerife
38041,38,041,4,"Sauzal, El",Santa Cruz de Tenerife
38042,38,042,9,"Silos, Los",Santa Cruz de Tenerife
38043,38,043,5,Tacoronte,Santa Cruz de Tenerife
38044,38,044,0,"Tanque, El",Santa Cruz de Tenerife
38045,38,045,3,Tazacorte,Santa Cruz de Tenerife
38046,38,046,6,Tegueste,Santa Cruz de Tenerife
38047,38,047,2,Tijarafe,Santa Cruz de Tenerife
38049,38,049,1,Valle Gran Rey,Santa Cruz de Tenerife
38050,38,050,4,Vallehermoso,Santa Cruz de Tenerife
38048,38,048,8,Valverde,Santa Cruz de Tenerife
38051,38,051,1,"Victoria de Acentejo, La",Santa Cruz de Tenerife
38052,38,052,6,Vilaflor de Chasna,Santa Cruz de Tenerife
38053,38,053,2,Villa de Mazo,Santa Cruz de Tenerife
39001,39,001,5,Alfoz de Lloredo,Cantabria
39002,39,002,0,Ampuero,Cantabria
39003,39,003,6,Anievas,Cantabria
39004,39,004,1,Arenas de Iguña,Cantabria
39005,39,005,4,Argoños,Cantabria
39006,39,006,7,Arnuero,Cantabria
39007,39,007,3,Arredondo,Cantabria
39008,39,008,9,"Astillero, El",Cantabria
39009,39,009,2,Bárcena de Cicero,Cantabria
39010,39,010,6,Bárcena de Pie de Concha,Cantabria
39011,39,011,3,Bareyo,Cantabria
39012,39,012,8,Cabezón de la Sal,Cantabria
39013,39,013,4,Cabezón de Liébana,Cantabria
39014,39,014,9,Cabuérniga,Cantabria
39015,39,015,2,Camaleño,Cantabria
39016,39,016,5,Camargo,Cantabria
39027,39,027,9,Campoo de Enmedio,Cantabria
39017,39,017,1,Campoo de Yuso,Cantabria
39018,39,018,7,Cartes,Cantabria
39019,39,019,0,Castañeda,Cantabria
39020,39,020,4,Castro-Urdiales,Cantabria
39021,39,021,1,Cieza,Cantabria
39022,39,022,6,Cillorigo de Liébana,Cantabria
39023,39,023,2,Colindres,Cantabria
39024,39,024,7,Comillas,Cantabria
39025,39,025,0,"Corrales de Buelna, Los",Cantabria
39026,39,026,3,Corvera de Toranzo,Cantabria
39028,39,028,5,Entrambasaguas,Cantabria
39029,39,029,8,Escalante,Cantabria
39030,39,030,2,Guriezo,Cantabria
39031,39,031,9,Hazas de Cesto,Cantabria
39032,39,032,4,Hermandad de Campoo de Suso,Cantabria
39033,39,033,0,Herrerías,Cantabria
39034,39,034,5,Lamasón,Cantabria
39035,39,035,8,Laredo,Cantabria
39036,39,036,1,Liendo,Cantabria
39037,39,037,7,Liérganes,Cantabria
39038,39,038,3,Limpias,Cantabria
39039,39,039,6,Luena,Cantabria
39040,39,040,0,Marina de Cudeyo,Cantabria
39041,39,041,7,Mazcuerras,Cantabria
39042,39,042,2,Medio Cudeyo,Cantabria
39043,39,043,8,Meruelo,Cantabria
39044,39,044,3,Miengo,Cantabria
39045,39,045,6,Miera,Cantabria
39046,39,046,9,Molledo,Cantabria
39047,39,047,5,Noja,Cantabria
39048,39,048,1,Penagos,Cantabria
39049,39,049,4,Peñarrubia,Cantabria
39050,39,050,7,Pesaguero,Cantabria
39051,39,051,4,Pesquera,Cantabria
39052,39,052,9,Piélagos,Cantabria
39053,39,053,5,Polaciones,Cantabria
39054,39,054,0,Polanco,Cantabria
39055,39,055,3,Potes,Cantabria
39056,39,056,6,Puente Viesgo,Cantabria
39057,39,057,2,Ramales de la Victoria,Cantabria
39058,39,058,8,Rasines,Cantabria
39059,39,059,1,Reinosa,Cantabria
39060,39,060,5,Reocín,Cantabria
39061,39,061,2,Ribamontán al Mar,Cantabria
39062,39,062,7,Ribamontán al Monte,Cantabria
39063,39,063,3,Rionansa,Cantabria
39064,39,064,8,Riotuerto,Cantabria
39065,39,065,1,"Rozas de Valdearroyo, Las",Cantabria
39066,39,066,4,Ruente,Cantabria
39067,39,067,0,Ruesga,Cantabria
39068,39,068,6,Ruiloba,Cantabria
39069,39,069,9,San Felices de Buelna,Cantabria
39070,39,070,3,San Miguel de Aguayo,Cantabria
39071,39,071,0,San Pedro del Romeral,Cantabria
39072,39,072,5,San Roque de Riomiera,Cantabria
39080,39,080,1,San Vicente de la Barquera,Cantabria
39073,39,073,1,Santa Cruz de Bezana,Cantabria
39074,39,074,6,Santa María de Cayón,Cantabria
39075,39,075,9,Santander,Cantabria
39076,39,076,2,Santillana del Mar,Cantabria
39077,39,077,8,Santiurde de Reinosa,Cantabria
39078,39,078,4,Santiurde de Toranzo,Cantabria
39079,39,079,7,Santoña,Cantabria
39081,39,081,8,Saro,Cantabria
39082,39,082,3,Selaya,Cantabria
39083,39,083,9,Soba,Cantabria
39084,39,084,4,Solórzano,Cantabria
39085,39,085,7,Suances,Cantabria
39086,39,086,0,"Tojos, Los",Cantabria
39087,39,087,6,Torrelavega,Cantabria
39088,39,088,2,Tresviso,Cantabria
39089,39,089,5,Tudanca,Cantabria
39090,39,090,9,Udías,Cantabria
39095,39,095,5,Val de San Vicente,Cantabria
39091,39,091,6,Valdáliga,Cantabria
39092,39,092,1,Valdeolea,Cantabria
39093,39,093,7,Valdeprado del Río,Cantabria
39094,39,094,2,Valderredible,Cantabria
39101,39,101,4,Valle de Villaverde,Cantabria
39096,39,096,8,Vega de Liébana,Cantabria
39097,39,097,4,Vega de Pas,Cantabria
39098,39,098,0,Villacarriedo,Cantabria
39099,39,099,3,Villaescusa,Cantabria
39100,39,100,7,Villafufre,Cantabria
39102,39,102,9,Voto,Cantabria
40001,40,001,9,Abades,Segovia
40002,40,002,4,Adrada de Pirón,Segovia
40003,40,003,0,Adrados,Segovia
40004,40,004,5,Aguilafuente,Segovia
40005,40,005,8,Alconada de Maderuelo,Segovia
40012,40,012,2,Aldea Real,Segovia
40006,40,006,1,Aldealcorvo,Segovia
40007,40,007,7,Aldealengua de Pedraza,Segovia
40008,40,008,3,Aldealengua de Santa María,Segovia
40009,40,009,6,Aldeanueva de la Serrezuela,Segovia
40010,40,010,0,Aldeanueva del Codonal,Segovia
40013,40,013,8,Aldeasoña,Segovia
40014,40,014,3,Aldehorno,Segovia
40015,40,015,6,Aldehuela del Codonal,Segovia
40016,40,016,9,Aldeonte,Segovia
40017,40,017,5,Anaya,Segovia
40018,40,018,1,Añe,Segovia
40019,40,019,4,Arahuetes,Segovia
40020,40,020,8,Arcones,Segovia
40021,40,021,5,Arevalillo de Cega,Segovia
40022,40,022,0,Armuña,Segovia
40024,40,024,1,Ayllón,Segovia
40025,40,025,4,Barbolla,Segovia
40026,40,026,7,Basardilla,Segovia
40028,40,028,9,Bercial,Segovia
40029,40,029,2,Bercimuel,Segovia
40030,40,030,6,Bernardos,Segovia
40031,40,031,3,Bernuy de Porreros,Segovia
40032,40,032,8,Boceguillas,Segovia
40033,40,033,4,Brieva,Segovia
40034,40,034,9,Caballar,Segovia
40035,40,035,2,Cabañas de Polendos,Segovia
40036,40,036,5,Cabezuela,Segovia
40037,40,037,1,Calabazas de Fuentidueña,Segovia
40039,40,039,0,Campo de San Pedro,Segovia
40040,40,040,4,Cantalejo,Segovia
40041,40,041,1,Cantimpalos,Segovia
40161,40,161,5,Carabias,Segovia
40043,40,043,2,Carbonero el Mayor,Segovia
40044,40,044,7,Carrascal del Río,Segovia
40045,40,045,0,Casla,Segovia
40046,40,046,3,Castillejo de Mesleón,Segovia
40047,40,047,9,Castro de Fuentidueña,Segovia
40048,40,048,5,Castrojimeno,Segovia
40049,40,049,8,Castroserna de Abajo,Segovia
40051,40,051,8,Castroserracín,Segovia
40052,40,052,3,Cedillo de la Torre,Segovia
40053,40,053,9,Cerezo de Abajo,Segovia
40054,40,054,4,Cerezo de Arriba,Segovia
40065,40,065,5,Chañe,Segovia
40055,40,055,7,Cilleruelo de San Mamés,Segovia
40056,40,056,0,Cobos de Fuentidueña,Segovia
40057,40,057,6,Coca,Segovia
40058,40,058,2,Codorniz,Segovia
40059,40,059,5,Collado Hermoso,Segovia
40060,40,060,9,Condado de Castilnovo,Segovia
40061,40,061,6,Corral de Ayllón,Segovia
40902,40,902,5,Cozuelos de Fuentidueña,Segovia
40062,40,062,1,Cubillo,Segovia
40063,40,063,7,Cuéllar,Segovia
40905,40,905,9,Cuevas de Provanco,Segovia
40068,40,068,0,Domingo García,Segovia
40069,40,069,3,Donhierro,Segovia
40070,40,070,7,Duruelo,Segovia
40071,40,071,4,Encinas,Segovia
40072,40,072,9,Encinillas,Segovia
40073,40,073,5,Escalona del Prado,Segovia
40074,40,074,0,Escarabajosa de Cabezas,Segovia
40075,40,075,3,Escobar de Polendos,Segovia
40076,40,076,6,"Espinar, El",Segovia
40077,40,077,2,Espirdo,Segovia
40078,40,078,8,Fresneda de Cuéllar,Segovia
40079,40,079,1,Fresno de Cantespino,Segovia
40080,40,080,5,Fresno de la Fuente,Segovia
40081,40,081,2,Frumales,Segovia
40082,40,082,7,Fuente de Santa Cruz,Segovia
40083,40,083,3,Fuente el Olmo de Fuentidueña,Segovia
40084,40,084,8,Fuente el Olmo de Íscar,Segovia
40086,40,086,4,Fuentepelayo,Segovia
40087,40,087,0,Fuentepiñel,Segovia
40088,40,088,6,Fuenterrebollo,Segovia
40089,40,089,9,Fuentesaúco de Fuentidueña,Segovia
40091,40,091,0,Fuentesoto,Segovia
40092,40,092,5,Fuentidueña,Segovia
40093,40,093,1,Gallegos,Segovia
40094,40,094,6,Garcillán,Segovia
40095,40,095,9,Gomezserracín,Segovia
40097,40,097,8,Grajera,Segovia
40099,40,099,7,Honrubia de la Cuesta,Segovia
40100,40,100,1,Hontalbilla,Segovia
40101,40,101,8,Hontanares de Eresma,Segovia
40103,40,103,9,"Huertos, Los",Segovia
40104,40,104,4,Ituero y Lama,Segovia
40105,40,105,7,Juarros de Riomoros,Segovia
40106,40,106,0,Juarros de Voltoya,Segovia
40107,40,107,6,Labajos,Segovia
40108,40,108,2,Laguna de Contreras,Segovia
40109,40,109,5,Languilla,Segovia
40110,40,110,9,Lastras de Cuéllar,Segovia
40111,40,111,6,Lastras del Pozo,Segovia
40112,40,112,1,"Lastrilla, La",Segovia
40113,40,113,7,"Losa, La",Segovia
40115,40,115,5,Maderuelo,Segovia
40903,40,903,1,Marazoleja,Segovia
40118,40,118,0,Marazuela,Segovia
40119,40,119,3,Martín Miguel,Segovia
40120,40,120,7,Martín Muñoz de la Dehesa,Segovia
40121,40,121,4,Martín Muñoz de las Posadas,Segovia
40122,40,122,9,Marugán,Segovia
40124,40,124,0,Mata de Cuéllar,Segovia
40123,40,123,5,Matabuena,Segovia
40125,40,125,3,"Matilla, La",Segovia
40126,40,126,6,Melque de Cercos,Segovia
40127,40,127,2,Membibre de la Hoz,Segovia
40128,40,128,8,Migueláñez,Segovia
40129,40,129,1,Montejo de Arévalo,Segovia
40130,40,130,5,Montejo de la Vega de la Serrezuela,Segovia
40131,40,131,2,Monterrubio,Segovia
40132,40,132,7,Moral de Hornuez,Segovia
40134,40,134,8,Mozoncillo,Segovia
40135,40,135,1,Muñopedro,Segovia
40136,40,136,4,Muñoveros,Segovia
40138,40,138,6,Nava de la Asunción,Segovia
40139,40,139,9,Navafría,Segovia
40140,40,140,3,Navalilla,Segovia
40141,40,141,0,Navalmanzano,Segovia
40142,40,142,5,Navares de Ayuso,Segovia
40143,40,143,1,Navares de Enmedio,Segovia
40144,40,144,6,Navares de las Cuevas,Segovia
40145,40,145,9,Navas de Oro,Segovia
40904,40,904,6,Navas de Riofrío,Segovia
40146,40,146,2,Navas de San Antonio,Segovia
40148,40,148,4,Nieva,Segovia
40149,40,149,7,Olombrada,Segovia
40150,40,150,0,Orejana,Segovia
40151,40,151,7,Ortigosa de Pestaño,Segovia
40901,40,901,0,Ortigosa del Monte,Segovia
40152,40,152,2,Otero de Herreros,Segovia
40154,40,154,3,Pajarejos,Segovia
40155,40,155,6,Palazuelos de Eresma,Segovia
40156,40,156,9,Pedraza,Segovia
40157,40,157,5,Pelayos del Arroyo,Segovia
40158,40,158,1,Perosillo,Segovia
40159,40,159,4,Pinarejos,Segovia
40160,40,160,8,Pinarnegrillo,Segovia
40162,40,162,0,Prádena,Segovia
40163,40,163,6,Puebla de Pedraza,Segovia
40164,40,164,1,Rapariegos,Segovia
40181,40,181,1,Real Sitio de San Ildefonso,Segovia
40165,40,165,4,Rebollo,Segovia
40166,40,166,7,Remondo,Segovia
40168,40,168,9,Riaguas de San Bartolomé,Segovia
40170,40,170,6,Riaza,Segovia
40171,40,171,3,Ribota,Segovia
40172,40,172,8,Riofrío de Riaza,Segovia
40173,40,173,4,Roda de Eresma,Segovia
40174,40,174,9,Sacramenia,Segovia
40176,40,176,5,Samboal,Segovia
40177,40,177,1,San Cristóbal de Cuéllar,Segovia
40178,40,178,7,San Cristóbal de la Vega,Segovia
40906,40,906,2,San Cristóbal de Segovia,Segovia
40182,40,182,6,San Martín y Mudrián,Segovia
40183,40,183,2,San Miguel de Bernuy,Segovia
40184,40,184,7,San Pedro de Gaíllos,Segovia
40179,40,179,0,Sanchonuño,Segovia
40180,40,180,4,Sangarcía,Segovia
40185,40,185,0,Santa María la Real de Nieva,Segovia
40186,40,186,3,Santa Marta del Cerro,Segovia
40188,40,188,5,Santiuste de Pedraza,Segovia
40189,40,189,8,Santiuste de San Juan Bautista,Segovia
40190,40,190,2,Santo Domingo de Pirón,Segovia
40191,40,191,9,Santo Tomé del Puerto,Segovia
40192,40,192,4,Sauquillo de Cabezas,Segovia
40193,40,193,0,Sebúlcor,Segovia
40194,40,194,5,Segovia,Segovia
40195,40,195,8,Sepúlveda,Segovia
40196,40,196,1,Sequera de Fresno,Segovia
40198,40,198,3,Sotillo,Segovia
40199,40,199,6,Sotosalbos,Segovia
40200,40,200,0,Tabanera la Luenga,Segovia
40201,40,201,7,Tolocirio,Segovia
40206,40,206,9,Torre Val de San Pedro,Segovia
40202,40,202,2,Torreadrada,Segovia
40203,40,203,8,Torrecaballeros,Segovia
40204,40,204,3,Torrecilla del Pinar,Segovia
40205,40,205,6,Torreiglesias,Segovia
40207,40,207,5,Trescasas,Segovia
40208,40,208,1,Turégano,Segovia
40210,40,210,8,Urueñas,Segovia
40211,40,211,5,Valdeprados,Segovia
40212,40,212,0,Valdevacas de Montejo,Segovia
40213,40,213,6,Valdevacas y Guijar,Segovia
40218,40,218,9,Valle de Tabladillo,Segovia
40219,40,219,2,Vallelado,Segovia
40220,40,220,6,Valleruela de Pedraza,Segovia
40221,40,221,3,Valleruela de Sepúlveda,Segovia
40214,40,214,1,Valseca,Segovia
40215,40,215,4,Valtiendas,Segovia
40216,40,216,7,Valverde del Majano,Segovia
40222,40,222,8,Veganzones,Segovia
40223,40,223,4,Vegas de Matute,Segovia
40224,40,224,9,Ventosilla y Tejadilla,Segovia
40225,40,225,2,Villacastín,Segovia
40228,40,228,7,Villaverde de Íscar,Segovia
40229,40,229,0,Villaverde de Montejo,Segovia
40230,40,230,4,Villeguillo,Segovia
40231,40,231,1,Yanguas de Eresma,Segovia
40233,40,233,2,Zarzuela del Monte,Segovia
40234,40,234,7,Zarzuela del Pinar,Segovia
41001,41,001,6,Aguadulce,Sevilla
41002,41,002,1,Alanís,Sevilla
41003,41,003,7,Albaida del Aljarafe,Sevilla
41004,41,004,2,Alcalá de Guadaíra,Sevilla
41005,41,005,5,Alcalá del Río,Sevilla
41006,41,006,8,Alcolea del Río,Sevilla
41007,41,007,4,"Algaba, La",Sevilla
41008,41,008,0,Algámitas,Sevilla
41009,41,009,3,Almadén de la Plata,Sevilla
41010,41,010,7,Almensilla,Sevilla
41011,41,011,4,Arahal,Sevilla
41012,41,012,9,Aznalcázar,Sevilla
41013,41,013,5,Aznalcóllar,Sevilla
41014,41,014,0,Badolatosa,Sevilla
41015,41,015,3,Benacazón,Sevilla
41016,41,016,6,Bollullos de la Mitación,Sevilla
41017,41,017,2,Bormujos,Sevilla
41018,41,018,8,Brenes,Sevilla
41019,41,019,1,Burguillos,Sevilla
41020,41,020,5,"Cabezas de San Juan, Las",Sevilla
41021,41,021,2,Camas,Sevilla
41022,41,022,7,"Campana, La",Sevilla
41023,41,023,3,Cantillana,Sevilla
41901,41,901,7,Cañada Rosal,Sevilla
41024,41,024,8,Carmona,Sevilla
41025,41,025,1,Carrión de los Céspedes,Sevilla
41026,41,026,4,Casariche,Sevilla
41027,41,027,0,Castilblanco de los Arroyos,Sevilla
41028,41,028,6,Castilleja de Guzmán,Sevilla
41029,41,029,9,Castilleja de la Cuesta,Sevilla
41030,41,030,3,Castilleja del Campo,Sevilla
41031,41,031,0,"Castillo de las Guardas, El",Sevilla
41032,41,032,5,Cazalla de la Sierra,Sevilla
41033,41,033,1,Constantina,Sevilla
41034,41,034,6,Coria del Río,Sevilla
41035,41,035,9,Coripe,Sevilla
41036,41,036,2,"Coronil, El",Sevilla
41037,41,037,8,"Corrales, Los",Sevilla
41903,41,903,8,"Cuervo de Sevilla, El",Sevilla
41038,41,038,4,Dos Hermanas,Sevilla
41039,41,039,7,Écija,Sevilla
41040,41,040,1,Espartinas,Sevilla
41041,41,041,8,Estepa,Sevilla
41042,41,042,3,Fuentes de Andalucía,Sevilla
41043,41,043,9,"Garrobo, El",Sevilla
41044,41,044,4,Gelves,Sevilla
41045,41,045,7,Gerena,Sevilla
41046,41,046,0,Gilena,Sevilla
41047,41,047,6,Gines,Sevilla
41048,41,048,2,Guadalcanal,Sevilla
41049,41,049,5,Guillena,Sevilla
41050,41,050,8,Herrera,Sevilla
41051,41,051,5,Huévar del Aljarafe,Sevilla
41902,41,902,2,Isla Mayor,Sevilla
41052,41,052,0,Lantejuela,Sevilla
41053,41,053,6,Lebrija,Sevilla
41054,41,054,1,Lora de Estepa,Sevilla
41055,41,055,4,Lora del Río,Sevilla
41056,41,056,7,"Luisiana, La",Sevilla
41057,41,057,3,"Madroño, El",Sevilla
41058,41,058,9,Mairena del Alcor,Sevilla
41059,41,059,2,Mairena del Aljarafe,Sevilla
41060,41,060,6,Marchena,Sevilla
41061,41,061,3,Marinaleda,Sevilla
41062,41,062,8,Martín de la Jara,Sevilla
41063,41,063,4,"Molares, Los",Sevilla
41064,41,064,9,Montellano,Sevilla
41065,41,065,2,Morón de la Frontera,Sevilla
41066,41,066,5,"Navas de la Concepción, Las",Sevilla
41067,41,067,1,Olivares,Sevilla
41068,41,068,7,Osuna,Sevilla
41069,41,069,0,"Palacios y Villafranca, Los",Sevilla
41904,41,904,3,"Palmar de Troya, El",Sevilla
41070,41,070,4,Palomares del Río,Sevilla
41071,41,071,1,Paradas,Sevilla
41072,41,072,6,Pedrera,Sevilla
41073,41,073,2,"Pedroso, El",Sevilla
41074,41,074,7,Peñaflor,Sevilla
41075,41,075,0,Pilas,Sevilla
41076,41,076,3,Pruna,Sevilla
41077,41,077,9,"Puebla de Cazalla, La",Sevilla
41078,41,078,5,"Puebla de los Infantes, La",Sevilla
41079,41,079,8,"Puebla del Río, La",Sevilla
41080,41,080,2,"Real de la Jara, El",Sevilla
41081,41,081,9,"Rinconada, La",Sevilla
41082,41,082,4,"Roda de Andalucía, La",Sevilla
41083,41,083,0,"Ronquillo, El",Sevilla
41084,41,084,5,"Rubio, El",Sevilla
41085,41,085,8,Salteras,Sevilla
41086,41,086,1,San Juan de Aznalfarache,Sevilla
41088,41,088,3,San Nicolás del Puerto,Sevilla
41087,41,087,7,Sanlúcar la Mayor,Sevilla
41089,41,089,6,Santiponce,Sevilla
41090,41,090,0,"Saucejo, El",Sevilla
41091,41,091,7,Sevilla,Sevilla
41092,41,092,2,Tocina,Sevilla
41093,41,093,8,Tomares,Sevilla
41094,41,094,3,Umbrete,Sevilla
41095,41,095,6,Utrera,Sevilla
41096,41,096,9,Valencina de la Concepción,Sevilla
41097,41,097,5,Villamanrique de la Condesa,Sevilla
41100,41,100,8,Villanueva de San Juan,Sevilla
41098,41,098,1,Villanueva del Ariscal,Sevilla
41099,41,099,4,Villanueva del Río y Minas,Sevilla
41101,41,101,5,Villaverde del Río,Sevilla
41102,41,102,0,"Viso del Alcor, El",Sevilla
42001,42,001,1,Abejar,Soria
42003,42,003,2,Adradas,Soria
42004,42,004,7,Ágreda,Soria
42006,42,006,3,Alconaba,Soria
42007,42,007,9,Alcubilla de Avellaneda,Soria
42008,42,008,5,Alcubilla de las Peñas,Soria
42009,42,009,8,Aldealafuente,Soria
42010,42,010,2,Aldealices,Soria
42011,42,011,9,Aldealpozo,Soria
42012,42,012,4,Aldealseñor,Soria
42013,42,013,0,Aldehuela de Periáñez,Soria
42014,42,014,5,"Aldehuelas, Las",Soria
42015,42,015,8,Alentisque,Soria
42016,42,016,1,Aliud,Soria
42017,42,017,7,Almajano,Soria
42018,42,018,3,Almaluez,Soria
42019,42,019,6,Almarza,Soria
42020,42,020,0,Almazán,Soria
42021,42,021,7,Almazul,Soria
42022,42,022,2,Almenar de Soria,Soria
42023,42,023,8,Alpanseque,Soria
42024,42,024,3,Arancón,Soria
42025,42,025,6,Arcos de Jalón,Soria
42026,42,026,9,Arenillas,Soria
42027,42,027,5,Arévalo de la Sierra,Soria
42028,42,028,1,Ausejo de la Sierra,Soria
42029,42,029,4,Baraona,Soria
42030,42,030,8,Barca,Soria
42031,42,031,5,Barcones,Soria
42032,42,032,0,Bayubas de Abajo,Soria
42033,42,033,6,Bayubas de Arriba,Soria
42034,42,034,1,Beratón,Soria
42035,42,035,4,Berlanga de Duero,Soria
42036,42,036,7,Blacos,Soria
42037,42,037,3,Bliecos,Soria
42038,42,038,9,Borjabad,Soria
42039,42,039,2,Borobia,Soria
42041,42,041,3,Buberos,Soria
42042,42,042,8,Buitrago,Soria
42043,42,043,4,Burgo de Osma-Ciudad de Osma,Soria
42044,42,044,9,Cabrejas del Campo,Soria
42045,42,045,2,Cabrejas del Pinar,Soria
42046,42,046,5,Calatañazor,Soria
42048,42,048,7,Caltojar,Soria
42049,42,049,0,Candilichera,Soria
42050,42,050,3,Cañamaque,Soria
42051,42,051,0,Carabantes,Soria
42052,42,052,5,Caracena,Soria
42053,42,053,1,Carrascosa de Abajo,Soria
42054,42,054,6,Carrascosa de la Sierra,Soria
42055,42,055,9,Casarejos,Soria
42056,42,056,2,Castilfrío de la Sierra,Soria
42058,42,058,4,Castillejo de Robledo,Soria
42057,42,057,8,Castilruiz,Soria
42059,42,059,7,Centenera de Andaluz,Soria
42060,42,060,1,Cerbón,Soria
42061,42,061,8,Cidones,Soria
42062,42,062,3,Cigudosa,Soria
42063,42,063,9,Cihuela,Soria
42064,42,064,4,Ciria,Soria
42065,42,065,7,Cirujales del Río,Soria
42068,42,068,2,Coscurita,Soria
42069,42,069,5,Covaleda,Soria
42070,42,070,9,Cubilla,Soria
42071,42,071,6,Cubo de la Solana,Soria
42073,42,073,7,Cueva de Ágreda,Soria
42075,42,075,5,Dévanos,Soria
42076,42,076,8,Deza,Soria
42078,42,078,0,Duruelo de la Sierra,Soria
42079,42,079,3,Escobosa de Almazán,Soria
42080,42,080,7,Espeja de San Marcelino,Soria
42081,42,081,4,Espejón,Soria
42082,42,082,9,Estepa de San Juan,Soria
42083,42,083,5,Frechilla de Almazán,Soria
42084,42,084,0,Fresno de Caracena,Soria
42085,42,085,3,Fuentearmegil,Soria
42086,42,086,6,Fuentecambrón,Soria
42087,42,087,2,Fuentecantos,Soria
42088,42,088,8,Fuentelmonge,Soria
42089,42,089,1,Fuentelsaz de Soria,Soria
42090,42,090,5,Fuentepinilla,Soria
42092,42,092,7,Fuentes de Magaña,Soria
42093,42,093,3,Fuentestrún,Soria
42094,42,094,8,Garray,Soria
42095,42,095,1,Golmayo,Soria
42096,42,096,4,Gómara,Soria
42097,42,097,0,Gormaz,Soria
42098,42,098,6,Herrera de Soria,Soria
42100,42,100,3,Hinojosa del Campo,Soria
42103,42,103,1,Langa de Duero,Soria
42105,42,105,9,Liceras,Soria
42106,42,106,2,"Losilla, La",Soria
42107,42,107,8,Magaña,Soria
42108,42,108,4,Maján,Soria
42110,42,110,1,Matalebreras,Soria
42111,42,111,8,Matamala de Almazán,Soria
42113,42,113,9,Medinaceli,Soria
42115,42,115,7,Miño de Medinaceli,Soria
42116,42,116,0,Miño de San Esteban,Soria
42117,42,117,6,Molinos de Duero,Soria
42118,42,118,2,Momblona,Soria
42119,42,119,5,Monteagudo de las Vicarías,Soria
42120,42,120,9,Montejo de Tiermes,Soria
42121,42,121,6,Montenegro de Cameros,Soria
42123,42,123,7,Morón de Almazán,Soria
42124,42,124,2,Muriel de la Fuente,Soria
42125,42,125,5,Muriel Viejo,Soria
42127,42,127,4,Nafría de Ucero,Soria
42128,42,128,0,Narros,Soria
42129,42,129,3,Navaleno,Soria
42130,42,130,7,Nepas,Soria
42131,42,131,4,Nolay,Soria
42132,42,132,9,Noviercas,Soria
42134,42,134,0,Ólvega,Soria
42135,42,135,3,Oncala,Soria
42139,42,139,1,Pinilla del Campo,Soria
42140,42,140,5,Portillo de Soria,Soria
42141,42,141,2,"Póveda de Soria, La",Soria
42142,42,142,7,Pozalmuro,Soria
42144,42,144,8,Quintana Redonda,Soria
42145,42,145,1,Quintanas de Gormaz,Soria
42148,42,148,6,Quiñonería,Soria
42149,42,149,9,"Rábanos, Los",Soria
42151,42,151,9,Rebollar,Soria
42152,42,152,4,Recuerda,Soria
42153,42,153,0,Rello,Soria
42154,42,154,5,Renieblas,Soria
42155,42,155,8,Retortillo de Soria,Soria
42156,42,156,1,Reznos,Soria
42157,42,157,7,"Riba de Escalote, La",Soria
42158,42,158,3,Rioseco de Soria,Soria
42159,42,159,6,Rollamienta,Soria
42160,42,160,0,"Royo, El",Soria
42161,42,161,7,Salduero,Soria
42162,42,162,2,San Esteban de Gormaz,Soria
42163,42,163,8,San Felices,Soria
42164,42,164,3,San Leonardo de Yagüe,Soria
42165,42,165,6,San Pedro Manrique,Soria
42166,42,166,9,Santa Cruz de Yanguas,Soria
42167,42,167,5,Santa María de Huerta,Soria
42168,42,168,1,Santa María de las Hoyas,Soria
42171,42,171,5,Serón de Nágima,Soria
42172,42,172,0,Soliedra,Soria
42173,42,173,6,Soria,Soria
42174,42,174,1,Sotillo del Rincón,Soria
42175,42,175,4,Suellacabras,Soria
42176,42,176,7,Tajahuerce,Soria
42177,42,177,3,Tajueco,Soria
42178,42,178,9,Talveila,Soria
42181,42,181,3,Tardelcuende,Soria
42182,42,182,8,Taroda,Soria
42183,42,183,4,Tejado,Soria
42184,42,184,9,Torlengua,Soria
42185,42,185,2,Torreblacos,Soria
42187,42,187,1,Torrubia de Soria,Soria
42188,42,188,7,Trévago,Soria
42189,42,189,0,Ucero,Soria
42190,42,190,4,Vadillo,Soria
42191,42,191,1,Valdeavellano de Tera,Soria
42192,42,192,6,Valdegeña,Soria
42193,42,193,2,Valdelagua del Cerro,Soria
42194,42,194,7,Valdemaluque,Soria
42195,42,195,0,Valdenebro,Soria
42196,42,196,3,Valdeprado,Soria
42197,42,197,9,Valderrodilla,Soria
42198,42,198,5,Valtajeros,Soria
42200,42,200,2,Velamazán,Soria
42201,42,201,9,Velilla de la Sierra,Soria
42202,42,202,4,Velilla de los Ajos,Soria
42204,42,204,5,Viana de Duero,Soria
42205,42,205,8,Villaciervos,Soria
42206,42,206,1,Villanueva de Gormaz,Soria
42207,42,207,7,Villar del Ala,Soria
42208,42,208,3,Villar del Campo,Soria
42209,42,209,6,Villar del Río,Soria
42211,42,211,7,"Villares de Soria, Los",Soria
42212,42,212,2,Villasayas,Soria
42213,42,213,8,Villaseca de Arciel,Soria
42215,42,215,6,Vinuesa,Soria
42216,42,216,9,Vizmanos,Soria
42217,42,217,5,Vozmediano,Soria
42218,42,218,1,Yanguas,Soria
42219,42,219,4,Yelo,Soria
43001,43,001,7,Aiguamúrcia,Tarragona
43002,43,002,2,Albinyana,Tarragona
43003,43,003,8,"Albiol, L'",Tarragona
43004,43,004,3,Alcanar,Tarragona
43005,43,005,6,Alcover,Tarragona
43904,43,904,4,"Aldea, L'",Tarragona
43006,43,006,9,Aldover,Tarragona
43007,43,007,5,"Aleixar, L'",Tarragona
43008,43,008,1,Alfara de Carles,Tarragona
43009,43,009,4,Alforja,Tarragona
43010,43,010,8,Alió,Tarragona
43011,43,011,5,Almoster,Tarragona
43012,43,012,0,Altafulla,Tarragona
43013,43,013,6,"Ametlla de Mar, L'",Tarragona
43906,43,906,0,"Ampolla, L'",Tarragona
43014,43,014,1,Amposta,Tarragona
43016,43,016,7,"Arboç, L'",Tarragona
43015,43,015,4,Arbolí,Tarragona
43017,43,017,3,"Argentera, L'",Tarragona
43018,43,018,9,Arnes,Tarragona
43019,43,019,2,Ascó,Tarragona
43020,43,020,6,Banyeres del Penedès,Tarragona
43021,43,021,3,Barberà de la Conca,Tarragona
43022,43,022,8,Batea,Tarragona
43023,43,023,4,Bellmunt del Priorat,Tarragona
43024,43,024,9,Bellvei,Tarragona
43025,43,025,2,Benifallet,Tarragona
43026,43,026,5,Benissanet,Tarragona
43027,43,027,1,"Bisbal de Montsant, La",Tarragona
43028,43,028,7,"Bisbal del Penedès, La",Tarragona
43029,43,029,0,Blancafort,Tarragona
43030,43,030,4,Bonastre,Tarragona
43031,43,031,1,"Borges del Camp, Les",Tarragona
43032,43,032,6,Bot,Tarragona
43033,43,033,2,Botarell,Tarragona
43034,43,034,7,Bràfim,Tarragona
43035,43,035,0,Cabacés,Tarragona
43036,43,036,3,Cabra del Camp,Tarragona
43037,43,037,9,Calafell,Tarragona
43903,43,903,9,Camarles,Tarragona
43038,43,038,5,Cambrils,Tarragona
43907,43,907,6,"Canonja, La",Tarragona
43039,43,039,8,Capafonts,Tarragona
43040,43,040,2,Capçanes,Tarragona
43041,43,041,9,Caseres,Tarragona
43042,43,042,4,Castellvell del Camp,Tarragona
43043,43,043,0,"Catllar, El",Tarragona
43045,43,045,8,Colldejou,Tarragona
43046,43,046,1,Conesa,Tarragona
43047,43,047,7,Constantí,Tarragona
43048,43,048,3,Corbera d'Ebre,Tarragona
43049,43,049,6,Cornudella de Montsant,Tarragona
43050,43,050,9,Creixell,Tarragona
43051,43,051,6,Cunit,Tarragona
43901,43,901,8,Deltebre,Tarragona
43053,43,053,7,Duesaigües,Tarragona
43054,43,054,2,"Espluga de Francolí, L'",Tarragona
43055,43,055,5,Falset,Tarragona
43056,43,056,8,"Fatarella, La",Tarragona
43057,43,057,4,"Febró, La",Tarragona
43058,43,058,0,"Figuera, La",Tarragona
43059,43,059,3,Figuerola del Camp,Tarragona
43060,43,060,7,Flix,Tarragona
43061,43,061,4,Forès,Tarragona
43062,43,062,9,Freginals,Tarragona
43063,43,063,5,"Galera, La",Tarragona
43064,43,064,0,Gandesa,Tarragona
43065,43,065,3,Garcia,Tarragona
43066,43,066,6,"Garidells, Els",Tarragona
43067,43,067,2,Ginestar,Tarragona
43068,43,068,8,Godall,Tarragona
43069,43,069,1,Gratallops,Tarragona
43070,43,070,5,"Guiamets, Els",Tarragona
43071,43,071,2,Horta de Sant Joan,Tarragona
43072,43,072,7,"Lloar, El",Tarragona
43073,43,073,3,Llorac,Tarragona
43074,43,074,8,Llorenç del Penedès,Tarragona
43076,43,076,4,Marçà,Tarragona
43075,43,075,1,Margalef,Tarragona
43077,43,077,0,Mas de Barberans,Tarragona
43078,43,078,6,Masdenverge,Tarragona
43079,43,079,9,Masllorenç,Tarragona
43080,43,080,3,"Masó, La",Tarragona
43081,43,081,0,Maspujols,Tarragona
43082,43,082,5,"Masroig, El",Tarragona
43083,43,083,1,"Milà, El",Tarragona
43084,43,084,6,Miravet,Tarragona
43085,43,085,9,"Molar, El",Tarragona
43086,43,086,2,Montblanc,Tarragona
43088,43,088,4,Montbrió del Camp,Tarragona
43089,43,089,7,Montferri,Tarragona
43090,43,090,1,"Montmell, El",Tarragona
43091,43,091,8,Mont-ral,Tarragona
43092,43,092,3,Mont-roig del Camp,Tarragona
43093,43,093,9,Móra d'Ebre,Tarragona
43094,43,094,4,Móra la Nova,Tarragona
43095,43,095,7,"Morell, El",Tarragona
43096,43,096,0,"Morera de Montsant, La",Tarragona
43097,43,097,6,"Nou de Gaià, La",Tarragona
43098,43,098,2,Nulles,Tarragona
43100,43,100,9,"Pallaresos, Els",Tarragona
43099,43,099,5,"Palma d'Ebre, La",Tarragona
43101,43,101,6,Passanant i Belltall,Tarragona
43102,43,102,1,Paüls,Tarragona
43103,43,103,7,Perafort,Tarragona
43104,43,104,2,"Perelló, El",Tarragona
43105,43,105,5,"Piles, Les",Tarragona
43106,43,106,8,"Pinell de Brai, El",Tarragona
43107,43,107,4,Pira,Tarragona
43108,43,108,0,"Pla de Santa Maria, El",Tarragona
43109,43,109,3,"Pobla de Mafumet, La",Tarragona
43110,43,110,7,"Pobla de Massaluca, La",Tarragona
43111,43,111,4,"Pobla de Montornès, La",Tarragona
43112,43,112,9,Poboleda,Tarragona
43113,43,113,5,"Pont d'Armentera, El",Tarragona
43141,43,141,8,Pontils,Tarragona
43114,43,114,0,Porrera,Tarragona
43115,43,115,3,Pradell de la Teixeta,Tarragona
43116,43,116,6,Prades,Tarragona
43117,43,117,2,Prat de Comte,Tarragona
43118,43,118,8,Pratdip,Tarragona
43119,43,119,1,Puigpelat,Tarragona
43120,43,120,5,Querol,Tarragona
43136,43,136,2,"Ràpita, La",Tarragona
43121,43,121,2,Rasquera,Tarragona
43122,43,122,7,Renau,Tarragona
43123,43,123,3,Reus,Tarragona
43124,43,124,8,"Riba, La",Tarragona
43125,43,125,1,Riba-roja d'Ebre,Tarragona
43126,43,126,4,"Riera de Gaià, La",Tarragona
43127,43,127,0,Riudecanyes,Tarragona
43128,43,128,6,Riudecols,Tarragona
43129,43,129,9,Riudoms,Tarragona
43130,43,130,3,Rocafort de Queralt,Tarragona
43131,43,131,0,Roda de Berà,Tarragona
43132,43,132,5,Rodonyà,Tarragona
43133,43,133,1,Roquetes,Tarragona
43134,43,134,6,"Rourell, El",Tarragona
43135,43,135,9,Salomó,Tarragona
43905,43,905,7,Salou,Tarragona
43137,43,137,8,Sant Jaume dels Domenys,Tarragona
43902,43,902,3,Sant Jaume d'Enveja,Tarragona
43138,43,138,4,Santa Bàrbara,Tarragona
43139,43,139,7,Santa Coloma de Queralt,Tarragona
43140,43,140,1,Santa Oliva,Tarragona
43142,43,142,3,Sarral,Tarragona
43143,43,143,9,Savallà del Comtat,Tarragona
43144,43,144,4,"Secuita, La",Tarragona
43145,43,145,7,"Selva del Camp, La",Tarragona
43146,43,146,0,Senan,Tarragona
43044,43,044,5,"Sénia, La",Tarragona
43147,43,147,6,Solivella,Tarragona
43148,43,148,2,Tarragona,Tarragona
43149,43,149,5,Tivenys,Tarragona
43150,43,150,8,Tivissa,Tarragona
43151,43,151,5,"Torre de Fontaubella, La",Tarragona
43152,43,152,0,"Torre de l'Espanyol, La",Tarragona
43153,43,153,6,Torredembarra,Tarragona
43154,43,154,1,Torroja del Priorat,Tarragona
43155,43,155,4,Tortosa,Tarragona
43156,43,156,7,Ulldecona,Tarragona
43157,43,157,3,Ulldemolins,Tarragona
43158,43,158,9,Vallclara,Tarragona
43159,43,159,2,Vallfogona de Riucorb,Tarragona
43160,43,160,6,Vallmoll,Tarragona
43161,43,161,3,Valls,Tarragona
43162,43,162,8,Vandellòs i l'Hospitalet de l'Infant,Tarragona
43163,43,163,4,"Vendrell, El",Tarragona
43164,43,164,9,Vespella de Gaià,Tarragona
43165,43,165,2,Vilabella,Tarragona
43175,43,175,0,Vilalba dels Arcs,Tarragona
43166,43,166,5,Vilallonga del Camp,Tarragona
43168,43,168,7,Vilanova de Prades,Tarragona
43167,43,167,1,Vilanova d'Escornalbou,Tarragona
43169,43,169,0,Vilaplana,Tarragona
43170,43,170,4,Vila-rodona,Tarragona
43171,43,171,1,Vila-seca,Tarragona
43172,43,172,6,Vilaverd,Tarragona
43173,43,173,2,"Vilella Alta, La",Tarragona
43174,43,174,7,"Vilella Baixa, La",Tarragona
43176,43,176,3,Vimbodí i Poblet,Tarragona
43177,43,177,9,Vinebre,Tarragona
43178,43,178,5,Vinyols i els Arcs,Tarragona
43052,43,052,1,Xerta,Tarragona
44001,44,001,2,Ababuj,Teruel
44002,44,002,7,Abejuela,Teruel
44003,44,003,3,Aguatón,Teruel
44004,44,004,8,Aguaviva,Teruel
44005,44,005,1,Aguilar del Alfambra,Teruel
44006,44,006,4,Alacón,Teruel
44007,44,007,0,Alba,Teruel
44008,44,008,6,Albalate del Arzobispo,Teruel
44009,44,009,9,Albarracín,Teruel
44010,44,010,3,Albentosa,Teruel
44011,44,011,0,Alcaine,Teruel
44012,44,012,5,Alcalá de la Selva,Teruel
44013,44,013,1,Alcañiz,Teruel
44014,44,014,6,Alcorisa,Teruel
44016,44,016,2,Alfambra,Teruel
44017,44,017,8,Aliaga,Teruel
44021,44,021,8,Allepuz,Teruel
44022,44,022,3,Alloza,Teruel
44023,44,023,9,Allueva,Teruel
44018,44,018,4,Almohaja,Teruel
44019,44,019,7,Alobras,Teruel
44020,44,020,1,Alpeñés,Teruel
44024,44,024,4,Anadón,Teruel
44025,44,025,7,Andorra,Teruel
44026,44,026,0,Arcos de las Salinas,Teruel
44027,44,027,6,Arens de Lledó,Teruel
44028,44,028,2,Argente,Teruel
44029,44,029,5,Ariño,Teruel
44031,44,031,6,Azaila,Teruel
44032,44,032,1,Bádenas,Teruel
44033,44,033,7,Báguena,Teruel
44034,44,034,2,Bañón,Teruel
44035,44,035,5,Barrachina,Teruel
44036,44,036,8,Bea,Teruel
44037,44,037,4,Beceite,Teruel
44039,44,039,3,Bello,Teruel
44038,44,038,0,Belmonte de San José,Teruel
44040,44,040,7,Berge,Teruel
44041,44,041,4,Bezas,Teruel
44042,44,042,9,Blancas,Teruel
44043,44,043,5,Blesa,Teruel
44044,44,044,0,Bordón,Teruel
44045,44,045,3,Bronchales,Teruel
44046,44,046,6,Bueña,Teruel
44047,44,047,2,Burbáguena,Teruel
44048,44,048,8,Cabra de Mora,Teruel
44049,44,049,1,Calaceite,Teruel
44050,44,050,4,Calamocha,Teruel
44051,44,051,1,Calanda,Teruel
44052,44,052,6,Calomarde,Teruel
44053,44,053,2,Camañas,Teruel
44054,44,054,7,Camarena de la Sierra,Teruel
44055,44,055,0,Camarillas,Teruel
44056,44,056,3,Caminreal,Teruel
44059,44,059,8,Cantavieja,Teruel
44060,44,060,2,Cañada de Benatanduz,Teruel
44061,44,061,9,"Cañada de Verich, La",Teruel
44062,44,062,4,Cañada Vellida,Teruel
44063,44,063,0,Cañizar del Olivar,Teruel
44064,44,064,5,Cascante del Río,Teruel
44065,44,065,8,Castejón de Tornos,Teruel
44066,44,066,1,Castel de Cabra,Teruel
44070,44,070,0,"Castellar, El",Teruel
44071,44,071,7,Castellote,Teruel
44067,44,067,7,Castelnou,Teruel
44068,44,068,3,Castelserás,Teruel
44074,44,074,3,Cedrillas,Teruel
44075,44,075,6,Celadas,Teruel
44076,44,076,9,Cella,Teruel
44077,44,077,5,"Cerollera, La",Teruel
44080,44,080,8,"Codoñera, La",Teruel
44082,44,082,0,Corbalán,Teruel
44084,44,084,1,Cortes de Aragón,Teruel
44085,44,085,4,Cosa,Teruel
44086,44,086,7,Cretas,Teruel
44087,44,087,3,Crivillén,Teruel
44088,44,088,9,"Cuba, La",Teruel
44089,44,089,2,Cubla,Teruel
44090,44,090,6,Cucalón,Teruel
44092,44,092,8,"Cuervo, El",Teruel
44093,44,093,4,Cuevas de Almudén,Teruel
44094,44,094,9,Cuevas Labradas,Teruel
44096,44,096,5,Ejulve,Teruel
44097,44,097,1,Escorihuela,Teruel
44099,44,099,0,Escucha,Teruel
44100,44,100,4,Estercuel,Teruel
44101,44,101,1,Ferreruela de Huerva,Teruel
44102,44,102,6,Fonfría,Teruel
44103,44,103,2,Formiche Alto,Teruel
44105,44,105,0,Fórnoles,Teruel
44106,44,106,3,Fortanete,Teruel
44107,44,107,9,Foz-Calanda,Teruel
44108,44,108,5,"Fresneda, La",Teruel
44109,44,109,8,Frías de Albarracín,Teruel
44110,44,110,2,Fuenferrada,Teruel
44111,44,111,9,Fuentes Calientes,Teruel
44112,44,112,4,Fuentes Claras,Teruel
44113,44,113,0,Fuentes de Rubielos,Teruel
44114,44,114,5,Fuentespalda,Teruel
44115,44,115,8,Galve,Teruel
44116,44,116,1,Gargallo,Teruel
44117,44,117,7,Gea de Albarracín,Teruel
44118,44,118,3,"Ginebrosa, La",Teruel
44119,44,119,6,Griegos,Teruel
44120,44,120,0,Guadalaviar,Teruel
44121,44,121,7,Gúdar,Teruel
44122,44,122,2,Híjar,Teruel
44123,44,123,8,Hinojosa de Jarque,Teruel
44124,44,124,3,"Hoz de la Vieja, La",Teruel
44125,44,125,6,Huesa del Común,Teruel
44126,44,126,9,"Iglesuela del Cid, La",Teruel
44127,44,127,5,Jabaloyas,Teruel
44128,44,128,1,Jarque de la Val,Teruel
44129,44,129,4,Jatiel,Teruel
44130,44,130,8,Jorcas,Teruel
44131,44,131,5,Josa,Teruel
44132,44,132,0,Lagueruela,Teruel
44133,44,133,6,Lanzuela,Teruel
44135,44,135,4,Libros,Teruel
44136,44,136,7,Lidón,Teruel
44137,44,137,3,Linares de Mora,Teruel
44141,44,141,3,Lledó,Teruel
44138,44,138,9,Loscos,Teruel
44142,44,142,8,Maicas,Teruel
44143,44,143,4,Manzanera,Teruel
44144,44,144,9,Martín del Río,Teruel
44145,44,145,2,Mas de las Matas,Teruel
44146,44,146,5,"Mata de los Olmos, La",Teruel
44147,44,147,1,Mazaleón,Teruel
44148,44,148,7,Mezquita de Jarque,Teruel
44149,44,149,0,Mirambel,Teruel
44150,44,150,3,Miravete de la Sierra,Teruel
44151,44,151,0,Molinos,Teruel
44152,44,152,5,Monforte de Moyuela,Teruel
44153,44,153,1,Monreal del Campo,Teruel
44154,44,154,6,Monroyo,Teruel
44155,44,155,9,Montalbán,Teruel
44156,44,156,2,Monteagudo del Castillo,Teruel
44157,44,157,8,Monterde de Albarracín,Teruel
44158,44,158,4,Mora de Rubielos,Teruel
44159,44,159,7,Moscardón,Teruel
44160,44,160,1,Mosqueruela,Teruel
44161,44,161,8,Muniesa,Teruel
44163,44,163,9,Noguera de Albarracín,Teruel
44164,44,164,4,Nogueras,Teruel
44165,44,165,7,Nogueruelas,Teruel
44167,44,167,6,Obón,Teruel
44168,44,168,2,Odón,Teruel
44169,44,169,5,Ojos Negros,Teruel
44171,44,171,6,Olba,Teruel
44172,44,172,1,Oliete,Teruel
44173,44,173,7,"Olmos, Los",Teruel
44174,44,174,2,Orihuela del Tremedal,Teruel
44175,44,175,5,Orrios,Teruel
44176,44,176,8,Palomar de Arroyos,Teruel
44177,44,177,4,Pancrudo,Teruel
44178,44,178,0,"Parras de Castellote, Las",Teruel
44179,44,179,3,Peñarroya de Tastavins,Teruel
44180,44,180,7,Peracense,Teruel
44181,44,181,4,Peralejos,Teruel
44182,44,182,9,Perales del Alfambra,Teruel
44183,44,183,5,Pitarque,Teruel
44184,44,184,0,Plou,Teruel
44185,44,185,3,"Pobo, El",Teruel
44187,44,187,2,"Portellada, La",Teruel
44189,44,189,1,Pozondón,Teruel
44190,44,190,5,Pozuel del Campo,Teruel
44191,44,191,2,"Puebla de Híjar, La",Teruel
44192,44,192,7,"Puebla de Valverde, La",Teruel
44193,44,193,3,Puertomingalvo,Teruel
44194,44,194,8,Ráfales,Teruel
44195,44,195,1,Rillo,Teruel
44196,44,196,4,Riodeva,Teruel
44197,44,197,0,Ródenas,Teruel
44198,44,198,6,Royuela,Teruel
44199,44,199,9,Rubiales,Teruel
44200,44,200,3,Rubielos de la Cérida,Teruel
44201,44,201,0,Rubielos de Mora,Teruel
44203,44,203,1,Salcedillo,Teruel
44204,44,204,6,Saldón,Teruel
44205,44,205,9,Samper de Calanda,Teruel
44206,44,206,2,San Agustín,Teruel
44207,44,207,8,San Martín del Río,Teruel
44208,44,208,4,Santa Cruz de Nogueras,Teruel
44209,44,209,7,Santa Eulalia,Teruel
44210,44,210,1,Sarrión,Teruel
44211,44,211,8,Segura de los Baños,Teruel
44212,44,212,3,Seno,Teruel
44213,44,213,9,Singra,Teruel
44215,44,215,7,Terriente,Teruel
44216,44,216,0,Teruel,Teruel
44217,44,217,6,Toril y Masegoso,Teruel
44218,44,218,2,Tormón,Teruel
44219,44,219,5,Tornos,Teruel
44220,44,220,9,Torralba de los Sisones,Teruel
44223,44,223,7,Torre de Arcas,Teruel
44224,44,224,2,Torre de las Arcas,Teruel
44225,44,225,5,Torre del Compte,Teruel
44227,44,227,4,Torre los Negros,Teruel
44221,44,221,6,Torrecilla de Alcañiz,Teruel
44222,44,222,1,Torrecilla del Rebollar,Teruel
44226,44,226,8,Torrelacárcel,Teruel
44228,44,228,0,Torremocha de Jiloca,Teruel
44229,44,229,3,Torres de Albarracín,Teruel
44230,44,230,7,Torrevelilla,Teruel
44231,44,231,4,Torrijas,Teruel
44232,44,232,9,Torrijo del Campo,Teruel
44234,44,234,0,Tramacastiel,Teruel
44235,44,235,3,Tramacastilla,Teruel
44236,44,236,6,Tronchón,Teruel
44237,44,237,2,Urrea de Gaén,Teruel
44238,44,238,8,Utrillas,Teruel
44239,44,239,1,Valacloche,Teruel
44240,44,240,5,Valbona,Teruel
44241,44,241,2,Valdealgorfa,Teruel
44243,44,243,3,Valdecuenca,Teruel
44244,44,244,8,Valdelinares,Teruel
44245,44,245,1,Valdeltormo,Teruel
44246,44,246,4,Valderrobres,Teruel
44247,44,247,0,Valjunquera,Teruel
44249,44,249,9,"Vallecillo, El",Teruel
44250,44,250,2,Veguillas de la Sierra,Teruel
44251,44,251,9,Villafranca del Campo,Teruel
44252,44,252,4,Villahermosa del Campo,Teruel
44256,44,256,1,Villanueva del Rebollar de la Sierra,Teruel
44257,44,257,7,Villar del Cobo,Teruel
44258,44,258,3,Villar del Salz,Teruel
44260,44,260,0,Villarluengo,Teruel
44261,44,261,7,Villarquemado,Teruel
44262,44,262,2,Villarroya de los Pinares,Teruel
44263,44,263,8,Villastar,Teruel
44264,44,264,3,Villel,Teruel
44265,44,265,6,Vinaceite,Teruel
44266,44,266,9,Visiedo,Teruel
44267,44,267,5,Vivel del Río Martín,Teruel
44268,44,268,1,"Zoma, La",Teruel
45001,45,001,5,Ajofrín,Toledo
45002,45,002,0,Alameda de la Sagra,Toledo
45003,45,003,6,Albarreal de Tajo,Toledo
45004,45,004,1,Alcabón,Toledo
45005,45,005,4,Alcañizo,Toledo
45006,45,006,7,Alcaudete de la Jara,Toledo
45007,45,007,3,Alcolea de Tajo,Toledo
45008,45,008,9,Aldea en Cabo,Toledo
45009,45,009,2,Aldeanueva de Barbarroya,Toledo
45010,45,010,6,Aldeanueva de San Bartolomé,Toledo
45011,45,011,3,Almendral de la Cañada,Toledo
45012,45,012,8,Almonacid de Toledo,Toledo
45013,45,013,4,Almorox,Toledo
45014,45,014,9,Añover de Tajo,Toledo
45015,45,015,2,Arcicóllar,Toledo
45016,45,016,5,Argés,Toledo
45017,45,017,1,Azután,Toledo
45018,45,018,7,Barcience,Toledo
45019,45,019,0,Bargas,Toledo
45020,45,020,4,Belvís de la Jara,Toledo
45021,45,021,1,Borox,Toledo
45022,45,022,6,Buenaventura,Toledo
45023,45,023,2,Burguillos de Toledo,Toledo
45024,45,024,7,Burujón,Toledo
45025,45,025,0,Cabañas de la Sagra,Toledo
45026,45,026,3,Cabañas de Yepes,Toledo
45027,45,027,9,Cabezamesada,Toledo
45028,45,028,5,Calera y Chozas,Toledo
45029,45,029,8,Caleruela,Toledo
45030,45,030,2,Calzada de Oropesa,Toledo
45031,45,031,9,Camarena,Toledo
45032,45,032,4,Camarenilla,Toledo
45033,45,033,0,"Campillo de la Jara, El",Toledo
45034,45,034,5,Camuñas,Toledo
45035,45,035,8,Cardiel de los Montes,Toledo
45036,45,036,1,Carmena,Toledo
45037,45,037,7,"Carpio de Tajo, El",Toledo
45038,45,038,3,Carranque,Toledo
45039,45,039,6,Carriches,Toledo
45040,45,040,0,"Casar de Escalona, El",Toledo
45041,45,041,7,Casarrubios del Monte,Toledo
45042,45,042,2,Casasbuenas,Toledo
45043,45,043,8,Castillo de Bayuela,Toledo
45045,45,045,6,Cazalegas,Toledo
45046,45,046,9,Cebolla,Toledo
45047,45,047,5,Cedillo del Condado,Toledo
45048,45,048,1,"Cerralbos, Los",Toledo
45049,45,049,4,Cervera de los Montes,Toledo
45056,45,056,6,Chozas de Canales,Toledo
45057,45,057,2,Chueca,Toledo
45050,45,050,7,Ciruelos,Toledo
45051,45,051,4,Cobeja,Toledo
45052,45,052,9,Cobisa,Toledo
45053,45,053,5,Consuegra,Toledo
45054,45,054,0,Corral de Almaguer,Toledo
45055,45,055,3,Cuerva,Toledo
45058,45,058,8,Domingo Pérez,Toledo
45059,45,059,1,Dosbarrios,Toledo
45060,45,060,5,Erustes,Toledo
45061,45,061,2,Escalona,Toledo
45062,45,062,7,Escalonilla,Toledo
45063,45,063,3,Espinoso del Rey,Toledo
45064,45,064,8,Esquivias,Toledo
45065,45,065,1,"Estrella, La",Toledo
45066,45,066,4,Fuensalida,Toledo
45067,45,067,0,Gálvez,Toledo
45068,45,068,6,Garciotum,Toledo
45069,45,069,9,Gerindote,Toledo
45070,45,070,3,Guadamur,Toledo
45071,45,071,0,"Guardia, La",Toledo
45072,45,072,5,"Herencias, Las",Toledo
45073,45,073,1,Herreruela de Oropesa,Toledo
45074,45,074,6,Hinojosa de San Vicente,Toledo
45075,45,075,9,Hontanar,Toledo
45076,45,076,2,Hormigos,Toledo
45077,45,077,8,Huecas,Toledo
45078,45,078,4,Huerta de Valdecarábanos,Toledo
45079,45,079,7,"Iglesuela del Tiétar, La",Toledo
45080,45,080,1,Illán de Vacas,Toledo
45081,45,081,8,Illescas,Toledo
45082,45,082,3,Lagartera,Toledo
45083,45,083,9,Layos,Toledo
45084,45,084,4,Lillo,Toledo
45085,45,085,7,Lominchar,Toledo
45086,45,086,0,Lucillos,Toledo
45087,45,087,6,Madridejos,Toledo
45088,45,088,2,Magán,Toledo
45089,45,089,5,Malpica de Tajo,Toledo
45090,45,090,9,Manzaneque,Toledo
45091,45,091,6,Maqueda,Toledo
45092,45,092,1,Marjaliza,Toledo
45093,45,093,7,Marrupe,Toledo
45094,45,094,2,Mascaraque,Toledo
45095,45,095,5,"Mata, La",Toledo
45096,45,096,8,Mazarambroz,Toledo
45097,45,097,4,Mejorada,Toledo
45098,45,098,0,Menasalbas,Toledo
45099,45,099,3,Méntrida,Toledo
45100,45,100,7,Mesegar de Tajo,Toledo
45101,45,101,4,Miguel Esteban,Toledo
45102,45,102,9,Mocejón,Toledo
45103,45,103,5,Mohedas de la Jara,Toledo
45104,45,104,0,Montearagón,Toledo
45105,45,105,3,Montesclaros,Toledo
45106,45,106,6,Mora,Toledo
45107,45,107,2,Nambroca,Toledo
45108,45,108,8,"Nava de Ricomalillo, La",Toledo
45109,45,109,1,Navahermosa,Toledo
45110,45,110,5,Navalcán,Toledo
45111,45,111,2,Navalmoralejo,Toledo
45112,45,112,7,"Navalmorales, Los",Toledo
45113,45,113,3,"Navalucillos, Los",Toledo
45114,45,114,8,Navamorcuende,Toledo
45115,45,115,1,Noblejas,Toledo
45116,45,116,4,Noez,Toledo
45117,45,117,0,Nombela,Toledo
45118,45,118,6,Novés,Toledo
45119,45,119,9,Numancia de la Sagra,Toledo
45120,45,120,3,Nuño Gómez,Toledo
45121,45,121,0,Ocaña,Toledo
45122,45,122,5,Olías del Rey,Toledo
45123,45,123,1,Ontígola,Toledo
45124,45,124,6,Orgaz,Toledo
45125,45,125,9,Oropesa,Toledo
45126,45,126,2,Otero,Toledo
45127,45,127,8,Palomeque,Toledo
45128,45,128,4,Pantoja,Toledo
45129,45,129,7,Paredes de Escalona,Toledo
45130,45,130,1,Parrillas,Toledo
45131,45,131,8,Pelahustán,Toledo
45132,45,132,3,Pepino,Toledo
45133,45,133,9,Polán,Toledo
45134,45,134,4,Portillo de Toledo,Toledo
45135,45,135,7,"Puebla de Almoradiel, La",Toledo
45136,45,136,0,"Puebla de Montalbán, La",Toledo
45137,45,137,6,"Pueblanueva, La",Toledo
45138,45,138,2,"Puente del Arzobispo, El",Toledo
45139,45,139,5,Puerto de San Vicente,Toledo
45140,45,140,9,Pulgar,Toledo
45141,45,141,6,Quero,Toledo
45142,45,142,1,Quintanar de la Orden,Toledo
45143,45,143,7,Quismondo,Toledo
45144,45,144,2,"Real de San Vicente, El",Toledo
45145,45,145,5,Recas,Toledo
45146,45,146,8,Retamoso de la Jara,Toledo
45147,45,147,4,Rielves,Toledo
45148,45,148,0,Robledo del Mazo,Toledo
45149,45,149,3,"Romeral, El",Toledo
45150,45,150,6,San Bartolomé de las Abiertas,Toledo
45151,45,151,3,San Martín de Montalbán,Toledo
45152,45,152,8,San Martín de Pusa,Toledo
45153,45,153,4,San Pablo de los Montes,Toledo
45154,45,154,9,San Román de los Montes,Toledo
45155,45,155,2,Santa Ana de Pusa,Toledo
45156,45,156,5,Santa Cruz de la Zarza,Toledo
45157,45,157,1,Santa Cruz del Retamar,Toledo
45158,45,158,7,Santa Olalla,Toledo
45901,45,901,6,Santo Domingo-Caudilla,Toledo
45159,45,159,0,Sartajada,Toledo
45160,45,160,4,Segurilla,Toledo
45161,45,161,1,Seseña,Toledo
45162,45,162,6,Sevilleja de la Jara,Toledo
45163,45,163,2,Sonseca,Toledo
45164,45,164,7,Sotillo de las Palomas,Toledo
45165,45,165,0,Talavera de la Reina,Toledo
45166,45,166,3,Tembleque,Toledo
45167,45,167,9,"Toboso, El",Toledo
45168,45,168,5,Toledo,Toledo
45169,45,169,8,Torralba de Oropesa,Toledo
45171,45,171,9,"Torre de Esteban Hambrán, La",Toledo
45170,45,170,2,Torrecilla de la Jara,Toledo
45172,45,172,4,Torrico,Toledo
45173,45,173,0,Torrijos,Toledo
45174,45,174,5,Totanés,Toledo
45175,45,175,8,Turleque,Toledo
45176,45,176,1,Ugena,Toledo
45177,45,177,7,Urda,Toledo
45179,45,179,6,Valdeverdeja,Toledo
45180,45,180,0,Valmojado,Toledo
45181,45,181,7,Velada,Toledo
45182,45,182,2,"Ventas con Peña Aguilera, Las",Toledo
45183,45,183,8,"Ventas de Retamosa, Las",Toledo
45184,45,184,3,"Ventas de San Julián, Las",Toledo
45186,45,186,9,"Villa de Don Fadrique, La",Toledo
45185,45,185,6,Villacañas,Toledo
45187,45,187,5,Villafranca de los Caballeros,Toledo
45188,45,188,1,Villaluenga de la Sagra,Toledo
45189,45,189,4,Villamiel de Toledo,Toledo
45190,45,190,8,Villaminaya,Toledo
45191,45,191,5,Villamuelas,Toledo
45192,45,192,0,Villanueva de Alcardete,Toledo
45193,45,193,6,Villanueva de Bogas,Toledo
45194,45,194,1,Villarejo de Montalbán,Toledo
45195,45,195,4,Villarrubia de Santiago,Toledo
45196,45,196,7,Villaseca de la Sagra,Toledo
45197,45,197,3,Villasequilla,Toledo
45198,45,198,9,Villatobas,Toledo
45199,45,199,2,"Viso de San Juan, El",Toledo
45200,45,200,6,"Yébenes, Los",Toledo
45201,45,201,3,Yeles,Toledo
45202,45,202,8,Yepes,Toledo
45203,45,203,4,Yuncler,Toledo
45204,45,204,9,Yunclillos,Toledo
45205,45,205,2,Yuncos,Toledo
46001,46,001,8,Ademuz,Valencia
46002,46,002,3,Ador,Valencia
46004,46,004,4,Agullent,Valencia
46042,46,042,5,Aielo de Malferit,Valencia
46043,46,043,1,Aielo de Rugat,Valencia
46005,46,005,7,Alaquàs,Valencia
46006,46,006,0,Albaida,Valencia
46007,46,007,6,Albal,Valencia
46008,46,008,2,Albalat de la Ribera,Valencia
46009,46,009,5,Albalat dels Sorells,Valencia
46010,46,010,9,Albalat dels Tarongers,Valencia
46011,46,011,6,Alberic,Valencia
46012,46,012,1,Alborache,Valencia
46013,46,013,7,Alboraia/Alboraya,Valencia
46014,46,014,2,Albuixech,Valencia
46016,46,016,8,Alcàntera de Xúquer,Valencia
46015,46,015,5,Alcàsser,Valencia
46018,46,018,0,Alcublas,Valencia
46020,46,020,7,"Alcúdia de Crespins, l'",Valencia
46019,46,019,3,"Alcúdia, l'",Valencia
46021,46,021,4,Aldaia,Valencia
46022,46,022,9,Alfafar,Valencia
46024,46,024,0,Alfara de la Baronia,Valencia
46025,46,025,3,Alfara del Patriarca,Valencia
46026,46,026,6,Alfarb,Valencia
46027,46,027,2,Alfarrasí,Valencia
46023,46,023,5,Alfauir,Valencia
46028,46,028,8,Algar de Palància,Valencia
46029,46,029,1,Algemesí,Valencia
46030,46,030,5,Algímia d'Alfara,Valencia
46031,46,031,2,Alginet,Valencia
46032,46,032,7,Almàssera,Valencia
46033,46,033,3,Almiserà,Valencia
46034,46,034,8,Almoines,Valencia
46035,46,035,1,Almussafes,Valencia
46036,46,036,4,Alpuente,Valencia
46037,46,037,0,"Alqueria de la Comtessa, l'",Valencia
46017,46,017,4,Alzira,Valencia
46038,46,038,6,Andilla,Valencia
46039,46,039,9,Anna,Valencia
46040,46,040,3,Antella,Valencia
46041,46,041,0,Aras de los Olmos,Valencia
46003,46,003,9,Atzeneta d'Albaida,Valencia
46044,46,044,6,Ayora,Valencia
46046,46,046,2,Barx,Valencia
46045,46,045,9,Barxeta,Valencia
46047,46,047,8,Bèlgida,Valencia
46048,46,048,4,Bellreguard,Valencia
46049,46,049,7,Bellús,Valencia
46050,46,050,0,Benagéber,Valencia
46051,46,051,7,Benaguasil,Valencia
46052,46,052,2,Benavites,Valencia
46053,46,053,8,Beneixida,Valencia
46054,46,054,3,Benetússer,Valencia
46055,46,055,6,Beniarjó,Valencia
46056,46,056,9,Beniatjar,Valencia
46057,46,057,5,Benicolet,Valencia
46904,46,904,5,Benicull de Xúquer,Valencia
46060,46,060,8,Benifaió,Valencia
46059,46,059,4,Benifairó de la Valldigna,Valencia
46058,46,058,1,Benifairó de les Valls,Valencia
46061,46,061,5,Beniflá,Valencia
46062,46,062,0,Benigànim,Valencia
46063,46,063,6,Benimodo,Valencia
46064,46,064,1,Benimuslem,Valencia
46065,46,065,4,Beniparrell,Valencia
46066,46,066,7,Benirredrà,Valencia
46067,46,067,3,Benissanó,Valencia
46068,46,068,9,Benissoda,Valencia
46069,46,069,2,Benissuera,Valencia
46070,46,070,6,Bétera,Valencia
46071,46,071,3,Bicorp,Valencia
46072,46,072,8,Bocairent,Valencia
46073,46,073,4,Bolbaite,Valencia
46074,46,074,9,Bonrepòs i Mirambell,Valencia
46075,46,075,2,Bufali,Valencia
46076,46,076,5,Bugarra,Valencia
46077,46,077,1,Buñol,Valencia
46078,46,078,7,Burjassot,Valencia
46079,46,079,0,Calles,Valencia
46080,46,080,4,Camporrobles,Valencia
46081,46,081,1,Canals,Valencia
46082,46,082,6,Canet d'En Berenguer,Valencia
46083,46,083,2,Carcaixent,Valencia
46084,46,084,7,Càrcer,Valencia
46085,46,085,0,Carlet,Valencia
46086,46,086,3,Carrícola,Valencia
46087,46,087,9,Casas Altas,Valencia
46088,46,088,5,Casas Bajas,Valencia
46089,46,089,8,Casinos,Valencia
46257,46,257,3,Castelló,Valencia
46090,46,090,2,Castelló de Rugat,Valencia
46091,46,091,9,Castellonet de la Conquesta,Valencia
46092,46,092,4,Castielfabib,Valencia
46093,46,093,0,Catadau,Valencia
46094,46,094,5,Catarroja,Valencia
46095,46,095,8,Caudete de las Fuentes,Valencia
46096,46,096,1,Cerdà,Valencia
46107,46,107,5,Chella,Valencia
46106,46,106,9,Chelva,Valencia
46108,46,108,1,Chera,Valencia
46109,46,109,4,Cheste,Valencia
46111,46,111,5,Chiva,Valencia
46112,46,112,0,Chulilla,Valencia
46097,46,097,7,Cofrentes,Valencia
46098,46,098,3,Corbera,Valencia
46099,46,099,6,Cortes de Pallás,Valencia
46100,46,100,0,Cotes,Valencia
46105,46,105,6,Cullera,Valencia
46113,46,113,6,Daimús,Valencia
46114,46,114,1,Domeño,Valencia
46115,46,115,4,Dos Aguas,Valencia
46116,46,116,7,"Eliana, l'",Valencia
46117,46,117,3,Emperador,Valencia
46118,46,118,9,Enguera,Valencia
46119,46,119,2,"Énova, l'",Valencia
46120,46,120,6,Estivella,Valencia
46121,46,121,3,Estubeny,Valencia
46122,46,122,8,Faura,Valencia
46123,46,123,4,Favara,Valencia
46126,46,126,5,Foios,Valencia
46128,46,128,7,"Font de la Figuera, la",Valencia
46127,46,127,1,"Font d'en Carròs, la",Valencia
46124,46,124,9,Fontanars dels Alforins,Valencia
46125,46,125,2,Fortaleny,Valencia
46129,46,129,0,Fuenterrobles,Valencia
46131,46,131,1,Gandia,Valencia
46902,46,902,4,Gátova,Valencia
46130,46,130,4,Gavarda,Valencia
46132,46,132,6,"Genovés, el",Valencia
46133,46,133,2,Gestalgar,Valencia
46134,46,134,7,Gilet,Valencia
46135,46,135,0,Godella,Valencia
46136,46,136,3,Godelleta,Valencia
46137,46,137,9,"Granja de la Costera, la",Valencia
46138,46,138,5,Guadasséquies,Valencia
46139,46,139,8,Guadassuar,Valencia
46140,46,140,2,Guardamar de la Safor,Valencia
46141,46,141,9,Higueruelas,Valencia
46142,46,142,4,Jalance,Valencia
46144,46,144,5,Jarafuel,Valencia
46154,46,154,2,Llanera de Ranes,Valencia
46155,46,155,5,Llaurí,Valencia
46147,46,147,7,Llíria,Valencia
46152,46,152,1,Llocnou de la Corona,Valencia
46153,46,153,7,Llocnou de Sant Jeroni,Valencia
46151,46,151,6,Llocnou d'En Fenollet,Valencia
46156,46,156,8,Llombai,Valencia
46157,46,157,4,"Llosa de Ranes, la",Valencia
46150,46,150,9,Llutxent,Valencia
46148,46,148,3,Loriguilla,Valencia
46149,46,149,6,Losa del Obispo,Valencia
46158,46,158,0,Macastre,Valencia
46159,46,159,3,Manises,Valencia
46160,46,160,7,Manuel,Valencia
46161,46,161,4,Marines,Valencia
46162,46,162,9,Massalavés,Valencia
46163,46,163,5,Massalfassar,Valencia
46164,46,164,0,Massamagrell,Valencia
46165,46,165,3,Massanassa,Valencia
46166,46,166,6,Meliana,Valencia
46167,46,167,2,Millares,Valencia
46168,46,168,8,Miramar,Valencia
46169,46,169,1,Mislata,Valencia
46170,46,170,5,Moixent/Mogente,Valencia
46171,46,171,2,Montcada/Moncada,Valencia
46173,46,173,3,Montaverner,Valencia
46174,46,174,8,Montesa,Valencia
46175,46,175,1,Montitxelvo/Montichelvo,Valencia
46176,46,176,4,Montroi/Montroy,Valencia
46172,46,172,7,Montserrat,Valencia
46177,46,177,0,Museros,Valencia
46178,46,178,6,Nàquera/Náquera,Valencia
46179,46,179,9,Navarrés,Valencia
46180,46,180,3,Novetlè,Valencia
46181,46,181,0,Oliva,Valencia
46183,46,183,1,"Olleria, l'",Valencia
46182,46,182,5,Olocau,Valencia
46184,46,184,6,Ontinyent,Valencia
46185,46,185,9,Otos,Valencia
46186,46,186,2,Paiporta,Valencia
46187,46,187,8,Palma de Gandía,Valencia
46188,46,188,4,Palmera,Valencia
46189,46,189,7,"Palomar, el",Valencia
46190,46,190,1,Paterna,Valencia
46191,46,191,8,Pedralba,Valencia
46192,46,192,3,Petrés,Valencia
46193,46,193,9,Picanya,Valencia
46194,46,194,4,Picassent,Valencia
46195,46,195,7,Piles,Valencia
46196,46,196,0,Pinet,Valencia
46199,46,199,5,"Pobla de Farnals, la",Valencia
46202,46,202,1,"Pobla de Vallbona, la",Valencia
46200,46,200,9,"Pobla del Duc, la",Valencia
46203,46,203,7,"Pobla Llarga, la",Valencia
46197,46,197,6,Polinyà de Xúquer,Valencia
46198,46,198,2,Potries,Valencia
46205,46,205,5,Puçol,Valencia
46201,46,201,6,Puebla de San Miguel,Valencia
46204,46,204,2,"Puig de Santa Maria, el",Valencia
46101,46,101,7,Quart de les Valls,Valencia
46102,46,102,2,Quart de Poblet,Valencia
46103,46,103,8,Quartell,Valencia
46104,46,104,3,Quatretonda,Valencia
46206,46,206,8,Quesa,Valencia
46207,46,207,4,Rafelbunyol,Valencia
46208,46,208,0,Rafelcofer,Valencia
46209,46,209,3,Rafelguaraf,Valencia
46210,46,210,7,Ráfol de Salem,Valencia
46212,46,212,9,Real,Valencia
46211,46,211,4,"Real de Gandia, el",Valencia
46213,46,213,5,Requena,Valencia
46214,46,214,0,Riba-roja de Túria,Valencia
46215,46,215,3,Riola,Valencia
46216,46,216,6,Rocafort,Valencia
46217,46,217,2,Rotglà i Corberà,Valencia
46218,46,218,8,Ròtova,Valencia
46219,46,219,1,Rugat,Valencia
46220,46,220,5,Sagunt/Sagunto,Valencia
46221,46,221,2,Salem,Valencia
46903,46,903,0,San Antonio de Benagéber,Valencia
46222,46,222,7,Sant Joanet,Valencia
46223,46,223,3,Sedaví,Valencia
46224,46,224,8,Segart,Valencia
46225,46,225,1,Sellent,Valencia
46226,46,226,4,Sempere,Valencia
46227,46,227,0,Senyera,Valencia
46228,46,228,6,Serra,Valencia
46229,46,229,9,Siete Aguas,Valencia
46230,46,230,3,Silla,Valencia
46231,46,231,0,Simat de la Valldigna,Valencia
46232,46,232,5,Sinarcas,Valencia
46233,46,233,1,Sollana,Valencia
46234,46,234,6,Sot de Chera,Valencia
46235,46,235,9,Sueca,Valencia
46236,46,236,2,Sumacàrcer,Valencia
46237,46,237,8,Tavernes Blanques,Valencia
46238,46,238,4,Tavernes de la Valldigna,Valencia
46239,46,239,7,Teresa de Cofrentes,Valencia
46240,46,240,1,Terrateig,Valencia
46241,46,241,8,Titaguas,Valencia
46242,46,242,3,Torrebaja,Valencia
46243,46,243,9,Torrella,Valencia
46244,46,244,4,Torrent,Valencia
46245,46,245,7,Torres Torres,Valencia
46246,46,246,0,Tous,Valencia
46247,46,247,6,Tuéjar,Valencia
46248,46,248,2,Turís,Valencia
46249,46,249,5,Utiel,Valencia
46250,46,250,8,València,Valencia
46251,46,251,5,Vallada,Valencia
46252,46,252,0,Vallanca,Valencia
46253,46,253,6,Vallés,Valencia
46254,46,254,1,Venta del Moro,Valencia
46255,46,255,4,Vilallonga/Villalonga,Valencia
46256,46,256,7,Vilamarxant,Valencia
46258,46,258,9,Villar del Arzobispo,Valencia
46259,46,259,2,Villargordo del Cabriel,Valencia
46260,46,260,6,Vinalesa,Valencia
46145,46,145,8,Xàtiva,Valencia
46143,46,143,0,Xeraco,Valencia
46146,46,146,1,Xeresa,Valencia
46110,46,110,8,Xirivella,Valencia
46261,46,261,3,Yátova,Valencia
46262,46,262,8,"Yesa, La",Valencia
46263,46,263,4,Zarra,Valencia
47001,47,001,4,Adalia,Valladolid
47002,47,002,9,Aguasal,Valladolid
47003,47,003,5,Aguilar de Campos,Valladolid
47004,47,004,0,Alaejos,Valladolid
47005,47,005,3,Alcazarén,Valladolid
47006,47,006,6,Aldea de San Miguel,Valladolid
47007,47,007,2,Aldeamayor de San Martín,Valladolid
47008,47,008,8,Almenara de Adaja,Valladolid
47009,47,009,1,Amusquillo,Valladolid
47010,47,010,5,Arroyo de la Encomienda,Valladolid
47011,47,011,2,Ataquines,Valladolid
47012,47,012,7,Bahabón,Valladolid
47013,47,013,3,Barcial de la Loma,Valladolid
47014,47,014,8,Barruelo del Valle,Valladolid
47015,47,015,1,Becilla de Valderaduey,Valladolid
47016,47,016,4,Benafarces,Valladolid
47017,47,017,0,Bercero,Valladolid
47018,47,018,6,Berceruelo,Valladolid
47019,47,019,9,Berrueces,Valladolid
47020,47,020,3,Bobadilla del Campo,Valladolid
47021,47,021,0,Bocigas,Valladolid
47022,47,022,5,Bocos de Duero,Valladolid
47023,47,023,1,Boecillo,Valladolid
47024,47,024,6,Bolaños de Campos,Valladolid
47025,47,025,9,Brahojos de Medina,Valladolid
47026,47,026,2,Bustillo de Chaves,Valladolid
47027,47,027,8,Cabezón de Pisuerga,Valladolid
47028,47,028,4,Cabezón de Valderaduey,Valladolid
47029,47,029,7,Cabreros del Monte,Valladolid
47030,47,030,1,Campaspero,Valladolid
47031,47,031,8,"Campillo, El",Valladolid
47032,47,032,3,Camporredondo,Valladolid
47033,47,033,9,Canalejas de Peñafiel,Valladolid
47034,47,034,4,Canillas de Esgueva,Valladolid
47035,47,035,7,Carpio,Valladolid
47036,47,036,0,Casasola de Arión,Valladolid
47037,47,037,6,Castrejón de Trabancos,Valladolid
47038,47,038,2,Castrillo de Duero,Valladolid
47039,47,039,5,Castrillo-Tejeriego,Valladolid
47040,47,040,9,Castrobol,Valladolid
47041,47,041,6,Castrodeza,Valladolid
47042,47,042,1,Castromembibre,Valladolid
47043,47,043,7,Castromonte,Valladolid
47044,47,044,2,Castronuevo de Esgueva,Valladolid
47045,47,045,5,Castronuño,Valladolid
47046,47,046,8,Castroponce,Valladolid
47047,47,047,4,Castroverde de Cerrato,Valladolid
47048,47,048,0,Ceinos de Campos,Valladolid
47049,47,049,3,Cervillego de la Cruz,Valladolid
47050,47,050,6,Cigales,Valladolid
47051,47,051,3,Ciguñuela,Valladolid
47052,47,052,8,Cistérniga,Valladolid
47053,47,053,4,Cogeces de Íscar,Valladolid
47054,47,054,9,Cogeces del Monte,Valladolid
47055,47,055,2,Corcos,Valladolid
47056,47,056,5,Corrales de Duero,Valladolid
47057,47,057,1,Cubillas de Santa Marta,Valladolid
47058,47,058,7,Cuenca de Campos,Valladolid
47059,47,059,0,Curiel de Duero,Valladolid
47060,47,060,4,Encinas de Esgueva,Valladolid
47061,47,061,1,Esguevillas de Esgueva,Valladolid
47062,47,062,6,Fombellida,Valladolid
47063,47,063,2,Fompedraza,Valladolid
47064,47,064,7,Fontihoyuelo,Valladolid
47065,47,065,0,Fresno el Viejo,Valladolid
47066,47,066,3,Fuensaldaña,Valladolid
47067,47,067,9,Fuente el Sol,Valladolid
47068,47,068,5,Fuente-Olmedo,Valladolid
47069,47,069,8,Gallegos de Hornija,Valladolid
47070,47,070,2,Gatón de Campos,Valladolid
47071,47,071,9,Geria,Valladolid
47073,47,073,0,Herrín de Campos,Valladolid
47074,47,074,5,Hornillos de Eresma,Valladolid
47075,47,075,8,Íscar,Valladolid
47076,47,076,1,Laguna de Duero,Valladolid
47077,47,077,7,Langayo,Valladolid
47079,47,079,6,Llano de Olmedo,Valladolid
47078,47,078,3,Lomoviejo,Valladolid
47080,47,080,0,Manzanillo,Valladolid
47081,47,081,7,Marzales,Valladolid
47082,47,082,2,Matapozuelos,Valladolid
47083,47,083,8,Matilla de los Caños,Valladolid
47084,47,084,3,Mayorga,Valladolid
47086,47,086,9,Medina de Rioseco,Valladolid
47085,47,085,6,Medina del Campo,Valladolid
47087,47,087,5,Megeces,Valladolid
47088,47,088,1,Melgar de Abajo,Valladolid
47089,47,089,4,Melgar de Arriba,Valladolid
47090,47,090,8,Mojados,Valladolid
47091,47,091,5,Monasterio de Vega,Valladolid
47092,47,092,0,Montealegre de Campos,Valladolid
47093,47,093,6,Montemayor de Pililla,Valladolid
47094,47,094,1,Moral de la Reina,Valladolid
47095,47,095,4,Moraleja de las Panaderas,Valladolid
47096,47,096,7,Morales de Campos,Valladolid
47097,47,097,3,Mota del Marqués,Valladolid
47098,47,098,9,Mucientes,Valladolid
47099,47,099,2,"Mudarra, La",Valladolid
47100,47,100,6,Muriel,Valladolid
47101,47,101,3,Nava del Rey,Valladolid
47102,47,102,8,Nueva Villa de las Torres,Valladolid
47103,47,103,4,Olivares de Duero,Valladolid
47104,47,104,9,Olmedo,Valladolid
47105,47,105,2,Olmos de Esgueva,Valladolid
47106,47,106,5,Olmos de Peñafiel,Valladolid
47109,47,109,0,Palazuelo de Vedija,Valladolid
47110,47,110,4,"Parrilla, La",Valladolid
47111,47,111,1,"Pedraja de Portillo, La",Valladolid
47112,47,112,6,Pedrajas de San Esteban,Valladolid
47113,47,113,2,Pedrosa del Rey,Valladolid
47114,47,114,7,Peñafiel,Valladolid
47115,47,115,0,Peñaflor de Hornija,Valladolid
47116,47,116,3,Pesquera de Duero,Valladolid
47117,47,117,9,Piña de Esgueva,Valladolid
47118,47,118,5,Piñel de Abajo,Valladolid
47119,47,119,8,Piñel de Arriba,Valladolid
47121,47,121,9,Pollos,Valladolid
47122,47,122,4,Portillo,Valladolid
47123,47,123,0,Pozal de Gallinas,Valladolid
47124,47,124,5,Pozaldez,Valladolid
47125,47,125,8,Pozuelo de la Orden,Valladolid
47126,47,126,1,Puras,Valladolid
47127,47,127,7,Quintanilla de Arriba,Valladolid
47129,47,129,6,Quintanilla de Onésimo,Valladolid
47130,47,130,0,Quintanilla de Trigueros,Valladolid
47128,47,128,3,Quintanilla del Molar,Valladolid
47131,47,131,7,Rábano,Valladolid
47132,47,132,2,Ramiro,Valladolid
47133,47,133,8,Renedo de Esgueva,Valladolid
47134,47,134,3,Roales de Campos,Valladolid
47135,47,135,6,Robladillo,Valladolid
47137,47,137,5,Roturas,Valladolid
47138,47,138,1,Rubí de Bracamonte,Valladolid
47139,47,139,4,Rueda,Valladolid
47140,47,140,8,Saelices de Mayorga,Valladolid
47141,47,141,5,Salvador de Zapardiel,Valladolid
47142,47,142,0,San Cebrián de Mazote,Valladolid
47143,47,143,6,San Llorente,Valladolid
47144,47,144,1,San Martín de Valvení,Valladolid
47145,47,145,4,San Miguel del Arroyo,Valladolid
47146,47,146,7,San Miguel del Pino,Valladolid
47147,47,147,3,San Pablo de la Moraleja,Valladolid
47148,47,148,9,San Pedro de Latarce,Valladolid
47149,47,149,2,San Pelayo,Valladolid
47150,47,150,5,San Román de Hornija,Valladolid
47151,47,151,2,San Salvador,Valladolid
47156,47,156,4,San Vicente del Palacio,Valladolid
47152,47,152,7,Santa Eufemia del Arroyo,Valladolid
47153,47,153,3,Santervás de Campos,Valladolid
47154,47,154,8,Santibáñez de Valcorba,Valladolid
47155,47,155,1,Santovenia de Pisuerga,Valladolid
47157,47,157,0,Sardón de Duero,Valladolid
47158,47,158,6,"Seca, La",Valladolid
47159,47,159,9,Serrada,Valladolid
47160,47,160,3,Siete Iglesias de Trabancos,Valladolid
47161,47,161,0,Simancas,Valladolid
47162,47,162,5,Tamariz de Campos,Valladolid
47163,47,163,1,Tiedra,Valladolid
47164,47,164,6,Tordehumos,Valladolid
47165,47,165,9,Tordesillas,Valladolid
47169,47,169,7,Torre de Esgueva,Valladolid
47170,47,170,1,Torre de Peñafiel,Valladolid
47166,47,166,2,Torrecilla de la Abadesa,Valladolid
47167,47,167,8,Torrecilla de la Orden,Valladolid
47168,47,168,4,Torrecilla de la Torre,Valladolid
47171,47,171,8,Torrelobatón,Valladolid
47172,47,172,3,Torrescárcela,Valladolid
47173,47,173,9,Traspinedo,Valladolid
47174,47,174,4,Trigueros del Valle,Valladolid
47175,47,175,7,Tudela de Duero,Valladolid
47176,47,176,0,"Unión de Campos, La",Valladolid
47177,47,177,6,Urones de Castroponce,Valladolid
47178,47,178,2,Urueña,Valladolid
47179,47,179,5,Valbuena de Duero,Valladolid
47180,47,180,9,Valdearcos de la Vega,Valladolid
47181,47,181,6,Valdenebro de los Valles,Valladolid
47182,47,182,1,Valdestillas,Valladolid
47183,47,183,7,Valdunquillo,Valladolid
47186,47,186,8,Valladolid,Valladolid
47184,47,184,2,Valoria la Buena,Valladolid
47185,47,185,5,Valverde de Campos,Valladolid
47187,47,187,4,Vega de Ruiponce,Valladolid
47188,47,188,0,Vega de Valdetronco,Valladolid
47189,47,189,3,Velascálvaro,Valladolid
47190,47,190,7,Velilla,Valladolid
47191,47,191,4,Velliza,Valladolid
47192,47,192,9,Ventosa de la Cuesta,Valladolid
47193,47,193,5,Viana de Cega,Valladolid
47195,47,195,3,Villabáñez,Valladolid
47196,47,196,6,Villabaruz de Campos,Valladolid
47197,47,197,2,Villabrágima,Valladolid
47198,47,198,8,Villacarralón,Valladolid
47199,47,199,1,Villacid de Campos,Valladolid
47200,47,200,5,Villaco,Valladolid
47203,47,203,3,Villafrades de Campos,Valladolid
47204,47,204,8,Villafranca de Duero,Valladolid
47205,47,205,1,Villafrechós,Valladolid
47206,47,206,4,Villafuerte,Valladolid
47207,47,207,0,Villagarcía de Campos,Valladolid
47208,47,208,6,Villagómez la Nueva,Valladolid
47209,47,209,9,Villalán de Campos,Valladolid
47210,47,210,3,Villalar de los Comuneros,Valladolid
47211,47,211,0,Villalba de la Loma,Valladolid
47212,47,212,5,Villalba de los Alcores,Valladolid
47213,47,213,1,Villalbarba,Valladolid
47214,47,214,6,Villalón de Campos,Valladolid
47215,47,215,9,Villamuriel de Campos,Valladolid
47216,47,216,2,Villán de Tordesillas,Valladolid
47217,47,217,8,Villanubla,Valladolid
47218,47,218,4,Villanueva de Duero,Valladolid
47219,47,219,7,Villanueva de la Condesa,Valladolid
47220,47,220,1,Villanueva de los Caballeros,Valladolid
47221,47,221,8,Villanueva de los Infantes,Valladolid
47222,47,222,3,Villanueva de San Mancio,Valladolid
47223,47,223,9,Villardefrades,Valladolid
47224,47,224,4,Villarmentero de Esgueva,Valladolid
47225,47,225,7,Villasexmir,Valladolid
47226,47,226,0,Villavaquerín,Valladolid
47227,47,227,6,Villavellid,Valladolid
47228,47,228,2,Villaverde de Medina,Valladolid
47229,47,229,5,Villavicencio de los Caballeros,Valladolid
47194,47,194,0,Viloria,Valladolid
47230,47,230,9,Wamba,Valladolid
47231,47,231,6,Zaratán,Valladolid
47232,47,232,1,"Zarza, La",Valladolid
48001,48,001,0,Abadiño,Vizcaya
48002,48,002,5,Abanto y Ciérvana-Abanto Zierbena,Vizcaya
48911,48,911,9,Ajangiz,Vizcaya
48912,48,912,4,Alonsotegi,Vizcaya
48003,48,003,1,Amorebieta-Etxano,Vizcaya
48004,48,004,6,Amoroto,Vizcaya
48005,48,005,9,Arakaldo,Vizcaya
48006,48,006,2,Arantzazu,Vizcaya
48093,48,093,2,Areatza,Vizcaya
48009,48,009,7,Arrankudiaga-Zollo,Vizcaya
48914,48,914,5,Arratzu,Vizcaya
48010,48,010,1,Arrieta,Vizcaya
48011,48,011,8,Arrigorriaga,Vizcaya
48023,48,023,7,Artea,Vizcaya
48008,48,008,4,Artzentales,Vizcaya
48091,48,091,1,Atxondo,Vizcaya
48070,48,070,8,Aulesti,Vizcaya
48012,48,012,3,Bakio,Vizcaya
48090,48,090,4,Balmaseda,Vizcaya
48013,48,013,9,Barakaldo,Vizcaya
48014,48,014,4,Barrika,Vizcaya
48015,48,015,7,Basauri,Vizcaya
48092,48,092,6,Bedia,Vizcaya
48016,48,016,0,Berango,Vizcaya
48017,48,017,6,Bermeo,Vizcaya
48018,48,018,2,Berriatua,Vizcaya
48019,48,019,5,Berriz,Vizcaya
48020,48,020,9,Bilbao,Vizcaya
48021,48,021,6,Busturia,Vizcaya
48901,48,901,1,Derio,Vizcaya
48026,48,026,8,Dima,Vizcaya
48027,48,027,4,Durango,Vizcaya
48028,48,028,0,Ea,Vizcaya
48031,48,031,4,Elantxobe,Vizcaya
48032,48,032,9,Elorrio,Vizcaya
48902,48,902,6,Erandio,Vizcaya
48033,48,033,5,Ereño,Vizcaya
48034,48,034,0,Ermua,Vizcaya
48079,48,079,2,Errigoiti,Vizcaya
48029,48,029,3,Etxebarri,Vizcaya
48030,48,030,7,Etxebarria,Vizcaya
48906,48,906,3,Forua,Vizcaya
48035,48,035,3,Fruiz,Vizcaya
48036,48,036,6,Galdakao,Vizcaya
48037,48,037,2,Galdames,Vizcaya
48038,48,038,8,Gamiz-Fika,Vizcaya
48039,48,039,1,Garai,Vizcaya
48040,48,040,5,Gatika,Vizcaya
48041,48,041,2,Gautegiz Arteaga,Vizcaya
48046,48,046,4,Gernika-Lumo,Vizcaya
48044,48,044,8,Getxo,Vizcaya
48047,48,047,0,Gizaburuaga,Vizcaya
48042,48,042,7,Gordexola,Vizcaya
48043,48,043,3,Gorliz,Vizcaya
48045,48,045,1,Güeñes,Vizcaya
48048,48,048,6,Ibarrangelu,Vizcaya
48094,48,094,7,Igorre,Vizcaya
48049,48,049,9,Ispaster,Vizcaya
48910,48,910,2,Iurreta,Vizcaya
48050,48,050,2,Izurtza,Vizcaya
48022,48,022,1,Karrantza Harana/Valle de Carranza,Vizcaya
48907,48,907,9,Kortezubi,Vizcaya
48051,48,051,9,Lanestosa,Vizcaya
48052,48,052,4,Larrabetzu,Vizcaya
48053,48,053,0,Laukiz,Vizcaya
48054,48,054,5,Leioa,Vizcaya
48057,48,057,7,Lekeitio,Vizcaya
48055,48,055,8,Lemoa,Vizcaya
48056,48,056,1,Lemoiz,Vizcaya
48081,48,081,3,Lezama,Vizcaya
48903,48,903,2,Loiu,Vizcaya
48058,48,058,3,Mallabia,Vizcaya
48059,48,059,6,Mañaria,Vizcaya
48060,48,060,0,Markina-Xemein,Vizcaya
48061,48,061,7,Maruri-Jatabe,Vizcaya
48062,48,062,2,Mendata,Vizcaya
48063,48,063,8,Mendexa,Vizcaya
48064,48,064,3,Meñaka,Vizcaya
48066,48,066,9,Morga,Vizcaya
48068,48,068,1,Mundaka,Vizcaya
48069,48,069,4,Mungia,Vizcaya
48007,48,007,8,Munitibar-Arbatzegi Gerrikaitz,Vizcaya
48908,48,908,5,Murueta,Vizcaya
48071,48,071,5,Muskiz,Vizcaya
48067,48,067,5,Muxika,Vizcaya
48909,48,909,8,Nabarniz,Vizcaya
48073,48,073,6,Ondarroa,Vizcaya
48075,48,075,4,Orozko,Vizcaya
48083,48,083,4,Ortuella,Vizcaya
48072,48,072,0,Otxandio,Vizcaya
48077,48,077,3,Plentzia,Vizcaya
48078,48,078,9,Portugalete,Vizcaya
48082,48,082,8,Santurtzi,Vizcaya
48084,48,084,9,Sestao,Vizcaya
48904,48,904,7,Sondika,Vizcaya
48085,48,085,2,Sopela,Vizcaya
48086,48,086,5,Sopuerta,Vizcaya
48076,48,076,7,Sukarrieta,Vizcaya
48087,48,087,1,Trucios-Turtzioz,Vizcaya
48088,48,088,7,Ubide,Vizcaya
48065,48,065,6,Ugao-Miraballes,Vizcaya
48089,48,089,0,Urduliz,Vizcaya
48074,48,074,1,Urduña/Orduña,Vizcaya
48916,48,916,1,Usansolo,Vizcaya
48080,48,080,6,Valle de Trápaga-Trapagaran,Vizcaya
48095,48,095,0,Zaldibar,Vizcaya
48096,48,096,3,Zalla,Vizcaya
48905,48,905,0,Zamudio,Vizcaya
48097,48,097,9,Zaratamo,Vizcaya
48024,48,024,2,Zeanuri,Vizcaya
48025,48,025,5,Zeberio,Vizcaya
48913,48,913,0,Zierbena,Vizcaya
48915,48,915,8,Ziortza-Bolibar,Vizcaya
49002,49,002,8,Abezames,Zamora
49003,49,003,4,Alcañices,Zamora
49004,49,004,9,Alcubilla de Nogales,Zamora
49005,49,005,2,Alfaraz de Sayago,Zamora
49006,49,006,5,Algodre,Zamora
49007,49,007,1,Almaraz de Duero,Zamora
49008,49,008,7,Almeida de Sayago,Zamora
49009,49,009,0,Andavías,Zamora
49010,49,010,4,Arcenillas,Zamora
49011,49,011,1,Arcos de la Polvorosa,Zamora
49012,49,012,6,Argañín,Zamora
49013,49,013,2,Argujillo,Zamora
49014,49,014,7,Arquillinos,Zamora
49015,49,015,0,Arrabalde,Zamora
49016,49,016,3,Aspariegos,Zamora
49017,49,017,9,Asturianos,Zamora
49018,49,018,5,Ayoó de Vidriales,Zamora
49019,49,019,8,Barcial del Barco,Zamora
49020,49,020,2,Belver de los Montes,Zamora
49021,49,021,9,Benavente,Zamora
49022,49,022,4,Benegiles,Zamora
49023,49,023,0,Bermillo de Sayago,Zamora
49024,49,024,5,"Bóveda de Toro, La",Zamora
49025,49,025,8,Bretó,Zamora
49026,49,026,1,Bretocino,Zamora
49027,49,027,7,Brime de Sog,Zamora
49028,49,028,3,Brime de Urz,Zamora
49029,49,029,6,Burganes de Valverde,Zamora
49030,49,030,0,Bustillo del Oro,Zamora
49031,49,031,7,Cabañas de Sayago,Zamora
49032,49,032,2,Calzadilla de Tera,Zamora
49033,49,033,8,Camarzana de Tera,Zamora
49034,49,034,3,Cañizal,Zamora
49035,49,035,6,Cañizo,Zamora
49036,49,036,9,Carbajales de Alba,Zamora
49037,49,037,5,Carbellino,Zamora
49038,49,038,1,Casaseca de Campeán,Zamora
49039,49,039,4,Casaseca de las Chanas,Zamora
49040,49,040,8,Castrillo de la Guareña,Zamora
49041,49,041,5,Castrogonzalo,Zamora
49042,49,042,0,Castronuevo,Zamora
49043,49,043,6,Castroverde de Campos,Zamora
49044,49,044,1,Cazurra,Zamora
49046,49,046,7,Cerecinos de Campos,Zamora
49047,49,047,3,Cerecinos del Carrizal,Zamora
49048,49,048,9,Cernadilla,Zamora
49050,49,050,5,Cobreros,Zamora
49052,49,052,7,Coomonte,Zamora
49053,49,053,3,Coreses,Zamora
49054,49,054,8,Corrales del Vino,Zamora
49055,49,055,1,Cotanes del Monte,Zamora
49056,49,056,4,Cubillos,Zamora
49057,49,057,0,Cubo de Benavente,Zamora
49058,49,058,6,"Cubo de Tierra del Vino, El",Zamora
49059,49,059,9,Cuelgamures,Zamora
49061,49,061,0,Entrala,Zamora
49062,49,062,5,Espadañedo,Zamora
49063,49,063,1,Faramontanos de Tábara,Zamora
49064,49,064,6,Fariza,Zamora
49065,49,065,9,Fermoselle,Zamora
49066,49,066,2,Ferreras de Abajo,Zamora
49067,49,067,8,Ferreras de Arriba,Zamora
49068,49,068,4,Ferreruela,Zamora
49069,49,069,7,Figueruela de Arriba,Zamora
49071,49,071,8,Fonfría,Zamora
49075,49,075,7,Fresno de la Polvorosa,Zamora
49076,49,076,0,Fresno de la Ribera,Zamora
49077,49,077,6,Fresno de Sayago,Zamora
49078,49,078,2,Friera de Valverde,Zamora
49079,49,079,5,Fuente Encalada,Zamora
49080,49,080,9,Fuentelapeña,Zamora
49082,49,082,1,Fuentes de Ropel,Zamora
49081,49,081,6,Fuentesaúco,Zamora
49083,49,083,7,Fuentesecas,Zamora
49084,49,084,2,Fuentespreadas,Zamora
49085,49,085,5,Galende,Zamora
49086,49,086,8,Gallegos del Pan,Zamora
49087,49,087,4,Gallegos del Río,Zamora
49088,49,088,0,Gamones,Zamora
49090,49,090,7,Gema,Zamora
49091,49,091,4,Granja de Moreruela,Zamora
49092,49,092,9,Granucillo,Zamora
49093,49,093,5,Guarrate,Zamora
49094,49,094,0,Hermisende,Zamora
49095,49,095,3,"Hiniesta, La",Zamora
49096,49,096,6,Jambrina,Zamora
49097,49,097,2,Justel,Zamora
49098,49,098,8,Losacino,Zamora
49099,49,099,1,Losacio,Zamora
49100,49,100,5,Lubián,Zamora
49101,49,101,2,Luelmo,Zamora
49102,49,102,7,"Maderal, El",Zamora
49103,49,103,3,Madridanos,Zamora
49104,49,104,8,Mahide,Zamora
49105,49,105,1,Maire de Castroponce,Zamora
49107,49,107,0,Malva,Zamora
49108,49,108,6,Manganeses de la Lampreana,Zamora
49109,49,109,9,Manganeses de la Polvorosa,Zamora
49110,49,110,3,Manzanal de Arriba,Zamora
49112,49,112,5,Manzanal de los Infantes,Zamora
49111,49,111,0,Manzanal del Barco,Zamora
49113,49,113,1,Matilla de Arzón,Zamora
49114,49,114,6,Matilla la Seca,Zamora
49115,49,115,9,Mayalde,Zamora
49116,49,116,2,Melgar de Tera,Zamora
49117,49,117,8,Micereces de Tera,Zamora
49118,49,118,4,Milles de la Polvorosa,Zamora
49119,49,119,7,Molacillos,Zamora
49120,49,120,1,Molezuelas de la Carballeda,Zamora
49121,49,121,8,Mombuey,Zamora
49122,49,122,3,Monfarracinos,Zamora
49123,49,123,9,Montamarta,Zamora
49124,49,124,4,Moral de Sayago,Zamora
49126,49,126,0,Moraleja de Sayago,Zamora
49125,49,125,7,Moraleja del Vino,Zamora
49128,49,128,2,Morales de Rey,Zamora
49129,49,129,5,Morales de Toro,Zamora
49130,49,130,9,Morales de Valverde,Zamora
49127,49,127,6,Morales del Vino,Zamora
49131,49,131,6,Moralina,Zamora
49132,49,132,1,Moreruela de los Infanzones,Zamora
49133,49,133,7,Moreruela de Tábara,Zamora
49134,49,134,2,Muelas de los Caballeros,Zamora
49135,49,135,5,Muelas del Pan,Zamora
49136,49,136,8,Muga de Sayago,Zamora
49137,49,137,4,Navianos de Valverde,Zamora
49138,49,138,0,Olmillos de Castro,Zamora
49139,49,139,3,Otero de Bodas,Zamora
49141,49,141,4,Pajares de la Lampreana,Zamora
49143,49,143,5,Palacios de Sanabria,Zamora
49142,49,142,9,Palacios del Pan,Zamora
49145,49,145,3,Pedralba de la Pradería,Zamora
49146,49,146,6,"Pego, El",Zamora
49147,49,147,2,Peleagonzalo,Zamora
49148,49,148,8,Peleas de Abajo,Zamora
49149,49,149,1,Peñausende,Zamora
49150,49,150,4,Peque,Zamora
49151,49,151,1,"Perdigón, El",Zamora
49152,49,152,6,Pereruela,Zamora
49153,49,153,2,Perilla de Castro,Zamora
49154,49,154,7,Pías,Zamora
49155,49,155,0,Piedrahita de Castro,Zamora
49156,49,156,3,Pinilla de Toro,Zamora
49157,49,157,9,Pino del Oro,Zamora
49158,49,158,5,"Piñero, El",Zamora
49160,49,160,2,Pobladura de Valderaduey,Zamora
49159,49,159,8,Pobladura del Valle,Zamora
49162,49,162,4,Porto,Zamora
49163,49,163,0,Pozoantiguo,Zamora
49164,49,164,5,Pozuelo de Tábara,Zamora
49165,49,165,8,Prado,Zamora
49166,49,166,1,Puebla de Sanabria,Zamora
49167,49,167,7,Pueblica de Valverde,Zamora
49170,49,170,0,Quintanilla de Urz,Zamora
49168,49,168,3,Quintanilla del Monte,Zamora
49169,49,169,6,Quintanilla del Olmo,Zamora
49171,49,171,7,Quiruelas de Vidriales,Zamora
49172,49,172,2,Rabanales,Zamora
49173,49,173,8,Rábano de Aliste,Zamora
49174,49,174,3,Requejo,Zamora
49175,49,175,6,Revellinos,Zamora
49176,49,176,9,Riofrío de Aliste,Zamora
49177,49,177,5,Rionegro del Puente,Zamora
49178,49,178,1,Roales,Zamora
49179,49,179,4,Robleda-Cervantes,Zamora
49180,49,180,8,Roelos de Sayago,Zamora
49181,49,181,5,Rosinos de la Requejada,Zamora
49183,49,183,6,Salce,Zamora
49184,49,184,1,Samir de los Caños,Zamora
49185,49,185,4,San Agustín del Pozo,Zamora
49186,49,186,7,San Cebrián de Castro,Zamora
49187,49,187,3,San Cristóbal de Entreviñas,Zamora
49188,49,188,9,San Esteban del Molar,Zamora
49189,49,189,2,San Justo,Zamora
49190,49,190,6,San Martín de Valderaduey,Zamora
49191,49,191,3,San Miguel de la Ribera,Zamora
49192,49,192,8,San Miguel del Valle,Zamora
49193,49,193,4,San Pedro de Ceque,Zamora
49194,49,194,9,San Pedro de la Nave-Almendra,Zamora
49208,49,208,5,San Vicente de la Cabeza,Zamora
49209,49,209,8,San Vitero,Zamora
49197,49,197,1,Santa Clara de Avedillo,Zamora
49199,49,199,0,Santa Colomba de las Monjas,Zamora
49200,49,200,4,Santa Cristina de la Polvorosa,Zamora
49201,49,201,1,Santa Croya de Tera,Zamora
49202,49,202,6,Santa Eufemia del Barco,Zamora
49203,49,203,2,Santa María de la Vega,Zamora
49204,49,204,7,Santa María de Valverde,Zamora
49205,49,205,0,Santibáñez de Tera,Zamora
49206,49,206,3,Santibáñez de Vidriales,Zamora
49207,49,207,9,Santovenia,Zamora
49210,49,210,2,Sanzoles,Zamora
49214,49,214,5,Tábara,Zamora
49216,49,216,1,Tapioles,Zamora
49219,49,219,6,Toro,Zamora
49220,49,220,0,"Torre del Valle, La",Zamora
49221,49,221,7,Torregamones,Zamora
49222,49,222,2,Torres del Carrizal,Zamora
49223,49,223,8,Trabazos,Zamora
49224,49,224,3,Trefacio,Zamora
49225,49,225,6,Uña de Quintana,Zamora
49226,49,226,9,Vadillo de la Guareña,Zamora
49227,49,227,5,Valcabado,Zamora
49228,49,228,1,Valdefinjas,Zamora
49229,49,229,4,Valdescorriel,Zamora
49230,49,230,8,Vallesa de la Guareña,Zamora
49231,49,231,5,Vega de Tera,Zamora
49232,49,232,0,Vega de Villalobos,Zamora
49233,49,233,6,Vegalatrave,Zamora
49234,49,234,1,Venialbo,Zamora
49235,49,235,4,Vezdemarbán,Zamora
49236,49,236,7,Vidayanes,Zamora
49237,49,237,3,Videmala,Zamora
49238,49,238,9,Villabrázaro,Zamora
49239,49,239,2,Villabuena del Puente,Zamora
49240,49,240,6,Villadepera,Zamora
49241,49,241,3,Villaescusa,Zamora
49242,49,242,8,Villafáfila,Zamora
49243,49,243,4,Villaferrueña,Zamora
49244,49,244,9,Villageriz,Zamora
49245,49,245,2,Villalazán,Zamora
49246,49,246,5,Villalba de la Lampreana,Zamora
49247,49,247,1,Villalcampo,Zamora
49248,49,248,7,Villalobos,Zamora
49249,49,249,0,Villalonso,Zamora
49250,49,250,3,Villalpando,Zamora
49251,49,251,0,Villalube,Zamora
49252,49,252,5,Villamayor de Campos,Zamora
49255,49,255,9,Villamor de los Escuderos,Zamora
49256,49,256,2,Villanázar,Zamora
49257,49,257,8,Villanueva de Azoague,Zamora
49258,49,258,4,Villanueva de Campeán,Zamora
49259,49,259,7,Villanueva de las Peras,Zamora
49260,49,260,1,Villanueva del Campo,Zamora
49263,49,263,9,Villar de Fallaves,Zamora
49264,49,264,4,Villar del Buey,Zamora
49261,49,261,8,Villaralbo,Zamora
49262,49,262,3,Villardeciervos,Zamora
49265,49,265,7,Villardiegua de la Ribera,Zamora
49266,49,266,0,Villárdiga,Zamora
49267,49,267,6,Villardondiego,Zamora
49268,49,268,2,Villarrín de Campos,Zamora
49269,49,269,5,Villaseco del Pan,Zamora
49270,49,270,9,Villavendimio,Zamora
49272,49,272,1,Villaveza de Valverde,Zamora
49271,49,271,6,Villaveza del Agua,Zamora
49273,49,273,7,Viñas,Zamora
49275,49,275,5,Zamora,Zamora
50001,50,001,6,Abanto,Zaragoza
50002,50,002,1,Acered,Zaragoza
50003,50,003,7,Agón,Zaragoza
50004,50,004,2,Aguarón,Zaragoza
50005,50,005,5,Aguilón,Zaragoza
50006,50,006,8,Ainzón,Zaragoza
50007,50,007,4,Aladrén,Zaragoza
50008,50,008,0,Alagón,Zaragoza
50009,50,009,3,Alarba,Zaragoza
50010,50,010,7,Alberite de San Juan,Zaragoza
50011,50,011,4,Albeta,Zaragoza
50012,50,012,9,Alborge,Zaragoza
50013,50,013,5,Alcalá de Ebro,Zaragoza
50014,50,014,0,Alcalá de Moncayo,Zaragoza
50015,50,015,3,Alconchel de Ariza,Zaragoza
50016,50,016,6,Aldehuela de Liestos,Zaragoza
50017,50,017,2,Alfajarín,Zaragoza
50018,50,018,8,Alfamén,Zaragoza
50019,50,019,1,Alforque,Zaragoza
50020,50,020,5,Alhama de Aragón,Zaragoza
50021,50,021,2,Almochuel,Zaragoza
50022,50,022,7,"Almolda, La",Zaragoza
50023,50,023,3,Almonacid de la Cuba,Zaragoza
50024,50,024,8,Almonacid de la Sierra,Zaragoza
50025,50,025,1,"Almunia de Doña Godina, La",Zaragoza
50026,50,026,4,Alpartir,Zaragoza
50027,50,027,0,Ambel,Zaragoza
50028,50,028,6,Anento,Zaragoza
50029,50,029,9,Aniñón,Zaragoza
50030,50,030,3,Añón de Moncayo,Zaragoza
50031,50,031,0,Aranda de Moncayo,Zaragoza
50032,50,032,5,Arándiga,Zaragoza
50033,50,033,1,Ardisa,Zaragoza
50034,50,034,6,Ariza,Zaragoza
50035,50,035,9,Artieda,Zaragoza
50036,50,036,2,Asín,Zaragoza
50037,50,037,8,Atea,Zaragoza
50038,50,038,4,Ateca,Zaragoza
50039,50,039,7,Azuara,Zaragoza
50040,50,040,1,Badules,Zaragoza
50041,50,041,8,Bagüés,Zaragoza
50042,50,042,3,Balconchán,Zaragoza
50043,50,043,9,Bárboles,Zaragoza
50044,50,044,4,Bardallur,Zaragoza
50045,50,045,7,Belchite,Zaragoza
50046,50,046,0,Belmonte de Gracián,Zaragoza
50047,50,047,6,Berdejo,Zaragoza
50048,50,048,2,Berrueco,Zaragoza
50901,50,901,7,Biel,Zaragoza
50050,50,050,8,Bijuesca,Zaragoza
50051,50,051,5,Biota,Zaragoza
50052,50,052,0,Bisimbre,Zaragoza
50053,50,053,6,Boquiñeni,Zaragoza
50054,50,054,1,Bordalba,Zaragoza
50055,50,055,4,Borja,Zaragoza
50056,50,056,7,Botorrita,Zaragoza
50057,50,057,3,Brea de Aragón,Zaragoza
50058,50,058,9,Bubierca,Zaragoza
50059,50,059,2,Bujaraloz,Zaragoza
50060,50,060,6,Bulbuente,Zaragoza
50061,50,061,3,Bureta,Zaragoza
50062,50,062,8,"Burgo de Ebro, El",Zaragoza
50063,50,063,4,"Buste, El",Zaragoza
50064,50,064,9,Cabañas de Ebro,Zaragoza
50065,50,065,2,Cabolafuente,Zaragoza
50066,50,066,5,Cadrete,Zaragoza
50067,50,067,1,Calatayud,Zaragoza
50068,50,068,7,Calatorao,Zaragoza
50069,50,069,0,Calcena,Zaragoza
50070,50,070,4,Calmarza,Zaragoza
50071,50,071,1,Campillo de Aragón,Zaragoza
50072,50,072,6,Carenas,Zaragoza
50073,50,073,2,Cariñena,Zaragoza
50074,50,074,7,Caspe,Zaragoza
50075,50,075,0,Castejón de Alarba,Zaragoza
50076,50,076,3,Castejón de las Armas,Zaragoza
50077,50,077,9,Castejón de Valdejasa,Zaragoza
50078,50,078,5,Castiliscar,Zaragoza
50079,50,079,8,Cervera de la Cañada,Zaragoza
50080,50,080,2,Cerveruela,Zaragoza
50081,50,081,9,Cetina,Zaragoza
50092,50,092,2,Chiprana,Zaragoza
50093,50,093,8,Chodes,Zaragoza
50082,50,082,4,Cimballa,Zaragoza
50083,50,083,0,Cinco Olivas,Zaragoza
50084,50,084,5,Clarés de Ribota,Zaragoza
50085,50,085,8,Codo,Zaragoza
50086,50,086,1,Codos,Zaragoza
50087,50,087,7,Contamina,Zaragoza
50088,50,088,3,Cosuenda,Zaragoza
50089,50,089,6,Cuarte de Huerva,Zaragoza
50090,50,090,0,Cubel,Zaragoza
50091,50,091,7,"Cuerlas, Las",Zaragoza
50094,50,094,3,Daroca,Zaragoza
50095,50,095,6,Ejea de los Caballeros,Zaragoza
50096,50,096,9,Embid de Ariza,Zaragoza
50098,50,098,1,Encinacorba,Zaragoza
50099,50,099,4,Épila,Zaragoza
50100,50,100,8,Erla,Zaragoza
50101,50,101,5,Escatrón,Zaragoza
50102,50,102,0,Fabara,Zaragoza
50104,50,104,1,Farlete,Zaragoza
50105,50,105,4,Fayón,Zaragoza
50106,50,106,7,"Fayos, Los",Zaragoza
50107,50,107,3,Figueruelas,Zaragoza
50108,50,108,9,Fombuena,Zaragoza
50109,50,109,2,"Frago, El",Zaragoza
50110,50,110,6,"Frasno, El",Zaragoza
50111,50,111,3,Fréscano,Zaragoza
50113,50,113,4,Fuendejalón,Zaragoza
50114,50,114,9,Fuendetodos,Zaragoza
50115,50,115,2,Fuentes de Ebro,Zaragoza
50116,50,116,5,Fuentes de Jiloca,Zaragoza
50117,50,117,1,Gallocanta,Zaragoza
50118,50,118,7,Gallur,Zaragoza
50119,50,119,0,Gelsa,Zaragoza
50120,50,120,4,Godojos,Zaragoza
50121,50,121,1,Gotor,Zaragoza
50122,50,122,6,Grisel,Zaragoza
50123,50,123,2,Grisén,Zaragoza
50124,50,124,7,Herrera de los Navarros,Zaragoza
50125,50,125,0,Ibdes,Zaragoza
50126,50,126,3,Illueca,Zaragoza
50128,50,128,5,Isuerre,Zaragoza
50129,50,129,8,Jaraba,Zaragoza
50130,50,130,2,Jarque de Moncayo,Zaragoza
50131,50,131,9,Jaulín,Zaragoza
50132,50,132,4,"Joyosa, La",Zaragoza
50133,50,133,0,Lagata,Zaragoza
50134,50,134,5,Langa del Castillo,Zaragoza
50135,50,135,8,Layana,Zaragoza
50136,50,136,1,Lécera,Zaragoza
50138,50,138,3,Lechón,Zaragoza
50137,50,137,7,Leciñena,Zaragoza
50139,50,139,6,Letux,Zaragoza
50140,50,140,0,Litago,Zaragoza
50141,50,141,7,Lituénigo,Zaragoza
50142,50,142,2,Lobera de Onsella,Zaragoza
50143,50,143,8,Longares,Zaragoza
50144,50,144,3,Longás,Zaragoza
50146,50,146,9,Lucena de Jalón,Zaragoza
50147,50,147,5,Luceni,Zaragoza
50148,50,148,1,Luesia,Zaragoza
50149,50,149,4,Luesma,Zaragoza
50150,50,150,7,Lumpiaque,Zaragoza
50151,50,151,4,Luna,Zaragoza
50152,50,152,9,Maella,Zaragoza
50153,50,153,5,Magallón,Zaragoza
50154,50,154,0,Mainar,Zaragoza
50155,50,155,3,Malanquilla,Zaragoza
50156,50,156,6,Maleján,Zaragoza
50160,50,160,5,Mallén,Zaragoza
50157,50,157,2,Malón,Zaragoza
50159,50,159,1,Maluenda,Zaragoza
50161,50,161,2,Manchones,Zaragoza
50162,50,162,7,Mara,Zaragoza
50163,50,163,3,María de Huerva,Zaragoza
50902,50,902,2,Marracos,Zaragoza
50164,50,164,8,Mediana de Aragón,Zaragoza
50165,50,165,1,Mequinenza,Zaragoza
50166,50,166,4,Mesones de Isuela,Zaragoza
50167,50,167,0,Mezalocha,Zaragoza
50168,50,168,6,Mianos,Zaragoza
50169,50,169,9,Miedes de Aragón,Zaragoza
50170,50,170,3,Monegrillo,Zaragoza
50171,50,171,0,Moneva,Zaragoza
50172,50,172,5,Monreal de Ariza,Zaragoza
50173,50,173,1,Monterde,Zaragoza
50174,50,174,6,Montón,Zaragoza
50175,50,175,9,Morata de Jalón,Zaragoza
50176,50,176,2,Morata de Jiloca,Zaragoza
50177,50,177,8,Morés,Zaragoza
50178,50,178,4,Moros,Zaragoza
50179,50,179,7,Moyuela,Zaragoza
50180,50,180,1,Mozota,Zaragoza
50181,50,181,8,Muel,Zaragoza
50182,50,182,3,"Muela, La",Zaragoza
50183,50,183,9,Munébrega,Zaragoza
50184,50,184,4,Murero,Zaragoza
50185,50,185,7,Murillo de Gállego,Zaragoza
50186,50,186,0,Navardún,Zaragoza
50187,50,187,6,Nigüella,Zaragoza
50188,50,188,2,Nombrevilla,Zaragoza
50189,50,189,5,Nonaspe,Zaragoza
50190,50,190,9,Novallas,Zaragoza
50191,50,191,6,Novillas,Zaragoza
50192,50,192,1,Nuévalos,Zaragoza
50193,50,193,7,Nuez de Ebro,Zaragoza
50194,50,194,2,Olvés,Zaragoza
50195,50,195,5,Orcajo,Zaragoza
50196,50,196,8,Orera,Zaragoza
50197,50,197,4,Orés,Zaragoza
50198,50,198,0,Oseja,Zaragoza
50199,50,199,3,Osera de Ebro,Zaragoza
50200,50,200,7,Paniza,Zaragoza
50201,50,201,4,Paracuellos de Jiloca,Zaragoza
50202,50,202,9,Paracuellos de la Ribera,Zaragoza
50203,50,203,5,Pastriz,Zaragoza
50204,50,204,0,Pedrola,Zaragoza
50205,50,205,3,"Pedrosas, Las",Zaragoza
50206,50,206,6,Perdiguera,Zaragoza
50207,50,207,2,Piedratajada,Zaragoza
50208,50,208,8,Pina de Ebro,Zaragoza
50209,50,209,1,Pinseque,Zaragoza
50210,50,210,5,"Pintanos, Los",Zaragoza
50211,50,211,2,Plasencia de Jalón,Zaragoza
50212,50,212,7,Pleitas,Zaragoza
50213,50,213,3,Plenas,Zaragoza
50214,50,214,8,Pomer,Zaragoza
50215,50,215,1,Pozuel de Ariza,Zaragoza
50216,50,216,4,Pozuelo de Aragón,Zaragoza
50217,50,217,0,Pradilla de Ebro,Zaragoza
50218,50,218,6,Puebla de Albortón,Zaragoza
50219,50,219,9,"Puebla de Alfindén, La",Zaragoza
50220,50,220,3,Puendeluna,Zaragoza
50221,50,221,0,Purujosa,Zaragoza
50222,50,222,5,Quinto,Zaragoza
50223,50,223,1,Remolinos,Zaragoza
50224,50,224,6,Retascón,Zaragoza
50225,50,225,9,Ricla,Zaragoza
50227,50,227,8,Romanos,Zaragoza
50228,50,228,4,Rueda de Jalón,Zaragoza
50229,50,229,7,Ruesca,Zaragoza
50241,50,241,6,Sabiñán,Zaragoza
50230,50,230,1,Sádaba,Zaragoza
50231,50,231,8,Salillas de Jalón,Zaragoza
50232,50,232,3,Salvatierra de Esca,Zaragoza
50233,50,233,9,Samper del Salz,Zaragoza
50234,50,234,4,San Martín de la Virgen de Moncayo,Zaragoza
50235,50,235,7,San Mateo de Gállego,Zaragoza
50236,50,236,0,Santa Cruz de Grío,Zaragoza
50237,50,237,6,Santa Cruz de Moncayo,Zaragoza
50238,50,238,2,Santa Eulalia de Gállego,Zaragoza
50239,50,239,5,Santed,Zaragoza
50240,50,240,9,Sástago,Zaragoza
50242,50,242,1,Sediles,Zaragoza
50243,50,243,7,Sestrica,Zaragoza
50244,50,244,2,Sierra de Luna,Zaragoza
50245,50,245,5,Sigüés,Zaragoza
50246,50,246,8,Sisamón,Zaragoza
50247,50,247,4,Sobradiel,Zaragoza
50248,50,248,0,Sos del Rey Católico,Zaragoza
50249,50,249,3,Tabuenca,Zaragoza
50250,50,250,6,Talamantes,Zaragoza
50251,50,251,3,Tarazona,Zaragoza
50252,50,252,8,Tauste,Zaragoza
50253,50,253,4,Terrer,Zaragoza
50254,50,254,9,Tierga,Zaragoza
50255,50,255,2,Tobed,Zaragoza
50256,50,256,5,Torralba de los Frailes,Zaragoza
50257,50,257,1,Torralba de Ribota,Zaragoza
50258,50,258,7,Torralbilla,Zaragoza
50259,50,259,0,Torrehermosa,Zaragoza
50260,50,260,4,Torrelapaja,Zaragoza
50261,50,261,1,Torrellas,Zaragoza
50262,50,262,6,Torres de Berrellén,Zaragoza
50263,50,263,2,Torrijo de la Cañada,Zaragoza
50264,50,264,7,Tosos,Zaragoza
50265,50,265,0,Trasmoz,Zaragoza
50266,50,266,3,Trasobares,Zaragoza
50267,50,267,9,Uncastillo,Zaragoza
50268,50,268,5,Undués de Lerda,Zaragoza
50269,50,269,8,Urrea de Jalón,Zaragoza
50270,50,270,2,Urriés,Zaragoza
50271,50,271,9,Used,Zaragoza
50272,50,272,4,Utebo,Zaragoza
50274,50,274,5,Val de San Martín,Zaragoza
50273,50,273,0,Valdehorna,Zaragoza
50275,50,275,8,Valmadrid,Zaragoza
50276,50,276,1,Valpalmas,Zaragoza
50277,50,277,7,Valtorres,Zaragoza
50278,50,278,3,Velilla de Ebro,Zaragoza
50279,50,279,6,Velilla de Jiloca,Zaragoza
50280,50,280,0,Vera de Moncayo,Zaragoza
50281,50,281,7,Vierlas,Zaragoza
50283,50,283,8,Villadoz,Zaragoza
50284,50,284,3,Villafeliche,Zaragoza
50285,50,285,6,Villafranca de Ebro,Zaragoza
50286,50,286,9,Villalba de Perejil,Zaragoza
50287,50,287,5,Villalengua,Zaragoza
50903,50,903,8,Villamayor de Gállego,Zaragoza
50288,50,288,1,Villanueva de Gállego,Zaragoza
50290,50,290,8,Villanueva de Huerva,Zaragoza
50289,50,289,4,Villanueva de Jiloca,Zaragoza
50291,50,291,5,Villar de los Navarros,Zaragoza
50292,50,292,0,Villarreal de Huerva,Zaragoza
50293,50,293,6,Villarroya de la Sierra,Zaragoza
50294,50,294,1,Villarroya del Campo,Zaragoza
50282,50,282,2,"Vilueña, La",Zaragoza
50295,50,295,4,Vistabella,Zaragoza
50296,50,296,7,"Zaida, La",Zaragoza
50297,50,297,3,Zaragoza,Zaragoza
50298,50,298,9,Zuera,Zaragoza
51001,51,001,3,Ceuta,Ceuta
52001,52,001,8,Melilla,Melilla
